stress_cell_id,condition_id,reuses_core_condition,J,k_imbalance,moderator_split,n_imbalance,beta1_true,allocation_pattern
1,71,True,20,severe,85_15,extreme,0.0,independent
2,217,False,20,severe,85_15,extreme,0.0,n_majority
3,218,False,20,severe,85_15,extreme,0.0,n_minority
4,219,False,20,severe,85_15,extreme,0.0,nk_majority
5,220,False,20,severe,85_15,extreme,0.0,nk_minority
6,72,True,20,severe,85_15,extreme,0.1,independent
7,221,False,20,severe,85_15,extreme,0.1,n_majority
8,222,False,20,severe,85_15,extreme,0.1,n_minority
9,223,False,20,severe,85_15,extreme,0.1,nk_majority
10,224,False,20,severe,85_15,extreme,0.1,nk_minority
11,143,True,40,severe,85_15,extreme,0.0,independent
12,225,False,40,severe,85_15,extreme,0.0,n_majority
13,226,False,40,severe,85_15,extreme,0.0,n_minority
14,227,False,40,severe,85_15,extreme,0.0,nk_majority
15,228,False,40,severe,85_15,extreme,0.0,nk_minority
16,144,True,40,severe,85_15,extreme,0.1,independent
17,229,False,40,severe,85_15,extreme,0.1,n_majority
18,230,False,40,severe,85_15,extreme,0.1,n_minority
19,231,False,40,severe,85_15,extreme,0.1,nk_majority
20,232,False,40,severe,85_15,extreme,0.1,nk_minority
