"condition_id","J","imbalance","split","beta1","beta0","rho","tau","omega","n_j","n_rep"
1,20,"balanced","50/50",0,0.2,0.5,0.1,0.1,100,5000
2,20,"balanced","50/50",0.1,0.2,0.5,0.1,0.1,100,5000
3,20,"balanced","50/50",0.3,0.2,0.5,0.1,0.1,100,5000
4,20,"balanced","70/30",0,0.2,0.5,0.1,0.1,100,5000
5,20,"balanced","70/30",0.1,0.2,0.5,0.1,0.1,100,5000
6,20,"balanced","70/30",0.3,0.2,0.5,0.1,0.1,100,5000
7,20,"balanced","85/15",0,0.2,0.5,0.1,0.1,100,5000
8,20,"balanced","85/15",0.1,0.2,0.5,0.1,0.1,100,5000
9,20,"balanced","85/15",0.3,0.2,0.5,0.1,0.1,100,5000
10,20,"moderate","50/50",0,0.2,0.5,0.1,0.1,100,5000
11,20,"moderate","50/50",0.1,0.2,0.5,0.1,0.1,100,5000
12,20,"moderate","50/50",0.3,0.2,0.5,0.1,0.1,100,5000
13,20,"moderate","70/30",0,0.2,0.5,0.1,0.1,100,5000
14,20,"moderate","70/30",0.1,0.2,0.5,0.1,0.1,100,5000
15,20,"moderate","70/30",0.3,0.2,0.5,0.1,0.1,100,5000
16,20,"moderate","85/15",0,0.2,0.5,0.1,0.1,100,5000
17,20,"moderate","85/15",0.1,0.2,0.5,0.1,0.1,100,5000
18,20,"moderate","85/15",0.3,0.2,0.5,0.1,0.1,100,5000
19,20,"severe","50/50",0,0.2,0.5,0.1,0.1,100,5000
20,20,"severe","50/50",0.1,0.2,0.5,0.1,0.1,100,5000
21,20,"severe","50/50",0.3,0.2,0.5,0.1,0.1,100,5000
22,20,"severe","70/30",0,0.2,0.5,0.1,0.1,100,5000
23,20,"severe","70/30",0.1,0.2,0.5,0.1,0.1,100,5000
24,20,"severe","70/30",0.3,0.2,0.5,0.1,0.1,100,5000
25,20,"severe","85/15",0,0.2,0.5,0.1,0.1,100,5000
26,20,"severe","85/15",0.1,0.2,0.5,0.1,0.1,100,5000
27,20,"severe","85/15",0.3,0.2,0.5,0.1,0.1,100,5000
28,40,"balanced","50/50",0,0.2,0.5,0.1,0.1,100,5000
29,40,"balanced","50/50",0.1,0.2,0.5,0.1,0.1,100,5000
30,40,"balanced","50/50",0.3,0.2,0.5,0.1,0.1,100,5000
31,40,"balanced","70/30",0,0.2,0.5,0.1,0.1,100,5000
32,40,"balanced","70/30",0.1,0.2,0.5,0.1,0.1,100,5000
33,40,"balanced","70/30",0.3,0.2,0.5,0.1,0.1,100,5000
34,40,"balanced","85/15",0,0.2,0.5,0.1,0.1,100,5000
35,40,"balanced","85/15",0.1,0.2,0.5,0.1,0.1,100,5000
36,40,"balanced","85/15",0.3,0.2,0.5,0.1,0.1,100,5000
37,40,"moderate","50/50",0,0.2,0.5,0.1,0.1,100,5000
38,40,"moderate","50/50",0.1,0.2,0.5,0.1,0.1,100,5000
39,40,"moderate","50/50",0.3,0.2,0.5,0.1,0.1,100,5000
40,40,"moderate","70/30",0,0.2,0.5,0.1,0.1,100,5000
41,40,"moderate","70/30",0.1,0.2,0.5,0.1,0.1,100,5000
42,40,"moderate","70/30",0.3,0.2,0.5,0.1,0.1,100,5000
43,40,"moderate","85/15",0,0.2,0.5,0.1,0.1,100,5000
44,40,"moderate","85/15",0.1,0.2,0.5,0.1,0.1,100,5000
45,40,"moderate","85/15",0.3,0.2,0.5,0.1,0.1,100,5000
46,40,"severe","50/50",0,0.2,0.5,0.1,0.1,100,5000
47,40,"severe","50/50",0.1,0.2,0.5,0.1,0.1,100,5000
48,40,"severe","50/50",0.3,0.2,0.5,0.1,0.1,100,5000
49,40,"severe","70/30",0,0.2,0.5,0.1,0.1,100,5000
50,40,"severe","70/30",0.1,0.2,0.5,0.1,0.1,100,5000
51,40,"severe","70/30",0.3,0.2,0.5,0.1,0.1,100,5000
52,40,"severe","85/15",0,0.2,0.5,0.1,0.1,100,5000
53,40,"severe","85/15",0.1,0.2,0.5,0.1,0.1,100,5000
54,40,"severe","85/15",0.3,0.2,0.5,0.1,0.1,100,5000
55,80,"balanced","50/50",0,0.2,0.5,0.1,0.1,100,5000
56,80,"balanced","50/50",0.1,0.2,0.5,0.1,0.1,100,5000
57,80,"balanced","50/50",0.3,0.2,0.5,0.1,0.1,100,5000
58,80,"balanced","70/30",0,0.2,0.5,0.1,0.1,100,5000
59,80,"balanced","70/30",0.1,0.2,0.5,0.1,0.1,100,5000
60,80,"balanced","70/30",0.3,0.2,0.5,0.1,0.1,100,5000
61,80,"balanced","85/15",0,0.2,0.5,0.1,0.1,100,5000
62,80,"balanced","85/15",0.1,0.2,0.5,0.1,0.1,100,5000
63,80,"balanced","85/15",0.3,0.2,0.5,0.1,0.1,100,5000
64,80,"moderate","50/50",0,0.2,0.5,0.1,0.1,100,5000
65,80,"moderate","50/50",0.1,0.2,0.5,0.1,0.1,100,5000
66,80,"moderate","50/50",0.3,0.2,0.5,0.1,0.1,100,5000
67,80,"moderate","70/30",0,0.2,0.5,0.1,0.1,100,5000
68,80,"moderate","70/30",0.1,0.2,0.5,0.1,0.1,100,5000
69,80,"moderate","70/30",0.3,0.2,0.5,0.1,0.1,100,5000
70,80,"moderate","85/15",0,0.2,0.5,0.1,0.1,100,5000
71,80,"moderate","85/15",0.1,0.2,0.5,0.1,0.1,100,5000
72,80,"moderate","85/15",0.3,0.2,0.5,0.1,0.1,100,5000
73,80,"severe","50/50",0,0.2,0.5,0.1,0.1,100,5000
74,80,"severe","50/50",0.1,0.2,0.5,0.1,0.1,100,5000
75,80,"severe","50/50",0.3,0.2,0.5,0.1,0.1,100,5000
76,80,"severe","70/30",0,0.2,0.5,0.1,0.1,100,5000
77,80,"severe","70/30",0.1,0.2,0.5,0.1,0.1,100,5000
78,80,"severe","70/30",0.3,0.2,0.5,0.1,0.1,100,5000
79,80,"severe","85/15",0,0.2,0.5,0.1,0.1,100,5000
80,80,"severe","85/15",0.1,0.2,0.5,0.1,0.1,100,5000
81,80,"severe","85/15",0.3,0.2,0.5,0.1,0.1,100,5000
