"condition_id","J","imbalance","split","beta1_true","method","type_I_error","mcse_reject_rate","coverage","mcse_coverage","mean_df","median_df","min_df","max_df","n_success","error_rate"
1,"20","balanced","50/50",0,"naive_re",0.2268,0.00592219148626587,0.7732,0.00592219148626587,NA,NA,NA,NA,5000,0
1,"20","balanced","50/50",0,"mlma",0.0708,0.00362732297982962,0.9292,0.00362732297982961,NA,NA,NA,NA,5000,0
1,"20","balanced","50/50",0,"mlma_cr2",0.0536,0.00318518570887162,0.9464,0.00318518570887162,18,18,18,18,5000,0
4,"20","balanced","70/30",0,"naive_re",0.2326,0.00597490150546434,0.7674,0.00597490150546434,NA,NA,NA,NA,5000,0
4,"20","balanced","70/30",0,"mlma",0.0644,0.00347138704266753,0.9356,0.00347138704266753,NA,NA,NA,NA,5000,0
4,"20","balanced","70/30",0,"mlma_cr2",0.0458,0.00295642892693195,0.9542,0.00295642892693195,9.53079178885631,9.53079178885631,9.53079178885627,9.53079178885634,5000,0
7,"20","balanced","85/15",0,"naive_re",0.225,0.00590550590550886,0.775,0.00590550590550886,NA,NA,NA,NA,5000,0
7,"20","balanced","85/15",0,"mlma",0.0608,0.00337944847571316,0.9392,0.00337944847571316,NA,NA,NA,NA,5000,0
7,"20","balanced","85/15",0,"mlma_cr2",0.0276,0.00231681850821336,0.9724,0.00231681850821336,2.7574321413184,2.7574321413184,2.75743214131839,2.75743214131841,5000,0
10,"20","moderate","50/50",0,"naive_re",0.2832,0.00637177777390266,0.7168,0.00637177777390266,NA,NA,NA,NA,5000,0
10,"20","moderate","50/50",0,"mlma",0.0698,0.00360355269144216,0.9302,0.00360355269144215,NA,NA,NA,NA,5000,0
10,"20","moderate","50/50",0,"mlma_cr2",0.0506,0.00309966578843591,0.9494,0.00309966578843591,17.0435893343183,17.1903080332855,11.9229091185478,17.9385652615122,5000,0
13,"20","moderate","70/30",0,"naive_re",0.2814,0.00635946601531921,0.7186,0.00635946601531921,NA,NA,NA,NA,5000,0
13,"20","moderate","70/30",0,"mlma",0.07,0.00360832371053374,0.93,0.00360832371053374,NA,NA,NA,NA,5000,0
13,"20","moderate","70/30",0,"mlma_cr2",0.0514,0.00312275647465504,0.9486,0.00312275647465504,9.06051471769633,9.13283301787302,4.37961559600206,11.6800182100787,5000,0
16,"20","moderate","85/15",0,"naive_re",0.2758,0.00632035378756601,0.7242,0.00632035378756601,NA,NA,NA,NA,5000,0
16,"20","moderate","85/15",0,"mlma",0.0694,0.00359398497492686,0.9306,0.00359398497492686,NA,NA,NA,NA,5000,0
16,"20","moderate","85/15",0,"mlma_cr2",0.0282,0.00234114331043616,0.9718,0.00234114331043616,2.6412837207391,2.62761779044981,1.7480733276651,3.22977733706801,5000,0
19,"20","severe","50/50",0,"naive_re",0.4126,0.0069622013760017,0.5874,0.0069622013760017,NA,NA,NA,NA,5000,0
19,"20","severe","50/50",0,"mlma",0.0716,0.00364618814654428,0.9284,0.00364618814654428,NA,NA,NA,NA,5000,0
19,"20","severe","50/50",0,"mlma_cr2",0.0526,0.00315699984162179,0.9474,0.00315699984162179,16.111070565739,16.6899439799355,5.11754553826042,17.8794425953354,5000,0
22,"20","severe","70/30",0,"naive_re",0.3862,0.00688548560379005,0.6138,0.00688548560379005,NA,NA,NA,NA,5000,0
22,"20","severe","70/30",0,"mlma",0.0834,0.00391010076596499,0.9166,0.00391010076596499,NA,NA,NA,NA,5000,0
22,"20","severe","70/30",0,"mlma_cr2",0.0598,0.00335332551357604,0.9402,0.00335332551357604,8.61812338181067,8.80970708964295,2.72920603874634,14.0999641946024,5000,0
25,"20","severe","85/15",0,"naive_re",0.3122,0.00655333747032762,0.6878,0.00655333747032762,NA,NA,NA,NA,5000,0
25,"20","severe","85/15",0,"mlma",0.0722,0.0036602502646677,0.9278,0.00366025026466771,NA,NA,NA,NA,5000,0
25,"20","severe","85/15",0,"mlma_cr2",0.0296,0.00239682456596222,0.9704,0.00239682456596222,2.59461207007036,2.60458039445017,1.63021463267546,4.17841375605908,5000,0
28,"40","balanced","50/50",0,"naive_re",0.2222,0.00587923736550924,0.7778,0.00587923736550924,NA,NA,NA,NA,5000,0
28,"40","balanced","50/50",0,"mlma",0.0578,0.00330027756408457,0.9422,0.00330027756408457,NA,NA,NA,NA,5000,0
28,"40","balanced","50/50",0,"mlma_cr2",0.0492,0.00305873699425106,0.9508,0.00305873699425106,38,38,38,38,5000,0
31,"40","balanced","70/30",0,"naive_re",0.2162,0.00582164169285606,0.7838,0.00582164169285606,NA,NA,NA,NA,5000,0
31,"40","balanced","70/30",0,"mlma",0.0568,0.00327333957908433,0.9432,0.00327333957908433,NA,NA,NA,NA,5000,0
31,"40","balanced","70/30",0,"mlma_cr2",0.0476,0.00301112072159188,0.9524,0.00301112072159188,20.8860759493671,20.8860759493671,20.8860759493669,20.8860759493672,5000,0
34,"40","balanced","85/15",0,"naive_re",0.2166,0.00582553757176108,0.7834,0.00582553757176108,NA,NA,NA,NA,5000,0
34,"40","balanced","85/15",0,"mlma",0.0572,0.00328414859590732,0.9428,0.00328414859590732,NA,NA,NA,NA,5000,0
34,"40","balanced","85/15",0,"mlma_cr2",0.0464,0.00297479545515318,0.9536,0.00297479545515318,6.88791484032561,6.88791484032561,6.88791484032559,6.88791484032564,5000,0
37,"40","moderate","50/50",0,"naive_re",0.2702,0.00627999936305729,0.7298,0.00627999936305729,NA,NA,NA,NA,5000,0
37,"40","moderate","50/50",0,"mlma",0.055,0.0032241277890307,0.945,0.0032241277890307,NA,NA,NA,NA,5000,0
37,"40","moderate","50/50",0,"mlma_cr2",0.0478,0.00301712313305241,0.9522,0.00301712313305241,36.3239928866956,36.4574254051077,30.5012147202029,37.5816752158451,5000,0
40,"40","moderate","70/30",0,"naive_re",0.268,0.006263800763115,0.732,0.006263800763115,NA,NA,NA,NA,5000,0
40,"40","moderate","70/30",0,"mlma",0.055,0.0032241277890307,0.945,0.0032241277890307,NA,NA,NA,NA,5000,0
40,"40","moderate","70/30",0,"mlma_cr2",0.048,0.00302311098043059,0.952,0.00302311098043059,20.0082402275041,20.0581984863589,15.4687776207421,23.0029137439967,5000,0
43,"40","moderate","85/15",0,"naive_re",0.2702,0.00627999936305729,0.7298,0.00627999936305729,NA,NA,NA,NA,5000,0
43,"40","moderate","85/15",0,"mlma",0.053,0.00316831185333767,0.947,0.00316831185333767,NA,NA,NA,NA,5000,0
43,"40","moderate","85/15",0,"mlma_cr2",0.0452,0.00293792307591605,0.9548,0.00293792307591605,6.5972868102249,6.62711451628336,4.93126723945839,7.57839316554809,5000,0
46,"40","severe","50/50",0,"naive_re",0.3966,0.00691821422044735,0.6034,0.00691821422044735,NA,NA,NA,NA,5000,0
46,"40","severe","50/50",0,"mlma",0.0548109621924385,0.00321922611920269,0.945189037807561,0.00321922611920269,NA,NA,NA,NA,4999,2e-04
46,"40","severe","50/50",0,"mlma_cr2",0.0460092018403681,0.00296314479610643,0.953990798159632,0.00296314479610643,34.848157256859,35.2786180001423,20.5620514054423,37.5183257539141,4999,2e-04
49,"40","severe","70/30",0,"naive_re",0.4138,0.00696519289036564,0.5862,0.00696519289036564,NA,NA,NA,NA,5000,0
49,"40","severe","70/30",0,"mlma",0.064,0.00346132922444543,0.936,0.00346132922444543,NA,NA,NA,NA,5000,0
49,"40","severe","70/30",0,"mlma_cr2",0.051,0.00311123769583746,0.949,0.00311123769583746,19.2620040548136,19.4275198387275,6.73010394822542,23.1624237513139,5000,0
52,"40","severe","85/15",0,"naive_re",0.364,0.00680446911963013,0.636,0.00680446911963013,NA,NA,NA,NA,5000,0
52,"40","severe","85/15",0,"mlma",0.0634,0.00344617004803884,0.9366,0.00344617004803884,NA,NA,NA,NA,5000,0
52,"40","severe","85/15",0,"mlma_cr2",0.0462,0.00296868859936505,0.9538,0.00296868859936505,6.37963084198583,6.43718468351487,3.23524497311613,7.94698462856571,5000,0
55,"80","balanced","50/50",0,"naive_re",0.2194,0.00585258301948806,0.7806,0.00585258301948806,NA,NA,NA,NA,5000,0
55,"80","balanced","50/50",0,"mlma",0.0528,0.00316266216975509,0.9472,0.00316266216975509,NA,NA,NA,NA,5000,0
55,"80","balanced","50/50",0,"mlma_cr2",0.0502,0.00308804015517933,0.9498,0.00308804015517933,78,78,77.9999999999999,78.0000000000001,5000,0
58,"80","balanced","70/30",0,"naive_re",0.2138,0.00579809554940241,0.7862,0.00579809554940241,NA,NA,NA,NA,5000,0
58,"80","balanced","70/30",0,"mlma",0.0526,0.00315699984162179,0.9474,0.00315699984162179,NA,NA,NA,NA,5000,0
58,"80","balanced","70/30",0,"mlma_cr2",0.0502,0.00308804015517933,0.9498,0.00308804015517933,43.5906271536871,43.5906271536871,43.5906271536866,43.5906271536877,5000,0
61,"80","balanced","85/15",0,"naive_re",0.2176,0.00583524189729955,0.7824,0.00583524189729955,NA,NA,NA,NA,5000,0
61,"80","balanced","85/15",0,"mlma",0.0506,0.00309966578843591,0.9494,0.00309966578843591,NA,NA,NA,NA,5000,0
61,"80","balanced","85/15",0,"mlma_cr2",0.0444,0.00291302729132427,0.9556,0.00291302729132427,15.1474668584935,15.1474668584935,15.1474668584934,15.1474668584936,5000,0
64,"80","moderate","50/50",0,"naive_re",0.2696,0.00627560100707494,0.7304,0.00627560100707494,NA,NA,NA,NA,5000,0
64,"80","moderate","50/50",0,"mlma",0.05,0.00308220700148449,0.95,0.00308220700148449,NA,NA,NA,NA,5000,0
64,"80","moderate","50/50",0,"mlma_cr2",0.0458,0.00295642892693195,0.9542,0.00295642892693195,74.8393981674663,74.960786818517,69.8706376785268,76.9071297705219,5000,0
67,"80","moderate","70/30",0,"naive_re",0.2646,0.00623837863551099,0.7354,0.00623837863551099,NA,NA,NA,NA,5000,0
67,"80","moderate","70/30",0,"mlma",0.0488,0.00304691844328003,0.9512,0.00304691844328003,NA,NA,NA,NA,5000,0
67,"80","moderate","70/30",0,"mlma_cr2",0.0474,0.00300510365877785,0.9526,0.00300510365877785,41.898286864475,41.9719769079229,36.4328634368134,46.7535268361911,5000,0
70,"80","moderate","85/15",0,"naive_re",0.287,0.00639735883001728,0.713,0.00639735883001728,NA,NA,NA,NA,5000,0
70,"80","moderate","85/15",0,"mlma",0.0558,0.00324611644892786,0.9442,0.00324611644892786,NA,NA,NA,NA,5000,0
70,"80","moderate","85/15",0,"mlma_cr2",0.048,0.00302311098043059,0.952,0.00302311098043059,14.5299619634448,14.5556039262425,12.6478516747429,16.125132494172,5000,0
73,"80","severe","50/50",0,"naive_re",0.4164,0.00697152838336042,0.5836,0.00697152838336042,NA,NA,NA,NA,5000,0
73,"80","severe","50/50",0,"mlma",0.055,0.0032241277890307,0.945,0.0032241277890307,NA,NA,NA,NA,5000,0
73,"80","severe","50/50",0,"mlma_cr2",0.051,0.00311123769583746,0.949,0.00311123769583746,72.3298630796888,72.7273921073878,52.8452223408703,76.6489940699839,5000,0
76,"80","severe","70/30",0,"naive_re",0.4018,0.00693335070510644,0.5982,0.00693335070510644,NA,NA,NA,NA,5000,0
76,"80","severe","70/30",0,"mlma",0.054,0.00319637294444813,0.946,0.00319637294444813,NA,NA,NA,NA,5000,0
76,"80","severe","70/30",0,"mlma_cr2",0.0494,0.0030646252625729,0.9506,0.0030646252625729,40.4483410443093,40.6097512487966,29.9406913393627,46.0462131597433,5000,0
79,"80","severe","85/15",0,"naive_re",0.3878,0.00689073522927706,0.6122,0.00689073522927706,NA,NA,NA,NA,5000,0
79,"80","severe","85/15",0,"mlma",0.0518,0.0031342227106573,0.9482,0.0031342227106573,NA,NA,NA,NA,5000,0
79,"80","severe","85/15",0,"mlma_cr2",0.0444,0.00291302729132427,0.9556,0.00291302729132427,14.0749010291192,14.128061905388,10.1179686553994,16.2427476707381,5000,0
