"condition_id","J","imbalance","split","beta1_true","method","coverage","mcse_coverage","mean_ci_width","n_success"
1,"20","balanced","50/50",0,"naive_re",0.7732,0.00592219148626587,0.148465088768633,5000
1,"20","balanced","50/50",0,"mlma",0.9292,0.00362732297982961,0.237256073210453,5000
1,"20","balanced","50/50",0,"mlma_cr2",0.9464,0.00318518570887162,0.254318747683433,5000
2,"20","balanced","50/50",0.1,"naive_re",0.7698,0.00595328413566831,0.148658894783874,5000
2,"20","balanced","50/50",0.1,"mlma",0.9382,0.00340531232047811,0.237759719993569,5000
2,"20","balanced","50/50",0.1,"mlma_cr2",0.9538,0.00296868859936505,0.254857870448089,5000
3,"20","balanced","50/50",0.3,"naive_re",0.771,0.0059423732632678,0.148172906711915,5000
3,"20","balanced","50/50",0.3,"mlma",0.9376,0.00342070869850094,0.236527174180819,5000
3,"20","balanced","50/50",0.3,"mlma_cr2",0.9508,0.00305873699425106,0.253537905294994,5000
4,"20","balanced","70/30",0,"naive_re",0.7674,0.00597490150546434,0.162859776585862,5000
4,"20","balanced","70/30",0,"mlma",0.9356,0.00347138704266753,0.260924597049483,5000
4,"20","balanced","70/30",0,"mlma_cr2",0.9542,0.00295642892693195,0.295465626087626,5000
5,"20","balanced","70/30",0.1,"naive_re",0.7704,0.00594783725399409,0.162587027802298,5000
5,"20","balanced","70/30",0.1,"mlma",0.9338,0.00351617860752266,0.260479883026477,5000
5,"20","balanced","70/30",0.1,"mlma_cr2",0.9502,0.00307636018697421,0.29398631382759,5000
6,"20","balanced","70/30",0.3,"naive_re",0.7616,0.00602603418510051,0.162261552638465,5000
6,"20","balanced","70/30",0.3,"mlma",0.9276,0.00366492128155572,0.259533117132132,5000
6,"20","balanced","70/30",0.3,"mlma_cr2",0.9504,0.00307049963361014,0.2946901999492,5000
7,"20","balanced","85/15",0,"naive_re",0.775,0.00590550590550886,0.208420486194653,5000
7,"20","balanced","85/15",0,"mlma",0.9392,0.00337944847571316,0.333413231345522,5000
7,"20","balanced","85/15",0,"mlma_cr2",0.9724,0.00231681850821336,0.534761165940493,5000
8,"20","balanced","85/15",0.1,"naive_re",0.776,0.00589616824726025,0.208280458288765,5000
8,"20","balanced","85/15",0.1,"mlma",0.9378,0.00341558662604244,0.333373411614598,5000
8,"20","balanced","85/15",0.1,"mlma_cr2",0.9722,0.00232495849425318,0.533185690405403,5000
9,"20","balanced","85/15",0.3,"naive_re",0.7684,0.00596592725399833,0.207982917583322,5000
9,"20","balanced","85/15",0.3,"mlma",0.9368,0.00344109749934523,0.332330076465277,5000
9,"20","balanced","85/15",0.3,"mlma_cr2",0.9724,0.00231681850821336,0.538648944308811,5000
10,"20","moderate","50/50",0,"naive_re",0.7168,0.00637177777390266,0.148601785339509,5000
10,"20","moderate","50/50",0,"mlma",0.9302,0.00360355269144215,0.246757860788296,5000
10,"20","moderate","50/50",0,"mlma_cr2",0.9494,0.00309966578843591,0.265518607434578,5000
11,"20","moderate","50/50",0.1,"naive_re",0.725,0.00631466547015754,0.148291319964497,5000
11,"20","moderate","50/50",0.1,"mlma",0.9312,0.00357956868910208,0.246388353908281,5000
11,"20","moderate","50/50",0.1,"mlma_cr2",0.9474,0.00315699984162179,0.265067012535594,5000
12,"20","moderate","50/50",0.3,"naive_re",0.7118,0.00640532216207741,0.148801861317719,5000
12,"20","moderate","50/50",0.3,"mlma",0.9362,0.00345628586780665,0.247373862091087,5000
12,"20","moderate","50/50",0.3,"mlma_cr2",0.9522,0.00301712313305241,0.266033744315956,5000
13,"20","moderate","70/30",0,"naive_re",0.7186,0.00635946601531921,0.16302647493045,5000
13,"20","moderate","70/30",0,"mlma",0.93,0.00360832371053374,0.268247613427899,5000
13,"20","moderate","70/30",0,"mlma_cr2",0.9486,0.00312275647465504,0.306139713234998,5000
14,"20","moderate","70/30",0.1,"naive_re",0.7184,0.00636084019607473,0.163045413943508,5000
14,"20","moderate","70/30",0.1,"mlma",0.9278,0.00366025026466771,0.269503165603058,5000
14,"20","moderate","70/30",0.1,"mlma_cr2",0.9496,0.00309385972532693,0.306462580642737,5000
15,"20","moderate","70/30",0.3,"naive_re",0.7304,0.00627560100707494,0.162918059913531,5000
15,"20","moderate","70/30",0.3,"mlma",0.9362,0.00345628586780665,0.269463684624341,5000
15,"20","moderate","70/30",0.3,"mlma_cr2",0.9556,0.00291302729132427,0.306933052960288,5000
16,"20","moderate","85/15",0,"naive_re",0.7242,0.00632035378756601,0.214743762869694,5000
16,"20","moderate","85/15",0,"mlma",0.9306,0.00359398497492686,0.345437368131543,5000
16,"20","moderate","85/15",0,"mlma_cr2",0.9718,0.00234114331043616,0.566310861547603,5000
17,"20","moderate","85/15",0.1,"naive_re",0.7212,0.00634145976885449,0.214742395487738,5000
17,"20","moderate","85/15",0.1,"mlma",0.9306,0.00359398497492686,0.346642286089423,5000
17,"20","moderate","85/15",0.1,"mlma_cr2",0.9728,0.00230044169671826,0.572796736630108,5000
18,"20","moderate","85/15",0.3,"naive_re",0.7428,0.00618139401753359,0.216412022469685,5000
18,"20","moderate","85/15",0.3,"mlma",0.9358,0.00346636293541228,0.348089873411744,5000
18,"20","moderate","85/15",0.3,"mlma_cr2",0.9716,0.00234918879615922,0.574690656365836,5000
19,"20","severe","50/50",0,"naive_re",0.5874,0.0069622013760017,0.150367396498404,5000
19,"20","severe","50/50",0,"mlma",0.9284,0.00364618814654428,0.26479838959094,5000
19,"20","severe","50/50",0,"mlma_cr2",0.9474,0.00315699984162179,0.285975132324133,5000
20,"20","severe","50/50",0.1,"naive_re",0.5842,0.00697008407409839,0.150573607092569,5000
20,"20","severe","50/50",0.1,"mlma",0.9314,0.00357474586509307,0.263624788429173,5000
20,"20","severe","50/50",0.1,"mlma_cr2",0.9474,0.00315699984162179,0.28471604373375,5000
21,"20","severe","50/50",0.3,"naive_re",0.589,0.00695814630487172,0.149775641188076,5000
21,"20","severe","50/50",0.3,"mlma",0.9294,0.00362258581678889,0.26277254897798,5000
21,"20","severe","50/50",0.3,"mlma_cr2",0.946,0.00319637294444813,0.283901119370472,5000
22,"20","severe","70/30",0,"naive_re",0.6138,0.00688548560379005,0.169786136680351,5000
22,"20","severe","70/30",0,"mlma",0.9166,0.00391010076596499,0.287110380655161,5000
22,"20","severe","70/30",0,"mlma_cr2",0.9402,0.00335332551357604,0.330170056342802,5000
23,"20","severe","70/30",0.1,"naive_re",0.6204,0.00686299992714556,0.170168881194945,5000
23,"20","severe","70/30",0.1,"mlma",0.9246,0.00373402838767999,0.287349513353663,5000
23,"20","severe","70/30",0.1,"mlma_cr2",0.9502,0.00307636018697421,0.328954345669103,5000
24,"20","severe","70/30",0.3,"naive_re",0.6242,0.00684944318904829,0.169223318334447,5000
24,"20","severe","70/30",0.3,"mlma",0.9264,0.00369277781622453,0.28684891167845,5000
24,"20","severe","70/30",0.3,"mlma_cr2",0.9498,0.00308804015517933,0.328287866482069,5000
25,"20","severe","85/15",0,"naive_re",0.6878,0.00655333747032762,0.244288376679083,5000
25,"20","severe","85/15",0,"mlma",0.9278,0.00366025026466771,0.37120066380815,5000
25,"20","severe","85/15",0,"mlma_cr2",0.9704,0.00239682456596222,0.616847160240128,5000
26,"20","severe","85/15",0.1,"naive_re",0.6906,0.00653714983765861,0.242861824239082,5000
26,"20","severe","85/15",0.1,"mlma",0.9254,0.00371577286711661,0.369631369114953,5000
26,"20","severe","85/15",0.1,"mlma_cr2",0.9676,0.0025040063897682,0.610618070998842,5000
27,"20","severe","85/15",0.3,"naive_re",0.6866,0.00656018963140548,0.244196951650975,5000
27,"20","severe","85/15",0.3,"mlma",0.9248,0.00372947610261817,0.371849627051174,5000
27,"20","severe","85/15",0.3,"mlma_cr2",0.9722,0.00232495849425318,0.618828385699444,5000
28,"40","balanced","50/50",0,"naive_re",0.7778,0.00587923736550924,0.106706477589666,5000
28,"40","balanced","50/50",0,"mlma",0.9422,0.00330027756408457,0.169928606827926,5000
28,"40","balanced","50/50",0,"mlma_cr2",0.9508,0.00305873699425106,0.175514696695656,5000
29,"40","balanced","50/50",0.1,"naive_re",0.7832,0.00582748247530613,0.106453861560155,5000
29,"40","balanced","50/50",0.1,"mlma",0.945,0.0032241277890307,0.169438176921873,5000
29,"40","balanced","50/50",0.1,"mlma_cr2",0.9534,0.00298088711627931,0.175008145474181,5000
30,"40","balanced","50/50",0.3,"naive_re",0.7718,0.00593506124652476,0.106596023021583,5000
30,"40","balanced","50/50",0.3,"mlma",0.9396,0.00336903072114221,0.169452363182655,5000
30,"40","balanced","50/50",0.3,"mlma_cr2",0.949,0.00311123769583746,0.175022797392806,5000
31,"40","balanced","70/30",0,"naive_re",0.7838,0.00582164169285606,0.11637378124199,5000
31,"40","balanced","70/30",0,"mlma",0.9432,0.00327333957908433,0.185058106172716,5000
31,"40","balanced","70/30",0,"mlma_cr2",0.9524,0.00301112072159188,0.195654355879167,5000
32,"40","balanced","70/30",0.1,"naive_re",0.7752,0.00590364226558486,0.116281633830727,5000
32,"40","balanced","70/30",0.1,"mlma",0.943,0.00327874976172321,0.184854352176004,5000
32,"40","balanced","70/30",0.1,"mlma_cr2",0.9534,0.00298088711627931,0.195191603169965,5000
33,"40","balanced","70/30",0.3,"naive_re",0.782,0.00583910952115132,0.11650578949756,5000
33,"40","balanced","70/30",0.3,"mlma",0.9462,0.00319078548323136,0.185463529194208,5000
33,"40","balanced","70/30",0.3,"mlma_cr2",0.9506,0.0030646252625729,0.195724947872066,5000
34,"40","balanced","85/15",0,"naive_re",0.7834,0.00582553757176108,0.149343267366309,5000
34,"40","balanced","85/15",0,"mlma",0.9428,0.00328414859590732,0.237866077449568,5000
34,"40","balanced","85/15",0,"mlma_cr2",0.9536,0.00297479545515318,0.280224341148377,5000
35,"40","balanced","85/15",0.1,"naive_re",0.793,0.0057297643930619,0.149272483115847,5000
35,"40","balanced","85/15",0.1,"mlma",0.946589317863573,0.00318019165425943,0.237136668401679,4999
35,"40","balanced","85/15",0.1,"mlma_cr2",0.953590718143629,0.00297537605275711,0.277471753456652,4999
36,"40","balanced","85/15",0.3,"naive_re",0.7774,0.00588301351349799,0.149246134667874,5000
36,"40","balanced","85/15",0.3,"mlma",0.9412,0.00332693733033852,0.237650421418079,5000
36,"40","balanced","85/15",0.3,"mlma_cr2",0.9554,0.00291927525252416,0.279794388685515,5000
37,"40","moderate","50/50",0,"naive_re",0.7298,0.00627999936305729,0.106601989500957,5000
37,"40","moderate","50/50",0,"mlma",0.945,0.0032241277890307,0.17634897247639,5000
37,"40","moderate","50/50",0,"mlma_cr2",0.9522,0.00301712313305241,0.182395471678459,5000
38,"40","moderate","50/50",0.1,"naive_re",0.7228,0.00633024738853072,0.106349900381178,5000
38,"40","moderate","50/50",0.1,"mlma",0.9438,0.00325704037432759,0.175641056583348,5000
38,"40","moderate","50/50",0.1,"mlma_cr2",0.9512,0.00304691844328003,0.181684034736985,5000
39,"40","moderate","50/50",0.3,"naive_re",0.7196,0.00635257176268006,0.106847343366322,5000
39,"40","moderate","50/50",0.3,"mlma",0.9444,0.00324063697442339,0.176961151396575,5000
39,"40","moderate","50/50",0.3,"mlma_cr2",0.9518,0.00302908435009658,0.183014283544639,5000
40,"40","moderate","70/30",0,"naive_re",0.732,0.006263800763115,0.116539574331464,5000
40,"40","moderate","70/30",0,"mlma",0.945,0.0032241277890307,0.192050091138231,5000
40,"40","moderate","70/30",0,"mlma_cr2",0.952,0.00302311098043059,0.203815876180144,5000
41,"40","moderate","70/30",0.1,"naive_re",0.7226,0.00633165444414017,0.116648068278254,5000
41,"40","moderate","70/30",0.1,"mlma",0.9408,0.0033375248313683,0.192627117293469,5000
41,"40","moderate","70/30",0.1,"mlma_cr2",0.9486,0.00312275647465504,0.203324485901381,5000
42,"40","moderate","70/30",0.3,"naive_re",0.7278,0.00629455574286224,0.116428499150103,5000
42,"40","moderate","70/30",0.3,"mlma",0.9412,0.00332693733033852,0.191824523850821,5000
42,"40","moderate","70/30",0.3,"mlma_cr2",0.9454,0.00321306209090332,0.202999228693583,5000
43,"40","moderate","85/15",0,"naive_re",0.7298,0.00627999936305729,0.15132241398379,5000
43,"40","moderate","85/15",0,"mlma",0.947,0.00316831185333767,0.247162799622386,5000
43,"40","moderate","85/15",0,"mlma_cr2",0.9548,0.00293792307591605,0.293643657234516,5000
44,"40","moderate","85/15",0.1,"naive_re",0.7286,0.00628875249950258,0.15152555202635,5000
44,"40","moderate","85/15",0.1,"mlma",0.9398,0.00336380617753164,0.247223204280147,5000
44,"40","moderate","85/15",0.1,"mlma_cr2",0.9556,0.00291302729132427,0.292355254301873,5000
45,"40","moderate","85/15",0.3,"naive_re",0.7222,0.00633446382892822,0.151117569267982,5000
45,"40","moderate","85/15",0.3,"mlma",0.9414,0.00332162731202644,0.246662166514382,5000
45,"40","moderate","85/15",0.3,"mlma_cr2",0.9504,0.00307049963361014,0.292836704096773,5000
46,"40","severe","50/50",0,"naive_re",0.6034,0.00691821422044735,0.106585325925391,5000
46,"40","severe","50/50",0,"mlma",0.945189037807561,0.00321922611920269,0.187908918394308,4999
46,"40","severe","50/50",0,"mlma_cr2",0.953990798159632,0.00296314479610643,0.194634521114093,4999
47,"40","severe","50/50",0.1,"naive_re",0.5926,0.00694874434700256,0.106762119093809,5000
47,"40","severe","50/50",0.1,"mlma",0.9436,0.00326248494249399,0.188514809876815,5000
47,"40","severe","50/50",0.1,"mlma_cr2",0.9522,0.00301712313305241,0.195241345299449,5000
48,"40","severe","50/50",0.3,"naive_re",0.5886,0.00695916719155389,0.106855282975032,5000
48,"40","severe","50/50",0.3,"mlma",0.9382,0.00340531232047811,0.188323445595075,5000
48,"40","severe","50/50",0.3,"mlma_cr2",0.9456,0.0032075111847038,0.195029950058115,5000
49,"40","severe","70/30",0,"naive_re",0.5862,0.00696519289036564,0.118278781506293,5000
49,"40","severe","70/30",0,"mlma",0.936,0.00346132922444543,0.205518277048611,5000
49,"40","severe","70/30",0,"mlma_cr2",0.949,0.00311123769583746,0.218055830802354,5000
50,"40","severe","70/30",0.1,"naive_re",0.6024,0.00692118833727273,0.117878932319323,5000
50,"40","severe","70/30",0.1,"mlma",0.9396,0.00336903072114221,0.205068363579013,5000
50,"40","severe","70/30",0.1,"mlma_cr2",0.9484,0.00312849612433834,0.217005244822807,5000
51,"40","severe","70/30",0.3,"naive_re",0.595,0.00694226187924368,0.118396321922554,5000
51,"40","severe","70/30",0.3,"mlma",0.9418,0.00331097447891101,0.206072157966839,5000
51,"40","severe","70/30",0.3,"mlma_cr2",0.9522,0.00301712313305241,0.218769719041098,5000
52,"40","severe","85/15",0,"naive_re",0.636,0.00680446911963013,0.161361194139204,5000
52,"40","severe","85/15",0,"mlma",0.9366,0.00344617004803884,0.264197390528674,5000
52,"40","severe","85/15",0,"mlma_cr2",0.9538,0.00296868859936505,0.316817860415705,5000
53,"40","severe","85/15",0.1,"naive_re",0.639,0.0067923339140534,0.16131676341421,5000
53,"40","severe","85/15",0.1,"mlma",0.9454,0.00321306209090332,0.264848971984136,5000
53,"40","severe","85/15",0.1,"mlma_cr2",0.9598,0.00277791144567281,0.31682332625653,5000
54,"40","severe","85/15",0.3,"naive_re",0.6476,0.00675594908210534,0.161510148688773,5000
54,"40","severe","85/15",0.3,"mlma",0.938,0.00341045451516363,0.263575711537957,5000
54,"40","severe","85/15",0.3,"mlma_cr2",0.9514,0.0030409879973456,0.316497261467177,5000
55,"80","balanced","50/50",0,"naive_re",0.7806,0.00585258301948806,0.0758919756763001,5000
55,"80","balanced","50/50",0,"mlma",0.9472,0.00316266216975509,0.120380387125748,5000
55,"80","balanced","50/50",0,"mlma_cr2",0.9498,0.00308804015517933,0.122277224602103,5000
56,"80","balanced","50/50",0.1,"naive_re",0.782,0.00583910952115132,0.0758558529115037,5000
56,"80","balanced","50/50",0.1,"mlma",0.9504,0.00307049963361014,0.120226999683628,5000
56,"80","balanced","50/50",0.1,"mlma_cr2",0.9534,0.00298088711627931,0.122121419943134,5000
57,"80","balanced","50/50",0.3,"naive_re",0.7746,0.00590922736066231,0.0758489967796772,5000
57,"80","balanced","50/50",0.3,"mlma",0.9436,0.00326248494249399,0.120250236966211,5000
57,"80","balanced","50/50",0.3,"mlma_cr2",0.9484,0.00312849612433834,0.122145023279972,5000
58,"80","balanced","70/30",0,"naive_re",0.7862,0.00579809554940241,0.0827864885021492,5000
58,"80","balanced","70/30",0,"mlma",0.9474,0.00315699984162179,0.131407638636917,5000
58,"80","balanced","70/30",0,"mlma_cr2",0.9498,0.00308804015517933,0.134660303599379,5000
59,"80","balanced","70/30",0.1,"naive_re",0.7736,0.00591849710652966,0.0827800723707048,5000
59,"80","balanced","70/30",0.1,"mlma",0.948,0.00313993630508646,0.131330798928008,5000
59,"80","balanced","70/30",0.1,"mlma_cr2",0.9504,0.00307049963361014,0.134558435771961,5000
60,"80","balanced","70/30",0.3,"naive_re",0.7892,0.00576824687405107,0.0827160775457467,5000
60,"80","balanced","70/30",0.3,"mlma",0.9446,0.00323514574633045,0.131188665806017,5000
60,"80","balanced","70/30",0.3,"mlma_cr2",0.9504,0.00307049963361014,0.134458687053064,5000
61,"80","balanced","85/15",0,"naive_re",0.7824,0.00583524189729955,0.106198661557251,5000
61,"80","balanced","85/15",0,"mlma",0.9494,0.00309966578843591,0.168452732630567,5000
61,"80","balanced","85/15",0,"mlma_cr2",0.9556,0.00291302729132427,0.180998271654741,5000
62,"80","balanced","85/15",0.1,"naive_re",0.7818,0.00584104031829947,0.106132595586454,5000
62,"80","balanced","85/15",0.1,"mlma",0.9452,0.00321860093829602,0.168323709299406,5000
62,"80","balanced","85/15",0.1,"mlma_cr2",0.9496,0.00309385972532693,0.180976655101126,5000
63,"80","balanced","85/15",0.3,"naive_re",0.7842,0.00581773770464087,0.106174404631503,5000
63,"80","balanced","85/15",0.3,"mlma",0.9442,0.00324611644892786,0.168338380042496,5000
63,"80","balanced","85/15",0.3,"mlma_cr2",0.9502,0.00307636018697421,0.181475577601032,5000
64,"80","moderate","50/50",0,"naive_re",0.7304,0.00627560100707494,0.0757817623261542,5000
64,"80","moderate","50/50",0,"mlma",0.95,0.00308220700148449,0.124932936439293,5000
64,"80","moderate","50/50",0,"mlma_cr2",0.9542,0.00295642892693195,0.126985810101838,5000
65,"80","moderate","50/50",0.1,"naive_re",0.7248,0.00631608992969543,0.0758528221398543,5000
65,"80","moderate","50/50",0.1,"mlma",0.9394,0.00337424480439698,0.125093063241982,5000
65,"80","moderate","50/50",0.1,"mlma_cr2",0.9438,0.00325704037432759,0.127154274469918,5000
66,"80","moderate","50/50",0.3,"naive_re",0.7334,0.0062533901205666,0.0756909424902402,5000
66,"80","moderate","50/50",0.3,"mlma",0.9492,0.00310545842026584,0.12486954614378,5000
66,"80","moderate","50/50",0.3,"mlma_cr2",0.954,0.00296256645495084,0.126922527321246,5000
67,"80","moderate","70/30",0,"naive_re",0.7354,0.00623837863551099,0.0827883358559569,5000
67,"80","moderate","70/30",0,"mlma",0.9512,0.00304691844328003,0.136355259059999,5000
67,"80","moderate","70/30",0,"mlma_cr2",0.9526,0.00300510365877785,0.140075238728421,5000
68,"80","moderate","70/30",0.1,"naive_re",0.7252,0.00631323942204,0.082810778158718,5000
68,"80","moderate","70/30",0.1,"mlma",0.9506,0.0030646252625729,0.136551493519243,5000
68,"80","moderate","70/30",0.1,"mlma_cr2",0.9538,0.00296868859936505,0.140475076087558,5000
69,"80","moderate","70/30",0.3,"naive_re",0.7262,0.00630608531499535,0.0828057058757426,5000
69,"80","moderate","70/30",0.3,"mlma",0.9474,0.00315699984162179,0.136437377492389,5000
69,"80","moderate","70/30",0.3,"mlma_cr2",0.9508,0.00305873699425106,0.140184545178257,5000
70,"80","moderate","85/15",0,"naive_re",0.713,0.00639735883001728,0.106892061930216,5000
70,"80","moderate","85/15",0,"mlma",0.9442,0.00324611644892786,0.175061004619321,5000
70,"80","moderate","85/15",0,"mlma_cr2",0.952,0.00302311098043059,0.188005882089837,5000
71,"80","moderate","85/15",0.1,"naive_re",0.722,0.00633586616020257,0.106856022333219,5000
71,"80","moderate","85/15",0.1,"mlma",0.9432,0.00327333957908433,0.175156742707323,5000
71,"80","moderate","85/15",0.1,"mlma_cr2",0.9534,0.00298088711627931,0.188831139093329,5000
72,"80","moderate","85/15",0.3,"naive_re",0.732,0.006263800763115,0.106687456519682,5000
72,"80","moderate","85/15",0.3,"mlma",0.9474,0.00315699984162179,0.174932327258448,5000
72,"80","moderate","85/15",0.3,"mlma_cr2",0.951,0.00305283474822991,0.188489591427202,5000
73,"80","severe","50/50",0,"naive_re",0.5836,0.00697152838336042,0.0758095049967602,5000
73,"80","severe","50/50",0,"mlma",0.945,0.0032241277890307,0.133872663837829,5000
73,"80","severe","50/50",0,"mlma_cr2",0.949,0.00311123769583746,0.136142513610973,5000
74,"80","severe","50/50",0.1,"naive_re",0.5904,0.00695453578608954,0.0759108659446046,5000
74,"80","severe","50/50",0.1,"mlma",0.9406,0.00334280241713446,0.133843317819898,5000
74,"80","severe","50/50",0.1,"mlma_cr2",0.9456,0.0032075111847038,0.13610379761987,5000
75,"80","severe","50/50",0.3,"naive_re",0.593,0.00694767587039004,0.0756900416357534,5000
75,"80","severe","50/50",0.3,"mlma",0.94,0.00335857112474933,0.133686642955945,5000
75,"80","severe","50/50",0.3,"mlma_cr2",0.9462,0.00319078548323136,0.135944828957268,5000
76,"80","severe","70/30",0,"naive_re",0.5982,0.00693335070510644,0.0831813572099985,5000
76,"80","severe","70/30",0,"mlma",0.946,0.00319637294444813,0.145785788518453,5000
76,"80","severe","70/30",0,"mlma_cr2",0.9506,0.0030646252625729,0.149592037895544,5000
77,"80","severe","70/30",0.1,"naive_re",0.588,0.00696068962100739,0.0831150768691826,5000
77,"80","severe","70/30",0.1,"mlma",0.9426,0.0032895361375124,0.14569171563635,5000
77,"80","severe","70/30",0.1,"mlma_cr2",0.9472,0.00316266216975509,0.149880682500339,5000
78,"80","severe","70/30",0.3,"naive_re",0.583,0.00697296206787331,0.0831995076648022,5000
78,"80","severe","70/30",0.3,"mlma",0.9482,0.0031342227106573,0.145732154904647,5000
78,"80","severe","70/30",0.3,"mlma_cr2",0.955,0.00293172304285381,0.150110365877604,5000
79,"80","severe","85/15",0,"naive_re",0.6122,0.00689073522927706,0.109864243307896,5000
79,"80","severe","85/15",0,"mlma",0.9482,0.0031342227106573,0.187605278771221,5000
79,"80","severe","85/15",0,"mlma_cr2",0.9556,0.00291302729132427,0.203442086600266,5000
80,"80","severe","85/15",0.1,"naive_re",0.6146,0.00688283139412844,0.10981569022285,5000
80,"80","severe","85/15",0.1,"mlma",0.9468,0.00317394895989208,0.187370296498615,5000
80,"80","severe","85/15",0.1,"mlma_cr2",0.9524,0.00301112072159188,0.202489745593751,5000
81,"80","severe","85/15",0.3,"naive_re",0.6192,0.00686718807081909,0.109791951337394,5000
81,"80","severe","85/15",0.3,"mlma",0.9474,0.00315699984162179,0.187156595925288,5000
81,"80","severe","85/15",0.3,"mlma_cr2",0.9502,0.00307636018697421,0.201167015198014,5000
