"condition_id","J","imbalance","split","beta1_true","method","power","mcse_reject_rate","coverage","mcse_coverage","mean_df","median_df","min_df","max_df","n_success","error_rate"
3,"20","balanced","50/50",0.3,"naive_re",1,0,0.771,0.0059423732632678,NA,NA,NA,NA,5000,0
3,"20","balanced","50/50",0.3,"mlma",0.9972,0.000747283078893136,0.9376,0.00342070869850094,NA,NA,NA,NA,5000,0
3,"20","balanced","50/50",0.3,"mlma_cr2",0.9966,0.000823218075603295,0.9508,0.00305873699425106,18,18,18,18,5000,0
6,"20","balanced","70/30",0.3,"naive_re",0.9988,0.000489603921552918,0.7616,0.00602603418510051,NA,NA,NA,NA,5000,0
6,"20","balanced","70/30",0.3,"mlma",0.9902,0.0013931231101378,0.9276,0.00366492128155572,NA,NA,NA,NA,5000,0
6,"20","balanced","70/30",0.3,"mlma_cr2",0.9766,0.00213786996798215,0.9504,0.00307049963361014,9.53079178885631,9.53079178885631,9.53079178885627,9.53079178885634,5000,0
9,"20","balanced","85/15",0.3,"naive_re",0.9884,0.00151429455523026,0.7684,0.00596592725399833,NA,NA,NA,NA,5000,0
9,"20","balanced","85/15",0.3,"mlma",0.9286,0.0036414843127494,0.9368,0.00344109749934523,NA,NA,NA,NA,5000,0
9,"20","balanced","85/15",0.3,"mlma_cr2",0.6136,0.00688614609197336,0.9724,0.00231681850821336,2.7574321413184,2.7574321413184,2.75743214131839,2.7574321413184,5000,0
12,"20","moderate","50/50",0.3,"naive_re",0.9992,0.000399839967987199,0.7118,0.00640532216207741,NA,NA,NA,NA,5000,0
12,"20","moderate","50/50",0.3,"mlma",0.9948,0.00101714895664303,0.9362,0.00345628586780665,NA,NA,NA,NA,5000,0
12,"20","moderate","50/50",0.3,"mlma_cr2",0.9932,0.00116221856808434,0.9522,0.00301712313305241,17.0491454941986,17.2063759932931,11.9159784245212,17.9179134947529,5000,0
15,"20","moderate","70/30",0.3,"naive_re",0.998,0.000631822759957253,0.7304,0.00627560100707494,NA,NA,NA,NA,5000,0
15,"20","moderate","70/30",0.3,"mlma",0.9896,0.00143470136265356,0.9362,0.00345628586780665,NA,NA,NA,NA,5000,0
15,"20","moderate","70/30",0.3,"mlma_cr2",0.9656,0.00257746542168852,0.9556,0.00291302729132427,9.07970420438368,9.15768239093951,5.75502477212914,11.7250474401271,5000,0
18,"20","moderate","85/15",0.3,"naive_re",0.9724,0.00231681850821336,0.7428,0.00618139401753359,NA,NA,NA,NA,5000,0
18,"20","moderate","85/15",0.3,"mlma",0.9052,0.00414277588097643,0.9358,0.00346636293541228,NA,NA,NA,NA,5000,0
18,"20","moderate","85/15",0.3,"mlma_cr2",0.5672,0.00700691315773216,0.9716,0.00234918879615922,2.64457900082658,2.62586056385397,1.72138212079714,3.55236570199505,5000,0
21,"20","severe","50/50",0.3,"naive_re",0.993,0.00117906742809731,0.589,0.00695814630487172,NA,NA,NA,NA,5000,0
21,"20","severe","50/50",0.3,"mlma",0.9904,0.00137897353129058,0.9294,0.00362258581678889,NA,NA,NA,NA,5000,0
21,"20","severe","50/50",0.3,"mlma_cr2",0.984,0.00177448584102551,0.946,0.00319637294444813,16.0876211971605,16.6543543699694,5.11754562594957,17.8991790362586,5000,0
24,"20","severe","70/30",0.3,"naive_re",0.9872,0.0015897270205919,0.6242,0.00684944318904829,NA,NA,NA,NA,5000,0
24,"20","severe","70/30",0.3,"mlma",0.9746,0.00222507707731665,0.9264,0.00369277781622453,NA,NA,NA,NA,5000,0
24,"20","severe","70/30",0.3,"mlma_cr2",0.9422,0.00330027756408457,0.9498,0.00308804015517933,8.62589566429824,8.81116904575145,2.96198266118127,12.3548050361172,5000,0
27,"20","severe","85/15",0.3,"naive_re",0.9304,0.00359877312427444,0.6866,0.00656018963140548,NA,NA,NA,NA,5000,0
27,"20","severe","85/15",0.3,"mlma",0.8662,0.00481451056702548,0.9248,0.00372947610261817,NA,NA,NA,NA,5000,0
27,"20","severe","85/15",0.3,"mlma_cr2",0.5088,0.0070699725600599,0.9722,0.00232495849425318,2.59260007121894,2.60627649239694,1.63021463181222,4.6319421895119,5000,0
30,"40","balanced","50/50",0.3,"naive_re",1,0,0.7718,0.00593506124652476,NA,NA,NA,NA,5000,0
30,"40","balanced","50/50",0.3,"mlma",1,0,0.9396,0.00336903072114221,NA,NA,NA,NA,5000,0
30,"40","balanced","50/50",0.3,"mlma_cr2",1,0,0.949,0.00311123769583746,38,38,38,38,5000,0
33,"40","balanced","70/30",0.3,"naive_re",1,0,0.782,0.00583910952115132,NA,NA,NA,NA,5000,0
33,"40","balanced","70/30",0.3,"mlma",1,0,0.9462,0.00319078548323136,NA,NA,NA,NA,5000,0
33,"40","balanced","70/30",0.3,"mlma_cr2",0.9998,0.000199979998999889,0.9506,0.0030646252625729,20.8860759493671,20.8860759493671,20.886075949367,20.8860759493672,5000,0
36,"40","balanced","85/15",0.3,"naive_re",0.9994,0.000346306222872199,0.7774,0.00588301351349799,NA,NA,NA,NA,5000,0
36,"40","balanced","85/15",0.3,"mlma",0.9988,0.000489603921552918,0.9412,0.00332693733033852,NA,NA,NA,NA,5000,0
36,"40","balanced","85/15",0.3,"mlma_cr2",0.9868,0.00161404832641405,0.9554,0.00291927525252416,6.88791484032561,6.88791484032561,6.88791484032559,6.88791484032564,5000,0
39,"40","moderate","50/50",0.3,"naive_re",1,0,0.7196,0.00635257176268006,NA,NA,NA,NA,5000,0
39,"40","moderate","50/50",0.3,"mlma",1,0,0.9444,0.00324063697442339,NA,NA,NA,NA,5000,0
39,"40","moderate","50/50",0.3,"mlma_cr2",1,0,0.9518,0.00302908435009658,36.340341539909,36.4748293970153,31.6332431184505,37.6563801276259,5000,0
42,"40","moderate","70/30",0.3,"naive_re",1,0,0.7278,0.00629455574286224,NA,NA,NA,NA,5000,0
42,"40","moderate","70/30",0.3,"mlma",1,0,0.9412,0.00332693733033852,NA,NA,NA,NA,5000,0
42,"40","moderate","70/30",0.3,"mlma_cr2",0.9998,0.000199979998999889,0.9454,0.00321306209090332,19.9870143461115,20.0384524851758,14.4968103667749,23.4284614911417,5000,0
45,"40","moderate","85/15",0.3,"naive_re",0.9996,0.000282786138274123,0.7222,0.00633446382892822,NA,NA,NA,NA,5000,0
45,"40","moderate","85/15",0.3,"mlma",0.9964,0.000846999409681028,0.9414,0.00332162731202644,NA,NA,NA,NA,5000,0
45,"40","moderate","85/15",0.3,"mlma_cr2",0.976,0.00216443988135499,0.9504,0.00307049963361014,6.59638219742053,6.6336372627886,4.64522505749329,7.51919841391113,5000,0
48,"40","severe","50/50",0.3,"naive_re",0.9998,0.000199979998999889,0.5886,0.00695916719155389,NA,NA,NA,NA,5000,0
48,"40","severe","50/50",0.3,"mlma",1,0,0.9382,0.00340531232047811,NA,NA,NA,NA,5000,0
48,"40","severe","50/50",0.3,"mlma_cr2",1,0,0.9456,0.0032075111847038,34.8860292135439,35.3373242059952,13.5265964507293,37.6029733997736,5000,0
51,"40","severe","70/30",0.3,"naive_re",0.9986,0.000528779727296718,0.595,0.00694226187924368,NA,NA,NA,NA,5000,0
51,"40","severe","70/30",0.3,"mlma",1,0,0.9418,0.00331097447891101,NA,NA,NA,NA,5000,0
51,"40","severe","70/30",0.3,"mlma_cr2",0.9998,0.000199979998999889,0.9522,0.00301712313305241,19.2453185426464,19.4221695661656,8.38677448086857,23.0780409132898,5000,0
54,"40","severe","85/15",0.3,"naive_re",0.9938,0.00111009549138801,0.6476,0.00675594908210534,NA,NA,NA,NA,5000,0
54,"40","severe","85/15",0.3,"mlma",0.9918,0.00127536347760158,0.938,0.00341045451516363,NA,NA,NA,NA,5000,0
54,"40","severe","85/15",0.3,"mlma_cr2",0.9612,0.00273110087693589,0.9514,0.0030409879973456,6.38224011882258,6.43486483620942,3.61449027091771,7.91456630059935,5000,0
57,"80","balanced","50/50",0.3,"naive_re",1,0,0.7746,0.00590922736066231,NA,NA,NA,NA,5000,0
57,"80","balanced","50/50",0.3,"mlma",1,0,0.9436,0.00326248494249399,NA,NA,NA,NA,5000,0
57,"80","balanced","50/50",0.3,"mlma_cr2",1,0,0.9484,0.00312849612433834,78,78,77.9999999999999,78.0000000000001,5000,0
60,"80","balanced","70/30",0.3,"naive_re",1,0,0.7892,0.00576824687405107,NA,NA,NA,NA,5000,0
60,"80","balanced","70/30",0.3,"mlma",1,0,0.9446,0.00323514574633045,NA,NA,NA,NA,5000,0
60,"80","balanced","70/30",0.3,"mlma_cr2",1,0,0.9504,0.00307049963361014,43.5906271536871,43.5906271536871,43.5906271536866,43.5906271536877,5000,0
63,"80","balanced","85/15",0.3,"naive_re",1,0,0.7842,0.00581773770464087,NA,NA,NA,NA,5000,0
63,"80","balanced","85/15",0.3,"mlma",1,0,0.9442,0.00324611644892786,NA,NA,NA,NA,5000,0
63,"80","balanced","85/15",0.3,"mlma_cr2",1,0,0.9502,0.00307636018697421,15.1474668584935,15.1474668584935,15.1474668584934,15.1474668584936,5000,0
66,"80","moderate","50/50",0.3,"naive_re",1,0,0.7334,0.0062533901205666,NA,NA,NA,NA,5000,0
66,"80","moderate","50/50",0.3,"mlma",1,0,0.9492,0.00310545842026584,NA,NA,NA,NA,5000,0
66,"80","moderate","50/50",0.3,"mlma_cr2",1,0,0.954,0.00296256645495084,74.8445169448977,74.9546495698123,68.6910082332871,76.8682288754504,5000,0
69,"80","moderate","70/30",0.3,"naive_re",1,0,0.7262,0.00630608531499535,NA,NA,NA,NA,5000,0
69,"80","moderate","70/30",0.3,"mlma",1,0,0.9474,0.00315699984162179,NA,NA,NA,NA,5000,0
69,"80","moderate","70/30",0.3,"mlma_cr2",1,0,0.9508,0.00305873699425106,41.8777058429787,41.9602749074997,36.6733232750274,46.3815815563031,5000,0
72,"80","moderate","85/15",0.3,"naive_re",1,0,0.732,0.006263800763115,NA,NA,NA,NA,5000,0
72,"80","moderate","85/15",0.3,"mlma",1,0,0.9474,0.00315699984162179,NA,NA,NA,NA,5000,0
72,"80","moderate","85/15",0.3,"mlma_cr2",1,0,0.951,0.00305283474822991,14.5371239135433,14.5572882404245,12.2672873630535,15.9593127783635,5000,0
75,"80","severe","50/50",0.3,"naive_re",1,0,0.593,0.00694767587039004,NA,NA,NA,NA,5000,0
75,"80","severe","50/50",0.3,"mlma",1,0,0.94,0.00335857112474933,NA,NA,NA,NA,5000,0
75,"80","severe","50/50",0.3,"mlma_cr2",1,0,0.9462,0.00319078548323136,72.3074225047169,72.7350863366171,55.1858186235445,76.5504428140499,5000,0
78,"80","severe","70/30",0.3,"naive_re",1,0,0.583,0.00697296206787331,NA,NA,NA,NA,5000,0
78,"80","severe","70/30",0.3,"mlma",1,0,0.9482,0.0031342227106573,NA,NA,NA,NA,5000,0
78,"80","severe","70/30",0.3,"mlma_cr2",1,0,0.955,0.00293172304285381,40.4677249240093,40.6180973799515,32.3229397428524,45.7108774021375,5000,0
81,"80","severe","85/15",0.3,"naive_re",0.9998,0.000199979998999889,0.6192,0.00686718807081909,NA,NA,NA,NA,5000,0
81,"80","severe","85/15",0.3,"mlma",1,0,0.9474,0.00315699984162179,NA,NA,NA,NA,5000,0
81,"80","severe","85/15",0.3,"mlma_cr2",0.9996,0.000282786138274123,0.9502,0.00307636018697421,14.0660800557546,14.1249489628259,10.8880226788484,15.8611213927925,5000,0
