"condition_id","J","imbalance","split","beta1_true","method","coverage","type_I_error","power","mean_ci_width","mean_df","bias","error_rate"
1,"20","balanced","50/50",0,"naive_re",0.7732,0.2268,NA,0.148465088768633,NA,0.0011882770270411,0
1,"20","balanced","50/50",0,"mlma",0.9292,0.0708,NA,0.237256073210453,NA,0.00118827702704128,0
1,"20","balanced","50/50",0,"mlma_cr2",0.9464,0.0536,NA,0.254318747683433,18,0.00118827702704128,0
2,"20","balanced","50/50",0.1,"naive_re",0.7698,NA,0.666,0.148658894783874,NA,0.00106617875613806,0
2,"20","balanced","50/50",0.1,"mlma",0.9382,NA,0.3936,0.237759719993569,NA,0.00106617875613815,0
2,"20","balanced","50/50",0.1,"mlma_cr2",0.9538,NA,0.3486,0.254857870448089,18,0.00106617875613815,0
3,"20","balanced","50/50",0.3,"naive_re",0.771,NA,1,0.148172906711915,NA,0.000110458701280736,0
3,"20","balanced","50/50",0.3,"mlma",0.9376,NA,0.9972,0.236527174180819,NA,0.000110458701280791,0
3,"20","balanced","50/50",0.3,"mlma_cr2",0.9508,NA,0.9966,0.253537905294994,18,0.000110458701280791,0
4,"20","balanced","70/30",0,"naive_re",0.7674,0.2326,NA,0.162859776585862,NA,-0.000798815711938701,0
4,"20","balanced","70/30",0,"mlma",0.9356,0.0644,NA,0.260924597049483,NA,-0.000798815711938816,0
4,"20","balanced","70/30",0,"mlma_cr2",0.9542,0.0458,NA,0.295465626087626,9.53079178885631,-0.000798815711938816,0
5,"20","balanced","70/30",0.1,"naive_re",0.7704,NA,0.6152,0.162587027802298,NA,0.000334356966835231,0
5,"20","balanced","70/30",0.1,"mlma",0.9338,NA,0.3386,0.260479883026477,NA,0.000334356966835148,0
5,"20","balanced","70/30",0.1,"mlma_cr2",0.9502,NA,0.2662,0.29398631382759,9.53079178885631,0.000334356966835148,0
6,"20","balanced","70/30",0.3,"naive_re",0.7616,NA,0.9988,0.162261552638465,NA,-0.000348832911113595,0
6,"20","balanced","70/30",0.3,"mlma",0.9276,NA,0.9902,0.259533117132132,NA,-0.000348832911113706,0
6,"20","balanced","70/30",0.3,"mlma_cr2",0.9504,NA,0.9766,0.2946901999492,9.53079178885631,-0.000348832911113706,0
7,"20","balanced","85/15",0,"naive_re",0.775,0.225,NA,0.208420486194653,NA,-0.00050365443649521,0
7,"20","balanced","85/15",0,"mlma",0.9392,0.0608,NA,0.333413231345522,NA,-0.000503654436495521,0
7,"20","balanced","85/15",0,"mlma_cr2",0.9724,0.0276,NA,0.534761165940493,2.7574321413184,-0.000503654436495521,0
8,"20","balanced","85/15",0.1,"naive_re",0.776,NA,0.4864,0.208280458288765,NA,0.000624832789999294,0
8,"20","balanced","85/15",0.1,"mlma",0.9378,NA,0.2262,0.333373411614598,NA,0.000624832789998697,0
8,"20","balanced","85/15",0.1,"mlma_cr2",0.9722,NA,0.1032,0.533185690405403,2.7574321413184,0.000624832789998697,0
9,"20","balanced","85/15",0.3,"naive_re",0.7684,NA,0.9884,0.207982917583322,NA,0.000215259333342099,0
9,"20","balanced","85/15",0.3,"mlma",0.9368,NA,0.9286,0.332330076465277,NA,0.000215259333340989,0
9,"20","balanced","85/15",0.3,"mlma_cr2",0.9724,NA,0.6136,0.538648944308811,2.7574321413184,0.000215259333340989,0
10,"20","moderate","50/50",0,"naive_re",0.7168,0.2832,NA,0.148601785339509,NA,-0.00125488828807795,0
10,"20","moderate","50/50",0,"mlma",0.9302,0.0698,NA,0.246757860788296,NA,-0.0013726386394257,0
10,"20","moderate","50/50",0,"mlma_cr2",0.9494,0.0506,NA,0.265518607434578,17.0435893343183,-0.0013726386394257,0
11,"20","moderate","50/50",0.1,"naive_re",0.725,NA,0.6606,0.148291319964497,NA,0.000705929106814995,0
11,"20","moderate","50/50",0.1,"mlma",0.9312,NA,0.3706,0.246388353908281,NA,0.000582487109055341,0
11,"20","moderate","50/50",0.1,"mlma_cr2",0.9474,NA,0.32,0.265067012535594,17.0490150216875,0.000582487109055341,0
12,"20","moderate","50/50",0.3,"naive_re",0.7118,NA,0.9992,0.148801861317719,NA,-9.73204196770827e-05,0
12,"20","moderate","50/50",0.3,"mlma",0.9362,NA,0.9948,0.247373862091087,NA,0.000134008220270432,0
12,"20","moderate","50/50",0.3,"mlma_cr2",0.9522,NA,0.9932,0.266033744315956,17.0491454941986,0.000134008220270432,0
13,"20","moderate","70/30",0,"naive_re",0.7186,0.2814,NA,0.16302647493045,NA,-0.00103805628313206,0
13,"20","moderate","70/30",0,"mlma",0.93,0.07,NA,0.268247613427899,NA,-0.000822225883735032,0
13,"20","moderate","70/30",0,"mlma_cr2",0.9486,0.0514,NA,0.306139713234998,9.06051471769633,-0.000822225883735032,0
14,"20","moderate","70/30",0.1,"naive_re",0.7184,NA,0.6028,0.163045413943508,NA,5.58612113193968e-05,0
14,"20","moderate","70/30",0.1,"mlma",0.9278,NA,0.3194,0.269503165603058,NA,0.000115584256762724,0
14,"20","moderate","70/30",0.1,"mlma_cr2",0.9496,NA,0.2494,0.306462580642737,9.09307659637489,0.000115584256762724,0
15,"20","moderate","70/30",0.3,"naive_re",0.7304,NA,0.998,0.162918059913531,NA,-0.000533869665533759,0
15,"20","moderate","70/30",0.3,"mlma",0.9362,NA,0.9896,0.269463684624341,NA,-0.000737534631201964,0
15,"20","moderate","70/30",0.3,"mlma_cr2",0.9556,NA,0.9656,0.306933052960288,9.07970420438368,-0.000737534631201964,0
16,"20","moderate","85/15",0,"naive_re",0.7242,0.2758,NA,0.214743762869694,NA,-0.000587321895630538,0
16,"20","moderate","85/15",0,"mlma",0.9306,0.0694,NA,0.345437368131543,NA,-0.00066593256052242,0
16,"20","moderate","85/15",0,"mlma_cr2",0.9718,0.0282,NA,0.566310861547603,2.6412837207391,-0.00066593256052242,0
17,"20","moderate","85/15",0.1,"naive_re",0.7212,NA,0.4788,0.214742395487738,NA,-0.00155307753027174,0
17,"20","moderate","85/15",0.1,"mlma",0.9306,NA,0.2236,0.346642286089423,NA,-0.0015049817349134,0
17,"20","moderate","85/15",0.1,"mlma_cr2",0.9728,NA,0.094,0.572796736630108,2.64602907374464,-0.0015049817349134,0
18,"20","moderate","85/15",0.3,"naive_re",0.7428,NA,0.9724,0.216412022469685,NA,-1.84255560026769e-05,0
18,"20","moderate","85/15",0.3,"mlma",0.9358,NA,0.9052,0.348089873411744,NA,-0.000161954337764281,0
18,"20","moderate","85/15",0.3,"mlma_cr2",0.9716,NA,0.5672,0.574690656365836,2.64457900082658,-0.000161954337764281,0
19,"20","severe","50/50",0,"naive_re",0.5874,0.4126,NA,0.150367396498404,NA,-0.0032851340661992,0
19,"20","severe","50/50",0,"mlma",0.9284,0.0716,NA,0.26479838959094,NA,-0.00216927654932361,0
19,"20","severe","50/50",0,"mlma_cr2",0.9474,0.0526,NA,0.285975132324133,16.111070565739,-0.00216927654932361,0
20,"20","severe","50/50",0.1,"naive_re",0.5842,NA,0.6238,0.150573607092569,NA,-0.0016863348467044,0
20,"20","severe","50/50",0.1,"mlma",0.9314,NA,0.324,0.263624788429173,NA,-0.00163391940180632,0
20,"20","severe","50/50",0.1,"mlma_cr2",0.9474,NA,0.2762,0.28471604373375,16.1165182087625,-0.00163391940180632,0
21,"20","severe","50/50",0.3,"naive_re",0.589,NA,0.993,0.149775641188076,NA,-0.000260351726517949,0
21,"20","severe","50/50",0.3,"mlma",0.9294,NA,0.9904,0.26277254897798,NA,9.84834648670718e-06,0
21,"20","severe","50/50",0.3,"mlma_cr2",0.946,NA,0.984,0.283901119370472,16.0876211971605,9.84834648670718e-06,0
22,"20","severe","70/30",0,"naive_re",0.6138,0.3862,NA,0.169786136680351,NA,-0.00231993997595132,0
22,"20","severe","70/30",0,"mlma",0.9166,0.0834,NA,0.287110380655161,NA,-0.00197464238708434,0
22,"20","severe","70/30",0,"mlma_cr2",0.9402,0.0598,NA,0.330170056342802,8.61812338181067,-0.00197464238708434,0
23,"20","severe","70/30",0.1,"naive_re",0.6204,NA,0.586,0.170168881194945,NA,-0.000318199447848222,0
23,"20","severe","70/30",0.1,"mlma",0.9246,NA,0.2932,0.287349513353663,NA,0.000172579876066739,0
23,"20","severe","70/30",0.1,"mlma_cr2",0.9502,NA,0.2314,0.328954345669103,8.64752084304338,0.000172579876066739,0
24,"20","severe","70/30",0.3,"naive_re",0.6242,NA,0.9872,0.169223318334447,NA,-0.00072488969713147,0
24,"20","severe","70/30",0.3,"mlma",0.9264,NA,0.9746,0.28684891167845,NA,-0.000812242536584129,0
24,"20","severe","70/30",0.3,"mlma_cr2",0.9498,NA,0.9422,0.328287866482069,8.62589566429824,-0.000812242536584129,0
25,"20","severe","85/15",0,"naive_re",0.6878,0.3122,NA,0.244288376679083,NA,-0.00143194598451496,0
25,"20","severe","85/15",0,"mlma",0.9278,0.0722,NA,0.37120066380815,NA,-0.00118038562717098,0
25,"20","severe","85/15",0,"mlma_cr2",0.9704,0.0296,NA,0.616847160240128,2.59461207007036,-0.00118038562717098,0
26,"20","severe","85/15",0.1,"naive_re",0.6906,NA,0.4642,0.242861824239082,NA,-0.00095775378308742,0
26,"20","severe","85/15",0.1,"mlma",0.9254,NA,0.2082,0.369631369114953,NA,-3.97564913494769e-05,0
26,"20","severe","85/15",0.1,"mlma_cr2",0.9676,NA,0.0928,0.610618070998842,2.59465394034543,-3.97564913494769e-05,0
27,"20","severe","85/15",0.3,"naive_re",0.6866,NA,0.9304,0.244196951650975,NA,0.0013616179128822,0
27,"20","severe","85/15",0.3,"mlma",0.9248,NA,0.8662,0.371849627051174,NA,0.0010956545418439,0
27,"20","severe","85/15",0.3,"mlma_cr2",0.9722,NA,0.5088,0.618828385699444,2.59260007121894,0.0010956545418439,0
28,"40","balanced","50/50",0,"naive_re",0.7778,0.2222,NA,0.106706477589666,NA,-0.000287555767928099,0
28,"40","balanced","50/50",0,"mlma",0.9422,0.0578,NA,0.169928606827926,NA,-0.000287555767928045,0
28,"40","balanced","50/50",0,"mlma_cr2",0.9508,0.0492,NA,0.175514696695656,38,-0.000287555767928045,0
29,"40","balanced","50/50",0.1,"naive_re",0.7832,NA,0.8612,0.106453861560155,NA,6.30986604787387e-05,0
29,"40","balanced","50/50",0.1,"mlma",0.945,NA,0.637,0.169438176921873,NA,6.30986604786832e-05,0
29,"40","balanced","50/50",0.1,"mlma_cr2",0.9534,NA,0.612,0.175008145474181,38,6.30986604786832e-05,0
30,"40","balanced","50/50",0.3,"naive_re",0.7718,NA,1,0.106596023021583,NA,-0.000592476446023837,0
30,"40","balanced","50/50",0.3,"mlma",0.9396,NA,1,0.169452363182655,NA,-0.000592476446024004,0
30,"40","balanced","50/50",0.3,"mlma_cr2",0.949,NA,1,0.175022797392806,38,-0.000592476446024004,0
31,"40","balanced","70/30",0,"naive_re",0.7838,0.2162,NA,0.11637378124199,NA,-0.00110973979697152,0
31,"40","balanced","70/30",0,"mlma",0.9432,0.0568,NA,0.185058106172716,NA,-0.00110973979697134,0
31,"40","balanced","70/30",0,"mlma_cr2",0.9524,0.0476,NA,0.195654355879167,20.8860759493671,-0.00110973979697134,0
32,"40","balanced","70/30",0.1,"naive_re",0.7752,NA,0.8104,0.116281633830727,NA,-0.000350847056558024,0
32,"40","balanced","70/30",0.1,"mlma",0.943,NA,0.5598,0.184854352176004,NA,-0.000350847056557788,0
32,"40","balanced","70/30",0.1,"mlma_cr2",0.9534,NA,0.5202,0.195191603169965,20.8860759493671,-0.000350847056557788,0
33,"40","balanced","70/30",0.3,"naive_re",0.782,NA,1,0.11650578949756,NA,-0.000228586259665098,0
33,"40","balanced","70/30",0.3,"mlma",0.9462,NA,1,0.185463529194208,NA,-0.000228586259664598,0
33,"40","balanced","70/30",0.3,"mlma_cr2",0.9506,NA,0.9998,0.195724947872066,20.8860759493671,-0.000228586259664598,0
34,"40","balanced","85/15",0,"naive_re",0.7834,0.2166,NA,0.149343267366309,NA,0.000193684235905214,0
34,"40","balanced","85/15",0,"mlma",0.9428,0.0572,NA,0.237866077449568,NA,0.000193684235905353,0
34,"40","balanced","85/15",0,"mlma_cr2",0.9536,0.0464,NA,0.280224341148377,6.88791484032561,0.000193684235905353,0
35,"40","balanced","85/15",0.1,"naive_re",0.793,NA,0.6644,0.149272483115847,NA,-0.00173026233518941,0
35,"40","balanced","85/15",0.1,"mlma",0.946589317863573,NA,0.371874374874975,0.237136668401679,NA,-0.00172379039729507,2e-04
35,"40","balanced","85/15",0.1,"mlma_cr2",0.953590718143629,NA,0.285657131426285,0.277471753456652,6.88791484032561,-0.00172379039729507,2e-04
36,"40","balanced","85/15",0.3,"naive_re",0.7774,NA,0.9994,0.149246134667874,NA,-0.000599170041901131,0
36,"40","balanced","85/15",0.3,"mlma",0.9412,NA,0.9988,0.237650421418079,NA,-0.000599170041899577,0
36,"40","balanced","85/15",0.3,"mlma_cr2",0.9554,NA,0.9868,0.279794388685515,6.88791484032561,-0.000599170041899577,0
37,"40","moderate","50/50",0,"naive_re",0.7298,0.2702,NA,0.106601989500957,NA,0.000283761636601719,0
37,"40","moderate","50/50",0,"mlma",0.945,0.055,NA,0.17634897247639,NA,0.00065447617512857,0
37,"40","moderate","50/50",0,"mlma_cr2",0.9522,0.0478,NA,0.182395471678459,36.3239928866956,0.00065447617512857,0
38,"40","moderate","50/50",0.1,"naive_re",0.7228,NA,0.8356,0.106349900381178,NA,0.000328313321694404,0
38,"40","moderate","50/50",0.1,"mlma",0.9438,NA,0.6036,0.175641056583348,NA,0.000249533061297436,0
38,"40","moderate","50/50",0.1,"mlma_cr2",0.9512,NA,0.5776,0.181684034736985,36.3173635706518,0.000249533061297436,0
39,"40","moderate","50/50",0.3,"naive_re",0.7196,NA,1,0.106847343366322,NA,0.000269161544696694,0
39,"40","moderate","50/50",0.3,"mlma",0.9444,NA,1,0.176961151396575,NA,0.000189964847219615,0
39,"40","moderate","50/50",0.3,"mlma_cr2",0.9518,NA,1,0.183014283544639,36.340341539909,0.000189964847219615,0
40,"40","moderate","70/30",0,"naive_re",0.732,0.268,NA,0.116539574331464,NA,0.000398733530148939,0
40,"40","moderate","70/30",0,"mlma",0.945,0.055,NA,0.192050091138231,NA,0.000354425685689416,0
40,"40","moderate","70/30",0,"mlma_cr2",0.952,0.048,NA,0.203815876180144,20.0082402275041,0.000354425685689416,0
41,"40","moderate","70/30",0.1,"naive_re",0.7226,NA,0.7772,0.116648068278254,NA,-0.000661904427035648,0
41,"40","moderate","70/30",0.1,"mlma",0.9408,NA,0.5294,0.192627117293469,NA,-0.00051029404180343,0
41,"40","moderate","70/30",0.1,"mlma_cr2",0.9486,NA,0.4856,0.203324485901381,20.0171321010343,-0.00051029404180343,0
42,"40","moderate","70/30",0.3,"naive_re",0.7278,NA,1,0.116428499150103,NA,-0.00144272614546997,0
42,"40","moderate","70/30",0.3,"mlma",0.9412,NA,1,0.191824523850821,NA,-0.0011457905154037,0
42,"40","moderate","70/30",0.3,"mlma_cr2",0.9454,NA,0.9998,0.202999228693583,19.9870143461115,-0.0011457905154037,0
43,"40","moderate","85/15",0,"naive_re",0.7298,0.2702,NA,0.15132241398379,NA,0.00177391003032621,0
43,"40","moderate","85/15",0,"mlma",0.947,0.053,NA,0.247162799622386,NA,0.00111659501527706,0
43,"40","moderate","85/15",0,"mlma_cr2",0.9548,0.0452,NA,0.293643657234516,6.5972868102249,0.00111659501527706,0
44,"40","moderate","85/15",0.1,"naive_re",0.7286,NA,0.645,0.15152555202635,NA,0.000408534324012874,0
44,"40","moderate","85/15",0.1,"mlma",0.9398,NA,0.3678,0.247223204280147,NA,0.000565094439283861,0
44,"40","moderate","85/15",0.1,"mlma_cr2",0.9556,NA,0.282,0.292355254301873,6.58664832677906,0.000565094439283861,0
45,"40","moderate","85/15",0.3,"naive_re",0.7222,NA,0.9996,0.151117569267982,NA,0.000202603987917827,0
45,"40","moderate","85/15",0.3,"mlma",0.9414,NA,0.9964,0.246662166514382,NA,4.8965626039621e-05,0
45,"40","moderate","85/15",0.3,"mlma_cr2",0.9504,NA,0.976,0.292836704096773,6.59638219742053,4.8965626039621e-05,0
46,"40","severe","50/50",0,"naive_re",0.6034,0.3966,NA,0.106585325925391,NA,0.00145154837429352,0
46,"40","severe","50/50",0,"mlma",0.945189037807561,0.0548109621924385,NA,0.187908918394308,NA,0.00147544421582808,2e-04
46,"40","severe","50/50",0,"mlma_cr2",0.953990798159632,0.0460092018403681,NA,0.194634521114093,34.848157256859,0.00147544421582808,2e-04
47,"40","severe","50/50",0.1,"naive_re",0.5926,NA,0.778,0.106762119093809,NA,0.000475214294966664,0
47,"40","severe","50/50",0.1,"mlma",0.9436,NA,0.5394,0.188514809876815,NA,-0.000510928134755922,0
47,"40","severe","50/50",0.1,"mlma_cr2",0.9522,NA,0.5116,0.195241345299449,34.873416690987,-0.000510928134755922,0
48,"40","severe","50/50",0.3,"naive_re",0.5886,NA,0.9998,0.106855282975032,NA,-0.000226285453897024,0
48,"40","severe","50/50",0.3,"mlma",0.9382,NA,1,0.188323445595075,NA,-0.000189785188440761,0
48,"40","severe","50/50",0.3,"mlma_cr2",0.9456,NA,1,0.195029950058115,34.8860292135439,-0.000189785188440761,0
49,"40","severe","70/30",0,"naive_re",0.5862,0.4138,NA,0.118278781506293,NA,0.00155480804261784,0
49,"40","severe","70/30",0,"mlma",0.936,0.064,NA,0.205518277048611,NA,0.000331286744767591,0
49,"40","severe","70/30",0,"mlma_cr2",0.949,0.051,NA,0.218055830802354,19.2620040548136,0.000331286744767591,0
50,"40","severe","70/30",0.1,"naive_re",0.6024,NA,0.7378,0.117878932319323,NA,0.000134113484270573,0
50,"40","severe","70/30",0.1,"mlma",0.9396,NA,0.4852,0.205068363579013,NA,0.000175759657296673,0
50,"40","severe","70/30",0.1,"mlma_cr2",0.9484,NA,0.441,0.217005244822807,19.2135077139677,0.000175759657296673,0
51,"40","severe","70/30",0.3,"naive_re",0.595,NA,0.9986,0.118396321922554,NA,-0.00119565100438429,0
51,"40","severe","70/30",0.3,"mlma",0.9418,NA,1,0.206072157966839,NA,-0.000963681658883442,0
51,"40","severe","70/30",0.3,"mlma_cr2",0.9522,NA,0.9998,0.218769719041098,19.2453185426464,-0.000963681658883442,0
52,"40","severe","85/15",0,"naive_re",0.636,0.364,NA,0.161361194139204,NA,0.00241128310438875,0
52,"40","severe","85/15",0,"mlma",0.9366,0.0634,NA,0.264197390528674,NA,0.00256253576588396,0
52,"40","severe","85/15",0,"mlma_cr2",0.9538,0.0462,NA,0.316817860415705,6.37963084198583,0.00256253576588396,0
53,"40","severe","85/15",0.1,"naive_re",0.639,NA,0.6018,0.16131676341421,NA,0.00111744251219528,0
53,"40","severe","85/15",0.1,"mlma",0.9454,NA,0.32,0.264848971984136,NA,0.000648894060913771,0
53,"40","severe","85/15",0.1,"mlma_cr2",0.9598,NA,0.2254,0.31682332625653,6.38597042326334,0.000648894060913771,0
54,"40","severe","85/15",0.3,"naive_re",0.6476,NA,0.9938,0.161510148688773,NA,0.00088896570139102,0
54,"40","severe","85/15",0.3,"mlma",0.938,NA,0.9918,0.263575711537957,NA,0.00029307057558875,0
54,"40","severe","85/15",0.3,"mlma_cr2",0.9514,NA,0.9612,0.316497261467177,6.38224011882258,0.00029307057558875,0
55,"80","balanced","50/50",0,"naive_re",0.7806,0.2194,NA,0.0758919756763001,NA,0.000499812829333278,0
55,"80","balanced","50/50",0,"mlma",0.9472,0.0528,NA,0.120380387125748,NA,0.000499812829333813,0
55,"80","balanced","50/50",0,"mlma_cr2",0.9498,0.0502,NA,0.122277224602103,78,0.000499812829333813,0
56,"80","balanced","50/50",0.1,"naive_re",0.782,NA,0.9766,0.0758558529115037,NA,0.000344005599535943,0
56,"80","balanced","50/50",0.1,"mlma",0.9504,NA,0.8998,0.120226999683628,NA,0.000344005599536679,0
56,"80","balanced","50/50",0.1,"mlma_cr2",0.9534,NA,0.8954,0.122121419943134,78,0.000344005599536679,0
57,"80","balanced","50/50",0.3,"naive_re",0.7746,NA,1,0.0758489967796772,NA,-4.7610697657241e-05,0
57,"80","balanced","50/50",0.3,"mlma",0.9436,NA,1,0.120250236966211,NA,-4.76106976559643e-05,0
57,"80","balanced","50/50",0.3,"mlma_cr2",0.9484,NA,1,0.122145023279972,78,-4.76106976559643e-05,0
58,"80","balanced","70/30",0,"naive_re",0.7862,0.2138,NA,0.0827864885021492,NA,-0.000888098125282882,0
58,"80","balanced","70/30",0,"mlma",0.9474,0.0526,NA,0.131407638636917,NA,-0.000888098125281686,0
58,"80","balanced","70/30",0,"mlma_cr2",0.9498,0.0502,NA,0.134660303599379,43.5906271536871,-0.000888098125281686,0
59,"80","balanced","70/30",0.1,"naive_re",0.7736,NA,0.961,0.0827800723707048,NA,0.000706694386898743,0
59,"80","balanced","70/30",0.1,"mlma",0.948,NA,0.8452,0.131330798928008,NA,0.000706694386901394,0
59,"80","balanced","70/30",0.1,"mlma_cr2",0.9504,NA,0.8272,0.134558435771961,43.5906271536871,0.000706694386901394,0
60,"80","balanced","70/30",0.3,"naive_re",0.7892,NA,1,0.0827160775457467,NA,-0.000487739752438265,0
60,"80","balanced","70/30",0.3,"mlma",0.9446,NA,1,0.131188665806017,NA,-0.000487739752432825,0
60,"80","balanced","70/30",0.3,"mlma_cr2",0.9504,NA,1,0.134458687053064,43.5906271536871,-0.000487739752432825,0
61,"80","balanced","85/15",0,"naive_re",0.7824,0.2176,NA,0.106198661557251,NA,0.000531350217162436,0
61,"80","balanced","85/15",0,"mlma",0.9494,0.0506,NA,0.168452732630567,NA,0.000531350217163127,0
61,"80","balanced","85/15",0,"mlma_cr2",0.9556,0.0444,NA,0.180998271654741,15.1474668584935,0.000531350217163127,0
62,"80","balanced","85/15",0.1,"naive_re",0.7818,NA,0.8634,0.106132595586454,NA,0.000187451773875538,0
62,"80","balanced","85/15",0.1,"mlma",0.9452,NA,0.6508,0.168323709299406,NA,0.00018745177387644,0
62,"80","balanced","85/15",0.1,"mlma_cr2",0.9496,NA,0.586,0.180976655101126,15.1474668584935,0.00018745177387644,0
63,"80","balanced","85/15",0.3,"naive_re",0.7842,NA,1,0.106174404631503,NA,0.00160440335689688,0
63,"80","balanced","85/15",0.3,"mlma",0.9442,NA,1,0.168338380042496,NA,0.00160440335689793,0
63,"80","balanced","85/15",0.3,"mlma_cr2",0.9502,NA,1,0.181475577601032,15.1474668584935,0.00160440335689793,0
64,"80","moderate","50/50",0,"naive_re",0.7304,0.2696,NA,0.0757817623261542,NA,0.000476500035028317,0
64,"80","moderate","50/50",0,"mlma",0.95,0.05,NA,0.124932936439293,NA,0.000380302551162021,0
64,"80","moderate","50/50",0,"mlma_cr2",0.9542,0.0458,NA,0.126985810101838,74.8393981674663,0.000380302551162021,0
65,"80","moderate","50/50",0.1,"naive_re",0.7248,NA,0.9646,0.0758528221398543,NA,-6.33801592411776e-05,0
65,"80","moderate","50/50",0.1,"mlma",0.9394,NA,0.8764,0.125093063241982,NA,-0.000144262677213541,0
65,"80","moderate","50/50",0.1,"mlma_cr2",0.9438,NA,0.8696,0.127154274469918,74.8524208759634,-0.000144262677213541,0
66,"80","moderate","50/50",0.3,"naive_re",0.7334,NA,1,0.0756909424902402,NA,-0.000224708370309468,0
66,"80","moderate","50/50",0.3,"mlma",0.9492,NA,1,0.12486954614378,NA,9.37454791606895e-05,0
66,"80","moderate","50/50",0.3,"mlma_cr2",0.954,NA,1,0.126922527321246,74.8445169448977,9.37454791606895e-05,0
67,"80","moderate","70/30",0,"naive_re",0.7354,0.2646,NA,0.0827883358559569,NA,0.000407139372383509,0
67,"80","moderate","70/30",0,"mlma",0.9512,0.0488,NA,0.136355259059999,NA,0.000327827298883565,0
67,"80","moderate","70/30",0,"mlma_cr2",0.9526,0.0474,NA,0.140075238728421,41.898286864475,0.000327827298883565,0
68,"80","moderate","70/30",0.1,"naive_re",0.7252,NA,0.9404,0.082810778158718,NA,-0.000233413952849024,0
68,"80","moderate","70/30",0.1,"mlma",0.9506,NA,0.8118,0.136551493519243,NA,0.000169091845133501,0
68,"80","moderate","70/30",0.1,"mlma_cr2",0.9538,NA,0.7922,0.140475076087558,41.8775117905313,0.000169091845133501,0
69,"80","moderate","70/30",0.3,"naive_re",0.7262,NA,1,0.0828057058757426,NA,0.00043434607273618,0
69,"80","moderate","70/30",0.3,"mlma",0.9474,NA,1,0.136437377492389,NA,0.000399606356936755,0
69,"80","moderate","70/30",0.3,"mlma_cr2",0.9508,NA,1,0.140184545178257,41.8777058429787,0.000399606356936755,0
70,"80","moderate","85/15",0,"naive_re",0.713,0.287,NA,0.106892061930216,NA,0.000551002528488701,0
70,"80","moderate","85/15",0,"mlma",0.9442,0.0558,NA,0.175061004619321,NA,0.000370094419505581,0
70,"80","moderate","85/15",0,"mlma_cr2",0.952,0.048,NA,0.188005882089837,14.5299619634448,0.000370094419505581,0
71,"80","moderate","85/15",0.1,"naive_re",0.722,NA,0.8256,0.106856022333219,NA,-0.000299987279624339,0
71,"80","moderate","85/15",0.1,"mlma",0.9432,NA,0.5924,0.175156742707323,NA,-0.000570799266412639,0
71,"80","moderate","85/15",0.1,"mlma_cr2",0.9534,NA,0.5344,0.188831139093329,14.5388948579825,-0.000570799266412639,0
72,"80","moderate","85/15",0.3,"naive_re",0.732,NA,1,0.106687456519682,NA,0.000119035346540897,0
72,"80","moderate","85/15",0.3,"mlma",0.9474,NA,1,0.174932327258448,NA,0.000209247814053737,0
72,"80","moderate","85/15",0.3,"mlma_cr2",0.951,NA,1,0.188489591427202,14.5371239135433,0.000209247814053737,0
73,"80","severe","50/50",0,"naive_re",0.5836,0.4164,NA,0.0758095049967602,NA,-0.000523843792924254,0
73,"80","severe","50/50",0,"mlma",0.945,0.055,NA,0.133872663837829,NA,-0.000664418636987535,0
73,"80","severe","50/50",0,"mlma_cr2",0.949,0.051,NA,0.136142513610973,72.3298630796888,-0.000664418636987535,0
74,"80","severe","50/50",0.1,"naive_re",0.5904,NA,0.9086,0.0759108659446046,NA,-7.5739562892016e-05,0
74,"80","severe","50/50",0.1,"mlma",0.9406,NA,0.8248,0.133843317819898,NA,-0.000146436215849657,0
74,"80","severe","50/50",0.1,"mlma_cr2",0.9456,NA,0.8178,0.13610379761987,72.3092134005334,-0.000146436215849657,0
75,"80","severe","50/50",0.3,"naive_re",0.593,NA,1,0.0756900416357534,NA,-0.000125776857568927,0
75,"80","severe","50/50",0.3,"mlma",0.94,NA,1,0.133686642955945,NA,0.00016447696720695,0
75,"80","severe","50/50",0.3,"mlma_cr2",0.9462,NA,1,0.135944828957268,72.3074225047169,0.00016447696720695,0
76,"80","severe","70/30",0,"naive_re",0.5982,0.4018,NA,0.0831813572099985,NA,-0.00012589976596216,0
76,"80","severe","70/30",0,"mlma",0.946,0.054,NA,0.145785788518453,NA,7.15564119483352e-06,0
76,"80","severe","70/30",0,"mlma_cr2",0.9506,0.0494,NA,0.149592037895544,40.4483410443093,7.15564119483352e-06,0
77,"80","severe","70/30",0.1,"naive_re",0.588,NA,0.8804,0.0831150768691826,NA,0.000535570492327622,0
77,"80","severe","70/30",0.1,"mlma",0.9426,NA,0.7766,0.14569171563635,NA,0.00143189082596289,0
77,"80","severe","70/30",0.1,"mlma_cr2",0.9472,NA,0.7562,0.149880682500339,40.4565560228398,0.00143189082596289,0
78,"80","severe","70/30",0.3,"naive_re",0.583,NA,1,0.0831995076648022,NA,0.00143652492036278,0
78,"80","severe","70/30",0.3,"mlma",0.9482,NA,1,0.145732154904647,NA,0.000983976885288951,0
78,"80","severe","70/30",0.3,"mlma_cr2",0.955,NA,1,0.150110365877604,40.4677249240093,0.000983976885288951,0
79,"80","severe","85/15",0,"naive_re",0.6122,0.3878,NA,0.109864243307896,NA,0.000681180755360091,0
79,"80","severe","85/15",0,"mlma",0.9482,0.0518,NA,0.187605278771221,NA,-0.000297833165141974,0
79,"80","severe","85/15",0,"mlma_cr2",0.9556,0.0444,NA,0.203442086600266,14.0749010291192,-0.000297833165141974,0
80,"80","severe","85/15",0.1,"naive_re",0.6146,NA,0.7646,0.10981569022285,NA,-0.000694327462864436,0
80,"80","severe","85/15",0.1,"mlma",0.9468,NA,0.546,0.187370296498615,NA,-0.00042094934311275,0
80,"80","severe","85/15",0.1,"mlma_cr2",0.9524,NA,0.489,0.202489745593751,14.0690879154551,-0.00042094934311275,0
81,"80","severe","85/15",0.3,"naive_re",0.6192,NA,0.9998,0.109791951337394,NA,-0.00017033261208188,0
81,"80","severe","85/15",0.3,"mlma",0.9474,NA,1,0.187156595925288,NA,0.000339989816534103,0
81,"80","severe","85/15",0.3,"mlma_cr2",0.9502,NA,0.9996,0.201167015198014,14.0660800557546,0.000339989816534103,0
