original_path,public_path,sha256,copy_sha256,bytes,hash_comparison
docs/Simulation_Study_2/data/condition_grid_alignment_analysis.csv,reproducibility/data/study2_design/condition_grid_alignment_analysis.csv,9ee1f04996291baffdb78d8a930cf46e26c9d6bafe3ae935e90fbec35c7f4d8e,9ee1f04996291baffdb78d8a930cf46e26c9d6bafe3ae935e90fbec35c7f4d8e,1159,identical
output/sim_study_2_production/manifest/design_hashes.csv,reproducibility/data/study2_design/design_hashes.csv,b82d147f406b4936cb9d5051d3efbce42fc4bfa6bd1fe79b5038f84c27fbc658,b82d147f406b4936cb9d5051d3efbce42fc4bfa6bd1fe79b5038f84c27fbc658,897,identical
docs/Simulation_Study_3/data/scenario_grid_all.csv,reproducibility/data/study3_design/scenario_grid_all.csv,8727d03b64e63a7d0f7984001e9cfb57fabcd427fbb624fb8b1c17c36b987ee4,8727d03b64e63a7d0f7984001e9cfb57fabcd427fbb624fb8b1c17c36b987ee4,55407,identical
docs/Simulation_Study_3/data/scenario_study_structure.csv,reproducibility/data/study3_design/scenario_study_structure.csv,8c09f8b5c4a4d3d89bedfced3059ba8ed00dbac2789aafeb7df1a2bf701b9b5f,8c09f8b5c4a4d3d89bedfced3059ba8ed00dbac2789aafeb7df1a2bf701b9b5f,240070,identical
docs/Simulation_Study_3/data/scenario_metric_library.csv,reproducibility/data/study3_design/scenario_metric_library.csv,6a5484f1b1f8a59b5cc21df351ee7f473ad9d9725ec576370c50479f45919600,6a5484f1b1f8a59b5cc21df351ee7f473ad9d9725ec576370c50479f45919600,358695,identical
docs/Simulation_Study_3/data/targeted_pair_diagnostics.csv,reproducibility/data/study3_design/targeted_pair_diagnostics.csv,05f16f45a7636c8e148e59c088f55f06540bd64af0e0f4a36a43a5024c9c4a29,05f16f45a7636c8e148e59c088f55f06540bd64af0e0f4a36a43a5024c9c4a29,2701,identical
docs/Simulation_Study_3/data/scenario_hashes.csv,reproducibility/data/study3_design/scenario_hashes.csv,20caa6c983af7f5eb1926aa0b493a9e2314a3d51fcdfa6a21143cef6999eaabc,20caa6c983af7f5eb1926aa0b493a9e2314a3d51fcdfa6a21143cef6999eaabc,688,identical
docs/Simulation_Study_4/data/broad_scenarios.csv,reproducibility/data/study4_design/broad_scenarios.csv,ddd654c82a3fde97282eb6b8a86ffd4fe59c189a740628e400315cd8dd00fadc,ddd654c82a3fde97282eb6b8a86ffd4fe59c189a740628e400315cd8dd00fadc,100416,identical
docs/Simulation_Study_4/data/coverage_report.csv,reproducibility/data/study4_design/coverage_report.csv,47b79fedff952f7e6f5cac07d4b5223509d00dda91118c35a48403d1c1644adf,47b79fedff952f7e6f5cac07d4b5223509d00dda91118c35a48403d1c1644adf,1094,identical
docs/Simulation_Study_4/data/design_hashes.csv,reproducibility/data/study4_design/design_hashes.csv,e5dc8565def4c5b1f9d9aa2d0a5c19e9cf4a87136215b98ce5e5a4a36051cc5d,e5dc8565def4c5b1f9d9aa2d0a5c19e9cf4a87136215b98ce5e5a4a36051cc5d,1018,identical
docs/Simulation_Study_4/data/diagnostic_library.csv,reproducibility/data/study4_design/diagnostic_library.csv,007868c7b32496b9ecf89fb44dfda0a934b20700096250a2bfd5266f2b3aa78e,007868c7b32496b9ecf89fb44dfda0a934b20700096250a2bfd5266f2b3aa78e,2153636,identical
docs/Simulation_Study_4/data/fragility_family_diagnostics.csv,reproducibility/data/study4_design/fragility_family_diagnostics.csv,9adaea4aa50356e44c69fac934f1ed0062d241c1ea3e931b9342e192fd4ea4be,9adaea4aa50356e44c69fac934f1ed0062d241c1ea3e931b9342e192fd4ea4be,2081,identical
docs/Simulation_Study_4/data/scenario_library.csv,reproducibility/data/study4_design/scenario_library.csv,cdd922bb2e3dad983a825915e4776e0220c317e60feb8c0e941690d03e1ad503,cdd922bb2e3dad983a825915e4776e0220c317e60feb8c0e941690d03e1ad503,184941,identical
docs/Simulation_Study_4/data/study4_config.csv,reproducibility/data/study4_design/study4_config.csv,7931d0b97cd011f8e0b2be0297506308a4dad4f228e7ce8255f485ea47e4916a,7931d0b97cd011f8e0b2be0297506308a4dad4f228e7ce8255f485ea47e4916a,3927,identical
docs/Simulation_Study_4/data/study_structure.csv,reproducibility/data/study4_design/study_structure.csv,5818225a0ab51ac8e922c5e0ebbb8d319be5294c116daf69ec9a0f09a992c68c,5818225a0ab51ac8e922c5e0ebbb8d319be5294c116daf69ec9a0f09a992c68c,389726,identical
docs/Simulation_Study_4/data/targeted_pair_diagnostics.csv,reproducibility/data/study4_design/targeted_pair_diagnostics.csv,a754df6306fa2e9b32d22a81bef09965d38e13acd2ea93b40f809c7a09c97170,a754df6306fa2e9b32d22a81bef09965d38e13acd2ea93b40f809c7a09c97170,10692,identical
docs/Simulation_Study_4/data/targeted_scenarios.csv,reproducibility/data/study4_design/targeted_scenarios.csv,49a846b41080b86da41741ec12822bbf489b6a07df94fa09207bdb3fd936b51d,49a846b41080b86da41741ec12822bbf489b6a07df94fa09207bdb3fd936b51d,86327,identical
output/sim_study_1_final/sim_study_1_summary.csv,reproducibility/results/study1/sim_study_1_summary.csv,55629cec37acca537f39334ddde907fd881139ad21fae7fd04cbe679c32bb384,55629cec37acca537f39334ddde907fd881139ad21fae7fd04cbe679c32bb384,51380,identical
output/sim_study_1_final/run_config.csv,reproducibility/results/study1/run_config.csv,50df8d8e1b5e71a8ce009a5d2c317736969df5493bb2482302d93f48585db016,50df8d8e1b5e71a8ce009a5d2c317736969df5493bb2482302d93f48585db016,612,identical
output/sim_study_1_final/tables/design_grid.csv,reproducibility/results/study1/tables/design_grid.csv,70f482a89b0be7cf71f67edcf397be866a9e9f7c3b7276aacedbdd5aae79772a,70f482a89b0be7cf71f67edcf397be866a9e9f7c3b7276aacedbdd5aae79772a,4346,identical
output/sim_study_1_final/tables/table_coverage.csv,reproducibility/results/study1/tables/table_coverage.csv,3908559d793dc196b5c402cb4298ac80ceb85e8d4c8e56ca3eb25fe098fcaa5b,3908559d793dc196b5c402cb4298ac80ceb85e8d4c8e56ca3eb25fe098fcaa5b,21768,identical
output/sim_study_1_final/tables/table_cr2_df.csv,reproducibility/results/study1/tables/table_cr2_df.csv,a50edc31ca1780f58ef5e1760f964fda3593498c54058d7fd22456af80dcdf3a,a50edc31ca1780f58ef5e1760f964fda3593498c54058d7fd22456af80dcdf3a,10242,identical
output/sim_study_1_final/tables/table_method_comparison.csv,reproducibility/results/study1/tables/table_method_comparison.csv,a3075c988fade601b01a7a78bb9236b1843f08e7995942343e015513475589f6,a3075c988fade601b01a7a78bb9236b1843f08e7995942343e015513475589f6,25340,identical
output/sim_study_1_final/tables/table_power_beta10.csv,reproducibility/results/study1/tables/table_power_beta10.csv,dab396da3a28fe57a22de2cea066697811d99290bd2610c419de37675cc8c54a,dab396da3a28fe57a22de2cea066697811d99290bd2610c419de37675cc8c54a,10690,identical
output/sim_study_1_final/tables/table_power_beta30.csv,reproducibility/results/study1/tables/table_power_beta30.csv,f758dbf54add5a81de069e028824bbb929f5cb6e03203e88f85e082a72e4c2d5,f758dbf54add5a81de069e028824bbb929f5cb6e03203e88f85e082a72e4c2d5,9777,identical
output/sim_study_1_final/tables/table_type1_error.csv,reproducibility/results/study1/tables/table_type1_error.csv,655037d464e8a74be86fc4547a7a87709c1388983ece9e351aae9486d046c545,655037d464e8a74be86fc4547a7a87709c1388983ece9e351aae9486d046c545,10531,identical
output/sim_study_1_final/extended_summaries/sim_study_1_summary_extended.csv,reproducibility/results/study1/extended_summaries/sim_study_1_summary_extended.csv,24b1199b5a3fa99d6c48fa13afee7678c1d182e06b5f6c02225c365686e45f46,24b1199b5a3fa99d6c48fa13afee7678c1d182e06b5f6c02225c365686e45f46,149409,identical
output/sim_study_1_final/extended_summaries/table_se_calibration.csv,reproducibility/results/study1/extended_summaries/table_se_calibration.csv,e18902f5068e2fc0c5ef3824c405948d640140d70745c04525f789811ecd51ae,e18902f5068e2fc0c5ef3824c405948d640140d70745c04525f789811ecd51ae,28459,identical
output/sim_study_1_final/extended_summaries/table_monte_carlo_uncertainty.csv,reproducibility/results/study1/extended_summaries/table_monte_carlo_uncertainty.csv,94ef2923c9d4dc583c671f55ca07a189f3bf848fc49a1548b08a6dfcff37102a,94ef2923c9d4dc583c671f55ca07a189f3bf848fc49a1548b08a6dfcff37102a,41250,identical
output/sim_study_1_final/extended_summaries/sim_study_1_failure_diagnostics.csv,reproducibility/results/study1/extended_summaries/sim_study_1_failure_diagnostics.csv,792167e39fba91eefec2b1f20229de5edae950b85235cf8ae51fc42c0843ce7e,792167e39fba91eefec2b1f20229de5edae950b85235cf8ae51fc42c0843ce7e,1324,identical
output/sim_study_2_production/summaries/alignment_stress_summary.csv,reproducibility/results/study2/summaries/alignment_stress_summary.csv,e2d418203e0bcef4c03d33e1028f09ba5da9367754d476c5ec9523ad42e9d091,e2d418203e0bcef4c03d33e1028f09ba5da9367754d476c5ec9523ad42e9d091,40716,identical
output/sim_study_2_production/summaries/condition_design_summary.csv,reproducibility/results/study2/summaries/condition_design_summary.csv,b97da03881504e4642546f70473e4de1dba7fe1bf3a6a1748a2d625852fd9618,b97da03881504e4642546f70473e4de1dba7fe1bf3a6a1748a2d625852fd9618,80500,identical
output/sim_study_2_production/summaries/condition_method_summary.csv,reproducibility/results/study2/summaries/condition_method_summary.csv,cc89cc5abf0e0c093c86c4882903ff0322906e17d5c0d0a680613c0b96754502,cc89cc5abf0e0c093c86c4882903ff0322906e17d5c0d0a680613c0b96754502,453088,identical
output/sim_study_2_production/summaries/monte_carlo_uncertainty.csv,reproducibility/results/study2/summaries/monte_carlo_uncertainty.csv,ade14a2b5b6ae44bfa5ebd4924af6b4f73487342489630a2dc2648c79e94bdc0,ade14a2b5b6ae44bfa5ebd4924af6b4f73487342489630a2dc2648c79e94bdc0,143830,identical
output/sim_study_2_production/tables/table_alignment.csv,reproducibility/results/study2/tables/table_alignment.csv,11f2236a029f028c3e307ea6fcbc5139848e72658346dd50d71554625cac7ef0,11f2236a029f028c3e307ea6fcbc5139848e72658346dd50d71554625cac7ef0,15032,identical
output/sim_study_2_production/tables/table_coverage.csv,reproducibility/results/study2/tables/table_coverage.csv,39333a10b20f23ee79dd1f3bb1082f0fef6d10e6e3b7c39c7e3b361d472579a1,39333a10b20f23ee79dd1f3bb1082f0fef6d10e6e3b7c39c7e3b361d472579a1,104849,identical
output/sim_study_2_production/tables/table_design.csv,reproducibility/results/study2/tables/table_design.csv,b183f8cac79bed87076d5882402a2055a581178ee029325e605364bbdb2f5fa5,b183f8cac79bed87076d5882402a2055a581178ee029325e605364bbdb2f5fa5,13877,identical
output/sim_study_2_production/tables/table_df.csv,reproducibility/results/study2/tables/table_df.csv,ef246bdf5aa5b69f11199c4424005c19e94bce00e1d4d188a986d3e2ca1936f2,ef246bdf5aa5b69f11199c4424005c19e94bce00e1d4d188a986d3e2ca1936f2,150223,identical
output/sim_study_2_production/tables/table_failures.csv,reproducibility/results/study2/tables/table_failures.csv,2745aba40753035728c8fae0997be6bec6ce859af64c40f4265501bd60e29c3b,2745aba40753035728c8fae0997be6bec6ce859af64c40f4265501bd60e29c3b,83036,identical
output/sim_study_2_production/tables/table_method_comparison.csv,reproducibility/results/study2/tables/table_method_comparison.csv,c5ef04b6686bef9e429eecef89b16d6567469362bc0d4a2a7e607179d331f4eb,c5ef04b6686bef9e429eecef89b16d6567469362bc0d4a2a7e607179d331f4eb,139890,identical
output/sim_study_2_production/tables/table_n_templates.csv,reproducibility/results/study2/tables/table_n_templates.csv,670061abce873c0ada9f4400c1a656ef14e75b648fc87b862752fd5926d8ebf8,670061abce873c0ada9f4400c1a656ef14e75b648fc87b862752fd5926d8ebf8,1428,identical
output/sim_study_2_production/tables/table_power.csv,reproducibility/results/study2/tables/table_power.csv,78ee775f56d25196bac853fd5f58006003599482b60183010da2a1ee30e56880,78ee775f56d25196bac853fd5f58006003599482b60183010da2a1ee30e56880,76254,identical
output/sim_study_2_production/tables/table_se_calibration.csv,reproducibility/results/study2/tables/table_se_calibration.csv,96bab8d0416876beeb5d20914478af76ca78d6f8fb28965fb0690a22083535b7,96bab8d0416876beeb5d20914478af76ca78d6f8fb28965fb0690a22083535b7,114891,identical
output/sim_study_2_production/tables/table_type1_error.csv,reproducibility/results/study2/tables/table_type1_error.csv,c0b35a2ed97dbb339117d60dbcdd3551f139483f14ac3c52a2d505ce107367a1,c0b35a2ed97dbb339117d60dbcdd3551f139483f14ac3c52a2d505ce107367a1,75283,identical
output/sim_study_2_production/manifest/run_config.csv,reproducibility/results/study2/run_config.csv,350e55d08f2818199162e50108fa924243bbd4155f93282c132d0039995e42c9,350e55d08f2818199162e50108fa924243bbd4155f93282c132d0039995e42c9,1044,identical
output/sim_study_3_production/summaries/condition_method_summary.csv,reproducibility/results/study3/summaries/condition_method_summary.csv,bccec96b3d8cf488e38554f7959bbab4aa061f6a6cb895e4985c834f0132ebf1,bccec96b3d8cf488e38554f7959bbab4aa061f6a6cb895e4985c834f0132ebf1,863099,identical
output/sim_study_3_production/summaries/df_prediction_summary.csv,reproducibility/results/study3/summaries/df_prediction_summary.csv,67a50df08e1c40a223d39939d139bc71b2c8cf8777373aea6ea906c8543c824b,67a50df08e1c40a223d39939d139bc71b2c8cf8777373aea6ea906c8543c824b,373,identical
output/sim_study_3_production/summaries/heterogeneity_sensitivity_summary.csv,reproducibility/results/study3/summaries/heterogeneity_sensitivity_summary.csv,206ca21cc37468a4050411d0fdaa0c99db4bc8fa36374140169992d3db2febfb,206ca21cc37468a4050411d0fdaa0c99db4bc8fa36374140169992d3db2febfb,2499,identical
output/sim_study_3_production/summaries/metric_variant_power_prediction_by_empirical_range.csv,reproducibility/results/study3/summaries/metric_variant_power_prediction_by_empirical_range.csv,4fe1388443c2e971ec66a5e5b3654f5e782c43af57b92fd885a728fe13f61253,4fe1388443c2e971ec66a5e5b3654f5e782c43af57b92fd885a728fe13f61253,16885,identical
output/sim_study_3_production/summaries/metric_variant_power_prediction_by_scenario.csv,reproducibility/results/study3/summaries/metric_variant_power_prediction_by_scenario.csv,df0e909531991f105b152549da3651d334a8fd42de8eb417c8f4c5fc0f2e807e,df0e909531991f105b152549da3651d334a8fd42de8eb417c8f4c5fc0f2e807e,1329197,identical
output/sim_study_3_production/summaries/metric_variant_power_prediction_misspecification.csv,reproducibility/results/study3/summaries/metric_variant_power_prediction_misspecification.csv,62b33f585ec019c1de431a20c9bdc84d91098fec3df007e4843c63676a52e994,62b33f585ec019c1de431a20c9bdc84d91098fec3df007e4843c63676a52e994,37587,identical
output/sim_study_3_production/summaries/metric_variant_power_prediction_misspecification_association.csv,reproducibility/results/study3/summaries/metric_variant_power_prediction_misspecification_association.csv,94eefe5d75a9a3df430d44e31330a6ab030d395099f010c839a70f530ddee769,94eefe5d75a9a3df430d44e31330a6ab030d395099f010c839a70f530ddee769,6188,identical
output/sim_study_3_production/summaries/metric_variant_power_prediction_summary.csv,reproducibility/results/study3/summaries/metric_variant_power_prediction_summary.csv,a5e347fe779667c128b0b8c98dd7f954cb5f610c5158c6ff2f3ef84fb428909d,a5e347fe779667c128b0b8c98dd7f954cb5f610c5158c6ff2f3ef84fb428909d,12778,identical
output/sim_study_3_production/summaries/monte_carlo_uncertainty.csv,reproducibility/results/study3/summaries/monte_carlo_uncertainty.csv,d9d0b2c6eca6572a551515d4854ec3d7f7614ed2602e0d7bcb0d1105c8f79833,d9d0b2c6eca6572a551515d4854ec3d7f7614ed2602e0d7bcb0d1105c8f79833,127721,identical
output/sim_study_3_production/summaries/power_prediction_by_scenario.csv,reproducibility/results/study3/summaries/power_prediction_by_scenario.csv,d7adde6ea7ce9e38dee59741f2d2602407dabcc97ea445e48e3058bbc59cb86a,d7adde6ea7ce9e38dee59741f2d2602407dabcc97ea445e48e3058bbc59cb86a,212427,identical
output/sim_study_3_production/summaries/power_prediction_summary.csv,reproducibility/results/study3/summaries/power_prediction_summary.csv,928ae3972982890248e4636b4f3b9d741a6916d3bc828154ec04e238a41b12f3,928ae3972982890248e4636b4f3b9d741a6916d3bc828154ec04e238a41b12f3,373,identical
output/sim_study_3_production/summaries/rho_sensitivity_summary.csv,reproducibility/results/study3/summaries/rho_sensitivity_summary.csv,d6d840c3e6ebda438c2863a7284999df036c3047a1efb4a819c8cc88a19f31bc,d6d840c3e6ebda438c2863a7284999df036c3047a1efb4a819c8cc88a19f31bc,2000,identical
output/sim_study_3_production/summaries/scenario_design_summary.csv,reproducibility/results/study3/summaries/scenario_design_summary.csv,6b99782f8102ea94e70640245ce551879c5dc5343ad568fac985ac0954a15848,6b99782f8102ea94e70640245ce551879c5dc5343ad568fac985ac0954a15848,23720,identical
output/sim_study_3_production/summaries/scenario_metric_summary.csv,reproducibility/results/study3/summaries/scenario_metric_summary.csv,35eb546c4420fedbf9568ec10d2b546f09b44d525166fbb3b7a794805159d89d,35eb546c4420fedbf9568ec10d2b546f09b44d525166fbb3b7a794805159d89d,22994,identical
output/sim_study_3_production/summaries/targeted_pair_summary.csv,reproducibility/results/study3/summaries/targeted_pair_summary.csv,d5a42d8e1dd17765bb23715857c7d0b70da9af39bb46a03b75dfa7f986998f37,d5a42d8e1dd17765bb23715857c7d0b70da9af39bb46a03b75dfa7f986998f37,3702,identical
output/sim_study_3_production/summaries/variance_prediction_by_scenario.csv,reproducibility/results/study3/summaries/variance_prediction_by_scenario.csv,bde537bc95170c058526530112ddf817061a0d399fd8deeacc62b8aa2f1b6e00,bde537bc95170c058526530112ddf817061a0d399fd8deeacc62b8aa2f1b6e00,68168,identical
output/sim_study_3_production/summaries/variance_prediction_summary.csv,reproducibility/results/study3/summaries/variance_prediction_summary.csv,b08433bc5dd19ff45064098b022769119cf8ec4b43d9e4762934dc26af9534ba,b08433bc5dd19ff45064098b022769119cf8ec4b43d9e4762934dc26af9534ba,375,identical
output/sim_study_3_production/manifest/run_config.csv,reproducibility/results/study3/run_config.csv,196ac288f367f42d03f69d6a4c7db37ec386c020c5d6031ff14150b887ec8f7d,196ac288f367f42d03f69d6a4c7db37ec386c020c5d6031ff14150b887ec8f7d,1190,identical
docs/Simulation_Study_3/heterogeneity_sensitivity/heterogeneity_misspecification_summary.csv,reproducibility/results/study3/heterogeneity_sensitivity/heterogeneity_misspecification_summary.csv,37ca88cd4ec5e8ab710fd4f10a6bc8ed400df408b89016f0ea953144787ef4f5,37ca88cd4ec5e8ab710fd4f10a6bc8ed400df408b89016f0ea953144787ef4f5,99764,identical
docs/Simulation_Study_3/heterogeneity_sensitivity/heterogeneity_power_range_by_scenario.csv,reproducibility/results/study3/heterogeneity_sensitivity/heterogeneity_power_range_by_scenario.csv,8429f702b0dc26f11db92d0567fa858371cf3246984bcf1ca5494ab88cebe528,8429f702b0dc26f11db92d0567fa858371cf3246984bcf1ca5494ab88cebe528,329553,identical
docs/Simulation_Study_3/heterogeneity_sensitivity/heterogeneity_sensitivity_by_design_slice.csv,reproducibility/results/study3/heterogeneity_sensitivity/heterogeneity_sensitivity_by_design_slice.csv,f200c0274da39adb1b8000639397eea9b762ac924f31691f028fc81e49464f4c,f200c0274da39adb1b8000639397eea9b762ac924f31691f028fc81e49464f4c,606316,identical
docs/Simulation_Study_3/heterogeneity_sensitivity/heterogeneity_sensitivity_grid.csv,reproducibility/results/study3/heterogeneity_sensitivity/heterogeneity_sensitivity_grid.csv,ba90bee6ee4d49a04d1ad097604dd8efe8f2e7a0773b996d9dff991d6ec4e329,ba90bee6ee4d49a04d1ad097604dd8efe8f2e7a0773b996d9dff991d6ec4e329,15453161,identical
docs/Simulation_Study_3/heterogeneity_sensitivity/heterogeneity_sensitivity_summary.csv,reproducibility/results/study3/heterogeneity_sensitivity/heterogeneity_sensitivity_summary.csv,005e5911138fe5eb81fffbb7ebb54615c1cf52edbd66384bb5dd185baa48b4ec,005e5911138fe5eb81fffbb7ebb54615c1cf52edbd66384bb5dd185baa48b4ec,412297,identical
output/sim_study_4_production/summaries/comparator_performance_summary.csv,reproducibility/results/study4/summaries/comparator_performance_summary.csv,f52ae4bf27d0ad0c49bce44b40d905c3c3b9f74e73fec1919c40ae0c79112e7c,f52ae4bf27d0ad0c49bce44b40d905c3c3b9f74e73fec1919c40ae0c79112e7c,730,identical
output/sim_study_4_production/summaries/condition_method_summary.csv,reproducibility/results/study4/summaries/condition_method_summary.csv,0b44f6609be16fe4ff6a2a7bb9497df87277d38a6b000f1e6d5c9d07f1d37228,0b44f6609be16fe4ff6a2a7bb9497df87277d38a6b000f1e6d5c9d07f1d37228,326232,identical
output/sim_study_4_production/summaries/fragility_family_summary.csv,reproducibility/results/study4/summaries/fragility_family_summary.csv,47af2792b9666748901c6eb3a8e8f59e2f653f737c7ba407fb176f0ace92825b,47af2792b9666748901c6eb3a8e8f59e2f653f737c7ba407fb176f0ace92825b,1171,identical
output/sim_study_4_production/summaries/fragility_family_summary_derived.csv,reproducibility/results/study4/summaries/fragility_family_summary_derived.csv,7a69de3f490391f3c47537ebb0a17864edc78e6ff76a98776c89fb5d50da6349,7a69de3f490391f3c47537ebb0a17864edc78e6ff76a98776c89fb5d50da6349,2269,identical
output/sim_study_4_production/summaries/fragility_family_summary_derived_provenance.csv,reproducibility/results/study4/summaries/fragility_family_summary_derived_provenance.csv,dde0d00f5a147018b064366ca7516db72ca46c6964711b128cb1014d627db965,dde0d00f5a147018b064366ca7516db72ca46c6964711b128cb1014d627db965,1291,identical
output/sim_study_4_production/summaries/fragility_family_summary_derived_vs_reconstruction_audit.csv,reproducibility/results/study4/summaries/fragility_family_summary_derived_vs_reconstruction_audit.csv,c644ecee46c7acb51906039f3c3fb8904a7eaa90978e8cc1aa5f9b82d5ab35cc,c644ecee46c7acb51906039f3c3fb8904a7eaa90978e8cc1aa5f9b82d5ab35cc,6815,identical
output/sim_study_4_production/summaries/fragility_family_summary_reconstructed.csv,reproducibility/results/study4/summaries/fragility_family_summary_reconstructed.csv,f347f88b252c7c6bf5bdaacbf7dbe1dc18774087670332ec56ef86a5beac16ef,f347f88b252c7c6bf5bdaacbf7dbe1dc18774087670332ec56ef86a5beac16ef,5825,identical
output/sim_study_4_production/summaries/heterogeneity_sensitivity_grid_documentation.csv,reproducibility/results/study4/summaries/heterogeneity_sensitivity_grid_documentation.csv,4805086b2a56f9d869d3ede15c97df84452f4f680fba48ffd084b690bbbe0a37,4805086b2a56f9d869d3ede15c97df84452f4f680fba48ffd084b690bbbe0a37,9633,identical
output/sim_study_4_production/summaries/heterogeneity_sensitivity_range_documentation.csv,reproducibility/results/study4/summaries/heterogeneity_sensitivity_range_documentation.csv,b6b8c032bbec27d7550517805d08f95eb245b22cd082b42f22788919d38f0b33,b6b8c032bbec27d7550517805d08f95eb245b22cd082b42f22788919d38f0b33,675,identical
output/sim_study_4_production/summaries/heterogeneity_sensitivity_summary.csv,reproducibility/results/study4/summaries/heterogeneity_sensitivity_summary.csv,bc5d5f9b88dccac7cc27f702ea61d4b8b9b2a6dfa6ecc3d114a148b978566b5e,bc5d5f9b88dccac7cc27f702ea61d4b8b9b2a6dfa6ecc3d114a148b978566b5e,223,identical
output/sim_study_4_production/summaries/monte_carlo_uncertainty.csv,reproducibility/results/study4/summaries/monte_carlo_uncertainty.csv,b8bc592a2eb3aed8c19d71fa60fe45b753f8ac9713f8b18bb5df7769b9281807,b8bc592a2eb3aed8c19d71fa60fe45b753f8ac9713f8b18bb5df7769b9281807,87154,identical
output/sim_study_4_production/summaries/power_calibration_summary.csv,reproducibility/results/study4/summaries/power_calibration_summary.csv,7e8bc633b8ad448a3daa9dafa9590a0fc89f25b4669a74d990addacb478a1320,7e8bc633b8ad448a3daa9dafa9590a0fc89f25b4669a74d990addacb478a1320,4263,identical
output/sim_study_4_production/summaries/retention_validation_summary.csv,reproducibility/results/study4/summaries/retention_validation_summary.csv,53401251a5e416410df61e3a84513c7492d42ca103d6c1ba048253b628560fd7,53401251a5e416410df61e3a84513c7492d42ca103d6c1ba048253b628560fd7,213,identical
output/sim_study_4_production/summaries/support_validation_summary.csv,reproducibility/results/study4/summaries/support_validation_summary.csv,1baa2a7edeba2dc80c083fb5c32f50a89cb3e5913da7f9ee8c72ad28c7ea327d,1baa2a7edeba2dc80c083fb5c32f50a89cb3e5913da7f9ee8c72ad28c7ea327d,428,identical
output/sim_study_4_production/summaries/targeted_pair_summary.csv,reproducibility/results/study4/summaries/targeted_pair_summary.csv,0b0512d031a52b20a55f00728e0daa1619c1d86aadd68f1fe61fd58de95f136e,0b0512d031a52b20a55f00728e0daa1619c1d86aadd68f1fe61fd58de95f136e,4388,identical
output/sim_study_4_production/summaries/type1_robustness_summary.csv,reproducibility/results/study4/summaries/type1_robustness_summary.csv,30be460a428e4a91d7e8df917f53057ff27ed7a72654b20e1eb6728d7f39ee47,30be460a428e4a91d7e8df917f53057ff27ed7a72654b20e1eb6728d7f39ee47,185,identical
output/sim_study_4_production/summaries/variance_calibration_summary.csv,reproducibility/results/study4/summaries/variance_calibration_summary.csv,910d8972c0c3cff98baa515fd46db0277af30aef012f8db0a659f3050c7c1297,910d8972c0c3cff98baa515fd46db0277af30aef012f8db0a659f3050c7c1297,795,identical
output/sim_study_4_production/manifest/run_config.csv,reproducibility/results/study4/run_config.csv,229e3753074b82498e1ce7d51470a7aaaf83f1d7ac3ebe6cde3ccd7252131dae,229e3753074b82498e1ce7d51470a7aaaf83f1d7ac3ebe6cde3ccd7252131dae,4527,identical
