"file","sha256"
"scenario_library.csv","cdd922bb2e3dad983a825915e4776e0220c317e60feb8c0e941690d03e1ad503"
"broad_scenarios.csv","ddd654c82a3fde97282eb6b8a86ffd4fe59c189a740628e400315cd8dd00fadc"
"targeted_scenarios.csv","49a846b41080b86da41741ec12822bbf489b6a07df94fa09207bdb3fd936b51d"
"study_structure.csv","5818225a0ab51ac8e922c5e0ebbb8d319be5294c116daf69ec9a0f09a992c68c"
"diagnostic_library.csv","007868c7b32496b9ecf89fb44dfda0a934b20700096250a2bfd5266f2b3aa78e"
"targeted_pair_diagnostics.csv","a754df6306fa2e9b32d22a81bef09965d38e13acd2ea93b40f809c7a09c97170"
"fragility_family_diagnostics.csv","9adaea4aa50356e44c69fac934f1ed0062d241c1ea3e931b9342e192fd4ea4be"
"coverage_report.csv","47b79fedff952f7e6f5cac07d4b5223509d00dda91118c35a48403d1c1644adf"
"study4_config.csv","7931d0b97cd011f8e0b2be0297506308a4dad4f228e7ce8255f485ea47e4916a"
"scenario_seed_root","8252026"
"pair_candidate_seed","8253026"
"expanded_candidate_pool","FALSE"
"n_scenarios","120"
"git_commit","07eaaa8ac9b845fd5b3e5e861f67d3d5b444ef56"
