"parameter","value"
"study_id","4"
"run_mode","production"
"beta0","0.2"
"beta1_levels","0,0.05,0.1,0.2"
"confirmatory_beta1","0.1"
"alpha","0.05"
"ci_level","0.95"
"rho_plan_primary","0.5"
"n_min","20"
"n_max","3000"
"k_min","1"
"k_max","30"
"J_levels","24,36,48,72,96,120,144"
"p1_range","0.1,0.5"
"mean_n_range","40,500"
"n_cv_range","0,0.9"
"mean_k_range","2,10"
"k_cv_range","0,0.9"
"lambda_range","0,1"
"rho_true_range","0.1,0.9"
"tau_range","0.02,0.3"
"omega_range","0.02,0.3"
"nk_relationships","independent,positive,negative"
"alignment_directions","independent,minority_favored,majority_favored"
"n_broad","64"
"n_targeted","56"
"n_scenarios","120"
"n_candidate_pool","100000"
"n_candidate_pool_expanded","250000"
"pair_candidate_seed","8253026"
"pair_candidate_seed_expanded","8253027"
"scenario_seed_root","8252026"
"n_rep_total","5000"
"chunk_size","500"
"workers","NA"
"seed_root_outcomes","1100000000"
"scenario_stride","1000000"
"replication_stride","100"
"methods","mlma,mlma_cr2"
"n_methods","2"
"type1_band","0.025,0.075"
"failure_flag","0.01"
"warning_separator"," || "
"boundary_tolerance","1e-08"
"pair_a_ic_s_tol","0.05"
"pair_a_n_tol","0.02"
"pair_a_k_tol","0.02"
"pair_a_rh_sep","0.25"
"pair_b_tc_tol","0.05"
"pair_b_jmin_tol","0.1"
"pair_b_bj_tol","0.1"
"pair_b_bc_sep","0.25"
"pair_c_ich_tol","0.05"
"pair_c_tc_tol","0.1"
"pair_c_jmin_ratio","2"
"pair_c_bj_sep","0.2"
"pair_d_jmin_tol","0.05"
"pair_d_bj_tol","0.05"
"pair_d_ich_sep","0.5"
"class_e_tau","0.05,0.12,0.2,0.3"
"class_e_omega","0.15"
"n_class_e_families","6"
"n_pairs_per_class","4"
"max_broad_seed_attempts","100"
"output_base","NA"
"overwrite","FALSE"
"resume","TRUE"
"method_row_multiplier","2"
"implementation_decision_01","n_j integerization bounds inherited from Study 3: [20, 3000]."
"implementation_decision_02","k_j integerization bounds inherited from Study 3: [1, 30]."
"implementation_decision_03","Target CV is converted to lognormal sdlog via sqrt(log(1+CV^2))."
"implementation_decision_04","Alignment map: minority_favored -> nk_minority, majority_favored -> nk_majority, independent -> lambda=0."
"implementation_decision_05","beta0 = 0.20, inherited from Studies 2-3; Study 4 estimand is beta1."
"implementation_decision_06","Minority count J1 is at least 1 and at most floor(J/2); Study 4 does not require J1>=3."
"implementation_decision_07","Broad coverage unspecified cutoffs: tertiles of the 64 for I_C,S* and J_min,S*; B_C,S>=0.80 / <=0.50; tau/omega bins 0.12 and 0.20; I_C,S* p90-vs-p10 d_rel>=0.25; high sampling information = top tertile of the 64."
"implementation_decision_08","Pair ranking mismatch is the sum of held-constant relative/absolute differences. Class C ranks by J_min* ratio then |B_J|."
"implementation_decision_09","Selection order: Classes A, B, C, D greedy non-overlapping, then Class E from remaining candidates. Expansion to 250000 if A-D or E fail on 100000."
"implementation_decision_10","Pair arm A = lower candidate_id; arm B = higher candidate_id."
"implementation_decision_11","Scenario IDs: 1-64 broad; 65-96 Classes A-D; 97-120 Class E."
"implementation_decision_12","Class E CRN: outcome_scenario_id is the family's first scenario (tau=0.05). Standardized u_j ~ N(0,1) are scaled by true tau; w_ij and e_ij share that seed. omega=0.15 is fixed."
"implementation_decision_13","Stored methods: two rows per beta-specific dataset (mlma and mlma_cr2) sharing one rma.mv fit. Production method-row multiplier = 2."
"implementation_decision_14","Pilot n_rep=20 and chunk_size=10 are runtime-only and are not frozen production sizes."
"implementation_decision_15","Candidate-pool generation may use forked workers (SIM4_POOL_CORES); each candidate still uses its own frozen seed, so results are independent of core count."
"implementation_decision_16","Production requires ALLOW_SIM4_PRODUCTION=YES plus frozen-file, validation, hash, count, pair, family, resume, and overwrite gates."
