"comparator","spearman_vs_empirical_variance","spearman_vs_power_0.10","n"
"N_total",-0.506684981684982,0.526510989010989,64
"J",-0.594468831390839,0.653101563768699,64
"K_total",-0.585194427630231,0.617520804994727,64
"mean_n_target",-0.143177655677656,0.115934065934066,64
"minority_study_count",-0.603647319910422,0.677914163142234,64
"J_prec",-0.541025641025641,0.595558608058608,64
"J_k",-0.554532967032967,0.614972527472528,64
"I_C_S_star",-0.546565934065934,0.583562271062271,64
"I_C_H_star",-0.982417582417582,0.966575091575091,64
"R_H",-0.360531135531136,0.308699633699634,64
"B_C",-0.250503663003663,0.323901098901099,64
"J_min_star",-0.583653846153846,0.661217948717949,64
"B_J",-0.250228937728938,0.320695970695971,64
