"scenario_id","beta1_true","method","n_success","n_attempted","reject_rate","mcse_reject_rate","empirical_sd","mean_df","elevated_failure_flag","error_rate"
1,0,"mlma",5000,5000,0.0586,0.00332162731202644,0.0488421675129463,NA,FALSE,0
1,0,"mlma_cr2",5000,5000,0.0576,0.00329491244193226,0.0488421675129463,70.4046546653558,FALSE,0
1,0.05,"mlma",5000,5000,0.1944,0.00559658181392893,0.048842167512624,NA,FALSE,0
1,0.05,"mlma_cr2",5000,5000,0.1824,0.00546132291665673,0.048842167512624,70.4046546644775,FALSE,0
1,0.1,"mlma",5000,5000,0.5576,0.00702399088837678,0.0488421675125198,NA,FALSE,0
1,0.1,"mlma_cr2",5000,5000,0.5444,0.00704313339359692,0.0488421675125198,70.4046546663415,FALSE,0
1,0.2,"mlma",5000,5000,0.985,0.00171901134376711,0.0488421675128669,NA,FALSE,0
1,0.2,"mlma_cr2",5000,5000,0.9832,0.00181756760534512,0.0488421675128669,70.4046546653715,FALSE,0
2,0,"mlma",5000,5000,0.0586,0.00332162731202644,0.0373736404590916,NA,FALSE,0
2,0,"mlma_cr2",5000,5000,0.0544,0.0032075111847038,0.0373736404590916,41.5560669994261,FALSE,0
2,0.05,"mlma",5000,5000,0.2778,0.00633446382892822,0.0373736404606154,NA,FALSE,0
2,0.05,"mlma_cr2",5000,5000,0.2664,0.00625189635230783,0.0373736404606154,41.5560669992944,FALSE,0
2,0.1,"mlma",5000,5000,0.776,0.00589616824726025,0.0373736404579531,NA,FALSE,0
2,0.1,"mlma_cr2",5000,5000,0.7526,0.00610234774492572,0.0373736404579531,41.5560669990505,FALSE,0
2,0.2,"mlma",5000,5000,0.9996,0.000282786138274123,0.0373736404590703,NA,FALSE,0
2,0.2,"mlma_cr2",5000,5000,0.9994,0.000346306222872199,0.0373736404590703,41.5560669997366,FALSE,0
3,0,"mlma",5000,5000,0.057,0.00327874976172321,0.0430974298898576,NA,FALSE,0
3,0,"mlma_cr2",5000,5000,0.052,0.00313993630508646,0.0430974298898576,46.0752180292303,FALSE,0
3,0.05,"mlma",5000,5000,0.2222,0.00587923736550924,0.0430974298916432,NA,FALSE,0
3,0.05,"mlma_cr2",5000,5000,0.2098,0.00575819346670464,0.0430974298916432,46.0752180297406,FALSE,0
3,0.1,"mlma",5000,5000,0.6476,0.00675594908210534,0.0430974298930791,NA,FALSE,0
3,0.1,"mlma_cr2",5000,5000,0.6344,0.00681082432602692,0.0430974298930791,46.0752180292487,FALSE,0
3,0.2,"mlma",5000,5000,0.9956,0.000936017093861,0.043097429892546,NA,FALSE,0
3,0.2,"mlma_cr2",5000,5000,0.9952,0.000977441558355284,0.043097429892546,46.0752180290891,FALSE,0
4,0,"mlma",5000,5000,0.0556,0.00324063697442339,0.0470765472488974,NA,FALSE,0
4,0,"mlma_cr2",5000,5000,0.0484,0.00303504332753257,0.0470765472488974,28.4253101977479,FALSE,0
4,0.05,"mlma",5000,5000,0.199,0.00564621997446079,0.047076547248002,NA,FALSE,0
4,0.05,"mlma_cr2",5000,5000,0.1794,0.00542615222786829,0.047076547248002,28.4253101975956,FALSE,0
4,0.1,"mlma",5000,5000,0.5682,0.00700498051389153,0.0470765472474965,NA,FALSE,0
4,0.1,"mlma_cr2",5000,5000,0.524,0.00706291724431201,0.0470765472474965,28.4253101971935,FALSE,0
4,0.2,"mlma",5000,5000,0.9908,0.00135021183523179,0.0470765472470941,NA,FALSE,0
4,0.2,"mlma_cr2",5000,5000,0.9858,0.00167322204145176,0.0470765472470941,28.4253101975131,FALSE,0
5,0,"mlma",5000,5000,0.0526,0.00315699984162179,0.0531350530218305,NA,FALSE,0
5,0,"mlma_cr2",5000,5000,0.0496,0.00307049963361014,0.0531350530218305,18.0931573198167,FALSE,0
5,0.05,"mlma",5000,5000,0.1554,0.00512349177807479,0.0531350530216723,NA,FALSE,0
5,0.05,"mlma_cr2",5000,5000,0.146,0.00499367600070329,0.0531350530216723,18.0931573197308,FALSE,0
5,0.1,"mlma",5000,5000,0.4546,0.00704185827747193,0.0531350530222915,NA,FALSE,0
5,0.1,"mlma_cr2",5000,5000,0.4218,0.00698404982800094,0.0531350530222915,18.0931573196929,FALSE,0
5,0.2,"mlma",5000,5000,0.9632,0.00266254614983478,0.0531350530213565,NA,FALSE,0
5,0.2,"mlma_cr2",5000,5000,0.9446,0.00323514574633045,0.0531350530213565,18.0931573196283,FALSE,0
6,0,"mlma",5000,5000,0.0524,0.00315132480077824,0.0313029258926527,NA,FALSE,0
6,0,"mlma_cr2",5000,5000,0.0514,0.00312275647465504,0.0313029258926527,38.2354862327873,FALSE,0
6,0.05,"mlma",5000,5000,0.3528,0.00675769428133591,0.0313029258907899,NA,FALSE,0
6,0.05,"mlma_cr2",5000,5000,0.3398,0.00669829769419067,0.0313029258907899,38.2354862335178,FALSE,0
6,0.1,"mlma",5000,5000,0.8838,0.00453205383904472,0.0313029258925178,NA,FALSE,0
6,0.1,"mlma_cr2",5000,5000,0.8742,0.00468986908132839,0.0313029258925178,38.2354862325652,FALSE,0
6,0.2,"mlma",5000,5000,1,0,0.031302925889768,NA,FALSE,0
6,0.2,"mlma_cr2",5000,5000,1,0,0.031302925889768,38.2354862324644,FALSE,0
7,0,"mlma",5000,5000,0.0566,0.00326791799162709,0.039362400821425,NA,FALSE,0
7,0,"mlma_cr2",5000,5000,0.0518,0.0031342227106573,0.039362400821425,59.5092803652058,FALSE,0
7,0.05,"mlma",5000,5000,0.254,0.00615603768669426,0.0393624008213242,NA,FALSE,0
7,0.05,"mlma_cr2",5000,5000,0.2418,0.0060552912398992,0.0393624008213242,59.5092803649186,FALSE,0
7,0.1,"mlma",5000,5000,0.7214,0.00634006372207725,0.0393624008215736,NA,FALSE,0
7,0.1,"mlma_cr2",5000,5000,0.7064,0.00644048196954234,0.0393624008215736,59.5092803645616,FALSE,0
7,0.2,"mlma",5000,5000,0.9988,0.000489603921552918,0.0393624008205235,NA,FALSE,0
7,0.2,"mlma_cr2",5000,5000,0.9986,0.000528779727296718,0.0393624008205235,59.5092803656865,FALSE,0
8,0,"mlma",5000,5000,0.055,0.0032241277890307,0.0737939155542352,NA,FALSE,0
8,0,"mlma_cr2",5000,5000,0.0512,0.0031170036894428,0.0737939155542352,21.5675575307149,FALSE,0
8,0.05,"mlma",4998,5000,0.112645058023209,0.00447204980708201,0.0738080432964156,NA,FALSE,4e-04
8,0.05,"mlma_cr2",4998,5000,0.102040816326531,0.00428170886893592,0.0738080432964156,21.5675945651698,FALSE,4e-04
8,0.1,"mlma",4999,5000,0.278855771154231,0.00634248306485146,0.0738006749596381,NA,FALSE,2e-04
8,0.1,"mlma_cr2",4999,5000,0.249849969993999,0.00612311121863702,0.0738006749596381,21.5675980978955,FALSE,2e-04
8,0.2,"mlma",5000,5000,0.7764,0.00589241953699836,0.073793915556832,NA,FALSE,0
8,0.2,"mlma_cr2",5000,5000,0.7408,0.0061970212199088,0.073793915556832,21.5675575306617,FALSE,0
9,0,"mlma",5000,5000,0.0534,0.00317957355631223,0.0386756772622883,NA,FALSE,0
9,0,"mlma_cr2",5000,5000,0.0514,0.00312275647465504,0.0386756772622883,109.96384883371,FALSE,0
9,0.05,"mlma",5000,5000,0.2592,0.0061970212199088,0.0386756772646324,NA,FALSE,0
9,0.05,"mlma_cr2",5000,5000,0.2518,0.00613835091860998,0.0386756772646324,109.963848836221,FALSE,0
9,0.1,"mlma",5000,5000,0.7386,0.00621401705823214,0.0386756772613022,NA,FALSE,0
9,0.1,"mlma_cr2",5000,5000,0.7298,0.00627999936305729,0.0386756772613022,109.963848834792,FALSE,0
9,0.2,"mlma",5000,5000,0.999,0.00044698993277254,0.0386756772624922,NA,FALSE,0
9,0.2,"mlma_cr2",5000,5000,0.9988,0.000489603921552918,0.0386756772624922,109.96384883606,FALSE,0
10,0,"mlma",5000,5000,0.0564,0.00326248494249399,0.0466363422056427,NA,FALSE,0
10,0,"mlma_cr2",5000,5000,0.0482,0.00302908435009658,0.0466363422056427,35.9372355541344,FALSE,0
10,0.05,"mlma",5000,5000,0.1976,0.00563123858489409,0.0466363422029721,NA,FALSE,0
10,0.05,"mlma_cr2",5000,5000,0.19,0.00554797260267208,0.0466363422029721,35.9372355536569,FALSE,0
10,0.1,"mlma",5000,5000,0.5758,0.00698933988299324,0.0466363422051414,NA,FALSE,0
10,0.1,"mlma_cr2",5000,5000,0.5518,0.00703301869754375,0.0466363422051414,35.9372355552739,FALSE,0
10,0.2,"mlma",4999,5000,0.990598119623925,0.00136494308240948,0.0466406192924928,NA,FALSE,2e-04
10,0.2,"mlma_cr2",4999,5000,0.989197839567914,0.00146202676338997,0.0466406192924928,35.9371036192861,FALSE,2e-04
11,0,"mlma",5000,5000,0.0556,0.00324063697442339,0.0598661521233688,NA,FALSE,0
11,0,"mlma_cr2",5000,5000,0.0486,0.0030409879973456,0.0598661521233688,33.3591135560474,FALSE,0
11,0.05,"mlma",5000,5000,0.139,0.00489242271272628,0.059866152123494,NA,FALSE,0
11,0.05,"mlma_cr2",5000,5000,0.128,0.00472474337927469,0.059866152123494,33.3591135561322,FALSE,0
11,0.1,"mlma",5000,5000,0.391,0.00690099992754673,0.0598661521231015,NA,FALSE,0
11,0.1,"mlma_cr2",5000,5000,0.3668,0.00681553754299688,0.0598661521231015,33.3591135560377,FALSE,0
11,0.2,"mlma",5000,5000,0.9152,0.0039397705516946,0.0598661521231083,NA,FALSE,0
11,0.2,"mlma_cr2",5000,5000,0.9054,0.00413886071280491,0.0598661521231083,33.3591135561008,FALSE,0
12,0,"mlma",5000,5000,0.0592,0.0033375248313683,0.0526963407807448,NA,FALSE,0
12,0,"mlma_cr2",5000,5000,0.0578,0.00330027756408457,0.0526963407807448,52.082931970035,FALSE,0
12,0.05,"mlma",5000,5000,0.1664,0.00526708724059133,0.0526963407842443,NA,FALSE,0
12,0.05,"mlma_cr2",5000,5000,0.1602,0.00518721428128818,0.0526963407842443,52.0829319664238,FALSE,0
12,0.1,"mlma",5000,5000,0.5012,0.00707104744716085,0.052696340786319,NA,FALSE,0
12,0.1,"mlma_cr2",5000,5000,0.4846,0.00706771306718093,0.052696340786319,52.0829319687022,FALSE,0
12,0.2,"mlma",5000,5000,0.9654,0.0025846794772273,0.0526963407850438,NA,FALSE,0
12,0.2,"mlma_cr2",5000,5000,0.9626,0.00268332778467335,0.0526963407850438,52.0829319659355,FALSE,0
13,0,"mlma",4997,5000,0.0510306183710226,0.0031130553384196,0.0790620575656644,NA,FALSE,6e-04
13,0,"mlma_cr2",4997,5000,0.047828697218331,0.00301888900137571,0.0790620575656644,41.0468347762399,FALSE,6e-04
13,0.05,"mlma",4996,5000,0.0986789431545236,0.00421930372047266,0.0790599202003146,NA,FALSE,8e-04
13,0.05,"mlma_cr2",4996,5000,0.0948759007205765,0.00414591892728361,0.0790599202003146,41.0468624118303,FALSE,8e-04
13,0.1,"mlma",4998,5000,0.248299319727891,0.00611099756394995,0.0790373733741906,NA,FALSE,4e-04
13,0.1,"mlma_cr2",4998,5000,0.242697078831533,0.00606413644734149,0.0790373733741906,41.0468398002872,FALSE,4e-04
13,0.2,"mlma",4999,5000,0.708541708341668,0.00642731150972444,0.0790525436384336,NA,FALSE,2e-04
13,0.2,"mlma_cr2",4999,5000,0.698139627925585,0.00649280901327605,0.0790525436384336,41.0467182780365,FALSE,2e-04
14,0,"mlma",5000,5000,0.06,0.00335857112474933,0.0574806006115721,NA,FALSE,0
14,0,"mlma_cr2",5000,5000,0.0508,0.00310545842026584,0.0574806006115721,33.5143443256165,FALSE,0
14,0.05,"mlma",5000,5000,0.1556,0.00512618064449547,0.0574806006124877,NA,FALSE,0
14,0.05,"mlma_cr2",5000,5000,0.1396,0.00490126187833297,0.0574806006124877,33.5143443256687,FALSE,0
14,0.1,"mlma",5000,5000,0.4288,0.00699900792969975,0.0574806006106978,NA,FALSE,0
14,0.1,"mlma_cr2",5000,5000,0.4014,0.00693221523035746,0.0574806006106978,33.5143443256684,FALSE,0
14,0.2,"mlma",5000,5000,0.9316,0.00356991428468528,0.0574806006134334,NA,FALSE,0
14,0.2,"mlma_cr2",5000,5000,0.9218,0.00379696615734194,0.0574806006134334,33.5143443256635,FALSE,0
15,0,"mlma",5000,5000,0.0618,0.00340531232047811,0.0685277278826339,NA,FALSE,0
15,0,"mlma_cr2",5000,5000,0.0562,0.00325704037432759,0.0685277278826339,57.2688297525377,FALSE,0
15,0.05,"mlma",5000,5000,0.1242,0.004664211830524,0.0685277278787037,NA,FALSE,0
15,0.05,"mlma_cr2",5000,5000,0.1196,0.00458902691210239,0.0685277278787037,57.2688297504147,FALSE,0
15,0.1,"mlma",5000,5000,0.332,0.00665996996990227,0.0685277278817266,NA,FALSE,0
15,0.1,"mlma_cr2",5000,5000,0.3206,0.00660023696544298,0.0685277278817266,57.2688297522098,FALSE,0
15,0.2,"mlma",5000,5000,0.836,0.00523648737227543,0.0685277278821098,NA,FALSE,0
15,0.2,"mlma_cr2",5000,5000,0.8252,0.00537112576654094,0.0685277278821098,57.2688297520237,FALSE,0
16,0,"mlma",5000,5000,0.0528,0.00316266216975509,0.0562915098527752,NA,FALSE,0
16,0,"mlma_cr2",5000,5000,0.0496,0.00307049963361014,0.0562915098527752,59.1398551967886,FALSE,0
16,0.05,"mlma",5000,5000,0.148,0.00502187216085794,0.0562915098527762,NA,FALSE,0
16,0.05,"mlma_cr2",5000,5000,0.143,0.0049507777166825,0.0562915098527762,59.1398551968401,FALSE,0
16,0.1,"mlma",5000,5000,0.4338,0.00700881673322966,0.0562915098527018,NA,FALSE,0
16,0.1,"mlma_cr2",5000,5000,0.4198,0.00697951230387912,0.0562915098527018,59.1398551969614,FALSE,0
16,0.2,"mlma",5000,5000,0.94,0.00335857112474933,0.0562915098532459,NA,FALSE,0
16,0.2,"mlma_cr2",5000,5000,0.9356,0.00347138704266753,0.0562915098532459,59.1398551966498,FALSE,0
17,0,"mlma",5000,5000,0.0576,0.00329491244193226,0.0930970543886698,NA,FALSE,0
17,0,"mlma_cr2",5000,5000,0.0492,0.00305873699425106,0.0930970543886698,26.9370380325771,FALSE,0
17,0.05,"mlma",5000,5000,0.0966,0.00417776112289824,0.093097054385411,NA,FALSE,0
17,0.05,"mlma_cr2",5000,5000,0.0844,0.00393132649369141,0.093097054385411,26.9370380321333,FALSE,0
17,0.1,"mlma",5000,5000,0.2066,0.00572566921852808,0.0930970543866501,NA,FALSE,0
17,0.1,"mlma_cr2",5000,5000,0.1836,0.00547523588532951,0.0930970543866501,26.937038032319,FALSE,0
17,0.2,"mlma",5000,5000,0.5918,0.00695086699628183,0.0930970543865662,NA,FALSE,0
17,0.2,"mlma_cr2",5000,5000,0.5504,0.00703505280719342,0.0930970543865662,26.9370380323604,FALSE,0
18,0,"mlma",5000,5000,0.0528,0.00316266216975509,0.0358605632309067,NA,FALSE,0
18,0,"mlma_cr2",5000,5000,0.047,0.00299302522541993,0.0358605632309067,16.9829246400268,FALSE,0
18,0.05,"mlma",5000,5000,0.3062,0.0065183059148831,0.0358605632323869,NA,FALSE,0
18,0.05,"mlma_cr2",5000,5000,0.2602,0.00620477171215831,0.0358605632323869,16.9829246408765,FALSE,0
18,0.1,"mlma",5000,5000,0.8088,0.00556134084551559,0.0358605632297713,NA,FALSE,0
18,0.1,"mlma_cr2",5000,5000,0.7532,0.0060973725488935,0.0358605632297713,16.9829246407148,FALSE,0
18,0.2,"mlma",5000,5000,0.9996,0.000282786138274123,0.0358605632329386,NA,FALSE,0
18,0.2,"mlma_cr2",5000,5000,0.9986,0.000528779727296718,0.0358605632329386,16.982924640206,FALSE,0
19,0,"mlma",5000,5000,0.0534,0.00317957355631223,0.0385737784131726,NA,FALSE,0
19,0,"mlma_cr2",5000,5000,0.054,0.00319637294444813,0.0385737784131726,43.1492154457975,FALSE,0
19,0.05,"mlma",4999,5000,0.247249449889978,0.00610171107636441,0.0385754180927891,NA,FALSE,2e-04
19,0.05,"mlma_cr2",4999,5000,0.238647729545909,0.0060287865610899,0.0385754180927891,43.1491992454902,FALSE,2e-04
19,0.1,"mlma",5000,5000,0.7308,0.00627266067948841,0.0385737784117934,NA,FALSE,0
19,0.1,"mlma_cr2",5000,5000,0.7134,0.00639469217398304,0.0385737784117934,43.1492154476702,FALSE,0
19,0.2,"mlma",5000,5000,0.9992,0.000399839967987199,0.0385737784167098,NA,FALSE,0
19,0.2,"mlma_cr2",5000,5000,0.999,0.00044698993277254,0.0385737784167098,43.1492154470349,FALSE,0
20,0,"mlma",5000,5000,0.0554,0.00323514574633045,0.100431483407465,NA,FALSE,0
20,0,"mlma_cr2",5000,5000,0.0424,0.00284963997726029,0.100431483407465,6.16878490008439,FALSE,0
20,0.05,"mlma",5000,5000,0.0868,0.00398160168776336,0.100431483410281,NA,FALSE,0
20,0.05,"mlma_cr2",5000,5000,0.0572,0.00328414859590732,0.100431483410281,6.16878490012872,FALSE,0
20,0.1,"mlma",5000,5000,0.1776,0.00540478010653533,0.100431483410531,NA,FALSE,0
20,0.1,"mlma_cr2",5000,5000,0.1202,0.00459895553359673,0.100431483410531,6.16878490012399,FALSE,0
20,0.2,"mlma",5000,5000,0.5102,0.0070695963109643,0.100431483414371,NA,FALSE,0
20,0.2,"mlma_cr2",5000,5000,0.3824,0.00687270310722062,0.100431483414371,6.16878489993697,FALSE,0
21,0,"mlma",5000,5000,0.063,0.00343601513384327,0.082169422962326,NA,FALSE,0
21,0,"mlma_cr2",5000,5000,0.0366,0.00265557677350891,0.082169422962326,4.27637018341312,FALSE,0
21,0.05,"mlma",5000,5000,0.1078,0.00438586730305421,0.0821694229614795,NA,FALSE,0
21,0.05,"mlma_cr2",5000,5000,0.0694,0.00359398497492686,0.0821694229614795,4.27637018342212,FALSE,0
21,0.1,"mlma",5000,5000,0.2414,0.00605187640323231,0.0821694229614748,NA,FALSE,0
21,0.1,"mlma_cr2",5000,5000,0.1476,0.00501625836655171,0.0821694229614748,4.27637018343408,FALSE,0
21,0.2,"mlma",5000,5000,0.6658,0.00667098733322137,0.082169422962258,NA,FALSE,0
21,0.2,"mlma_cr2",5000,5000,0.4658,0.00705450721170515,0.082169422962258,4.27637018342994,FALSE,0
22,0,"mlma",4998,5000,0.053421368547419,0.00318080999226152,0.0562865283594697,NA,FALSE,4e-04
22,0,"mlma_cr2",4998,5000,0.0496198479391757,0.003071696250132,0.0562865283594697,52.5876861175547,FALSE,4e-04
22,0.05,"mlma",4998,5000,0.157062825130052,0.00514678682133595,0.0562865283582596,NA,FALSE,4e-04
22,0.05,"mlma_cr2",4998,5000,0.151260504201681,0.00506817791568339,0.0562865283582596,52.5876861172726,FALSE,4e-04
22,0.1,"mlma",5000,5000,0.4432,0.00702529373051405,0.0562815099906714,NA,FALSE,0
22,0.1,"mlma_cr2",5000,5000,0.43,0.00700142842568572,0.0562815099906714,52.5877101378258,FALSE,0
22,0.2,"mlma",4999,5000,0.954790958191638,0.00293849686441737,0.0562852284471532,NA,FALSE,2e-04
22,0.2,"mlma_cr2",4999,5000,0.946789357871574,0.00317456603529423,0.0562852284471532,52.5876983079362,FALSE,2e-04
23,0,"mlma",5000,5000,0.0542,0.00320194815698193,0.0881608294746553,NA,FALSE,0
23,0,"mlma_cr2",5000,5000,0.0482,0.00302908435009658,0.0881608294746553,16.192849969414,FALSE,0
23,0.05,"mlma",4997,5000,0.093856313788273,0.0041254906415953,0.0881728501597603,NA,FALSE,6e-04
23,0.05,"mlma_cr2",4997,5000,0.0756453872323394,0.00374072564371763,0.0881728501597603,16.1928521426974,FALSE,6e-04
23,0.1,"mlma",4998,5000,0.211884753901561,0.00578024960597119,0.0881711956867439,NA,FALSE,4e-04
23,0.1,"mlma_cr2",4998,5000,0.181272509003601,0.00544926004799334,0.0881711956867439,16.1928527293826,FALSE,4e-04
23,0.2,"mlma",4999,5000,0.607321464292859,0.00690695025700764,0.0881651823393056,NA,FALSE,2e-04
23,0.2,"mlma_cr2",4999,5000,0.555911182236447,0.00702742234913764,0.0881651823393056,16.1928686836843,FALSE,2e-04
24,0,"mlma",5000,5000,0.0628,0.00343092290790685,0.0559301269490782,NA,FALSE,0
24,0,"mlma_cr2",5000,5000,0.0498,0.00307636018697421,0.0559301269490782,21.3781614269019,FALSE,0
24,0.05,"mlma",5000,5000,0.1714,0.00532957859497353,0.0559301269494131,NA,FALSE,0
24,0.05,"mlma_cr2",5000,5000,0.1414,0.00492759657439608,0.0559301269494131,21.3781614263185,FALSE,0
24,0.1,"mlma",5000,5000,0.4674,0.0070560221088089,0.0559301269494982,NA,FALSE,0
24,0.1,"mlma_cr2",5000,5000,0.405,0.00694226187924368,0.0559301269494982,21.3781614265558,FALSE,0
24,0.2,"mlma",5000,5000,0.95,0.00308220700148449,0.055930126949397,NA,FALSE,0
24,0.2,"mlma_cr2",5000,5000,0.9294,0.00362258581678889,0.055930126949397,21.3781614261704,FALSE,0
25,0,"mlma",5000,5000,0.0492,0.00305873699425106,0.0356862715511159,NA,FALSE,0
25,0,"mlma_cr2",5000,5000,0.0478,0.00301712313305241,0.0356862715511159,129.328322382355,FALSE,0
25,0.05,"mlma",5000,5000,0.2864,0.00639335655192169,0.035686271547922,NA,FALSE,0
25,0.05,"mlma_cr2",5000,5000,0.2806,0.00635395372976543,0.035686271547922,129.328322378324,FALSE,0
25,0.1,"mlma",5000,5000,0.785,0.00580990533485701,0.0356862715553174,NA,FALSE,0
25,0.1,"mlma_cr2",5000,5000,0.7792,0.0058659587451669,0.0356862715553174,129.328322365881,FALSE,0
25,0.2,"mlma",5000,5000,0.9996,0.000282786138274123,0.0356862715693957,NA,FALSE,0
25,0.2,"mlma_cr2",5000,5000,0.9996,0.000282786138274123,0.0356862715693957,129.328322388464,FALSE,0
26,0,"mlma",4999,5000,0.0554110822164433,0.0032357739234047,0.0305555527481564,NA,FALSE,2e-04
26,0,"mlma_cr2",4999,5000,0.0520104020804161,0.0031405471877521,0.0305555527481564,86.1132893997309,FALSE,2e-04
26,0.05,"mlma",5000,5000,0.3792,0.00686159398390782,0.0305629638868464,NA,FALSE,0
26,0.05,"mlma_cr2",5000,5000,0.3708,0.00683092028939,0.0305629638868464,86.1132953611065,FALSE,0
26,0.1,"mlma",5000,5000,0.9054,0.00413886071280491,0.0305629638868231,NA,FALSE,0
26,0.1,"mlma_cr2",5000,5000,0.9022,0.00420083705944422,0.0305629638868231,86.1132953610555,FALSE,0
26,0.2,"mlma",5000,5000,1,0,0.0305629638868414,NA,FALSE,0
26,0.2,"mlma_cr2",5000,5000,1,0,0.0305629638868414,86.1132953611606,FALSE,0
27,0,"mlma",5000,5000,0.0492,0.00305873699425106,0.0517661554544371,NA,FALSE,0
27,0,"mlma_cr2",5000,5000,0.0476,0.00301112072159188,0.0517661554544371,41.0003831824934,FALSE,0
27,0.05,"mlma",5000,5000,0.1512,0.00506633121696559,0.0517661554545168,NA,FALSE,0
27,0.05,"mlma_cr2",5000,5000,0.1428,0.00494789167221757,0.0517661554545168,41.0003831824923,FALSE,0
27,0.1,"mlma",5000,5000,0.4736,0.00706120442984056,0.0517661554546529,NA,FALSE,0
27,0.1,"mlma_cr2",5000,5000,0.4568,0.00704462575301201,0.0517661554546529,41.0003831824465,FALSE,0
27,0.2,"mlma",5000,5000,0.9692,0.00244341400503476,0.0517661554544427,NA,FALSE,0
27,0.2,"mlma_cr2",5000,5000,0.9628,0.00267642149146953,0.0517661554544427,41.000383182432,FALSE,0
28,0,"mlma",5000,5000,0.0606,0.00337424480439698,0.049893544750251,NA,FALSE,0
28,0,"mlma_cr2",5000,5000,0.049,0.00305283474822991,0.049893544750251,19.9147329804602,FALSE,0
28,0.05,"mlma",5000,5000,0.1742,0.00536384861829638,0.0498935447666709,NA,FALSE,0
28,0.05,"mlma_cr2",5000,5000,0.1536,0.00509915757748277,0.0498935447666709,19.9147329862174,FALSE,0
28,0.1,"mlma",5000,5000,0.5234,0.0070633198993108,0.0498935447542234,NA,FALSE,0
28,0.1,"mlma_cr2",5000,5000,0.4696,0.0070579861150331,0.0498935447542234,19.9147329843034,FALSE,0
28,0.2,"mlma",5000,5000,0.9752,0.00219931625738547,0.0498935447813803,NA,FALSE,0
28,0.2,"mlma_cr2",5000,5000,0.963,0.00266949433413896,0.0498935447813803,19.9147329943393,FALSE,0
29,0,"mlma",5000,5000,0.0614,0.00339499749631719,0.0926907723293583,NA,FALSE,0
29,0,"mlma_cr2",5000,5000,0.052,0.00313993630508646,0.0926907723293583,36.207237142172,FALSE,0
29,0.05,"mlma",5000,5000,0.0956,0.00415838045397484,0.0926907723294155,NA,FALSE,0
29,0.05,"mlma_cr2",5000,5000,0.0852,0.0039481884453506,0.0926907723294155,36.2072371419422,FALSE,0
29,0.1,"mlma",5000,5000,0.2068,0.00572771787014689,0.0926907723309652,NA,FALSE,0
29,0.1,"mlma_cr2",5000,5000,0.1894,0.00554125689713083,0.0926907723309652,36.2072371422553,FALSE,0
29,0.2,"mlma",5000,5000,0.5846,0.00696911529535852,0.0926907723306349,NA,FALSE,0
29,0.2,"mlma_cr2",5000,5000,0.5584,0.00702266957787421,0.0926907723306349,36.2072371421565,FALSE,0
30,0,"mlma",4971,5000,0.0525045262522631,0.00316347977708056,0.0273854425530744,NA,FALSE,0.0058
30,0,"mlma_cr2",4971,5000,0.0529068597867632,0.00317490296641663,0.0273854425530744,79.615312953732,FALSE,0.0058
30,0.05,"mlma",4958,5000,0.449576442113756,0.00706475358416272,0.0273477496623167,NA,FALSE,0.0084
30,0.05,"mlma_cr2",4958,5000,0.445945945945946,0.00705933704107718,0.0273477496623167,79.6147870599187,FALSE,0.0084
30,0.1,"mlma",4957,5000,0.951785354044785,0.00304263278374725,0.0273066803923735,NA,FALSE,0.0086
30,0.1,"mlma_cr2",4957,5000,0.948961065160379,0.0031258313227932,0.0273066803923735,79.6149465064958,FALSE,0.0086
30,0.2,"mlma",4965,5000,1,0,0.0273703531253706,NA,FALSE,0.007
30,0.2,"mlma_cr2",4965,5000,1,0,0.0273703531253706,79.6151641384358,FALSE,0.007
31,0,"mlma",5000,5000,0.0594,0.00334280241713446,0.0366236089653225,NA,FALSE,0
31,0,"mlma_cr2",5000,5000,0.0538,0.00319078548323136,0.0366236089653225,18.8078417558349,FALSE,0
31,0.05,"mlma",5000,5000,0.2804,0.00635257176268006,0.0366236089661402,NA,FALSE,0
31,0.05,"mlma_cr2",5000,5000,0.251,0.00613186757847884,0.0366236089661402,18.8078417558603,FALSE,0
31,0.1,"mlma",5000,5000,0.7764,0.00589241953699836,0.0366236089627226,NA,FALSE,0
31,0.1,"mlma_cr2",5000,5000,0.732,0.006263800763115,0.0366236089627226,18.8078417560691,FALSE,0
31,0.2,"mlma",5000,5000,0.9998,0.000199979998999889,0.0366236089659358,NA,FALSE,0
31,0.2,"mlma_cr2",5000,5000,0.9992,0.000399839967987199,0.0366236089659358,18.8078417559524,FALSE,0
32,0,"mlma",5000,5000,0.0524,0.00315132480077824,0.0292195124750325,NA,FALSE,0
32,0,"mlma_cr2",5000,5000,0.051,0.00311123769583746,0.0292195124750325,136.472897644318,FALSE,0
32,0.05,"mlma",5000,5000,0.3966,0.00691821422044735,0.0292195124756207,NA,FALSE,0
32,0.05,"mlma_cr2",5000,5000,0.3908,0.00690036752644379,0.0292195124756207,136.472897644289,FALSE,0
32,0.1,"mlma",4997,5000,0.923354012407444,0.00376334607761809,0.0292220045241465,NA,FALSE,6e-04
32,0.1,"mlma_cr2",4997,5000,0.921352811687012,0.00380802603116658,0.0292220045241465,136.472900162071,FALSE,6e-04
32,0.2,"mlma",5000,5000,1,0,0.0292195124740631,NA,FALSE,0
32,0.2,"mlma_cr2",5000,5000,1,0,0.0292195124740631,136.472897644408,FALSE,0
33,0,"mlma",4999,5000,0.0636127225445089,0.00345189975772535,0.0578658710513813,NA,FALSE,2e-04
33,0,"mlma_cr2",4999,5000,0.0432086417283457,0.00287575816067123,0.0578658710513813,4.1576876178113,FALSE,2e-04
33,0.05,"mlma",4998,5000,0.167667066826731,0.00528413977473664,0.0578982122160763,NA,FALSE,4e-04
33,0.05,"mlma_cr2",4998,5000,0.103841536614646,0.0043149903863676,0.0578982122160763,4.15774952468186,FALSE,4e-04
33,0.1,"mlma",4999,5000,0.440688137627526,0.007021843194828,0.0578658710506951,NA,FALSE,2e-04
33,0.1,"mlma_cr2",4999,5000,0.282256451290258,0.00636597632181927,0.0578658710506951,4.15768761781226,FALSE,2e-04
33,0.2,"mlma",5000,5000,0.9354,0.00347640158784914,0.0578878693483733,NA,FALSE,0
33,0.2,"mlma_cr2",5000,5000,0.759,0.00604845434801322,0.0578878693483733,4.15762577490735,FALSE,0
34,0,"mlma",4924,5000,0.0629569455727051,0.00346132656587408,0.0781766960159137,NA,TRUE,0.0152
34,0,"mlma_cr2",4924,5000,0.0566612510154346,0.00329471531311525,0.0781766960159137,21.9252916163416,TRUE,0.0152
34,0.05,"mlma",4925,5000,0.105380710659898,0.00437518652784591,0.078206647807178,NA,TRUE,0.015
34,0.05,"mlma_cr2",4925,5000,0.103756345177665,0.00434527495319813,0.078206647807178,21.9252683050163,TRUE,0.015
34,0.1,"mlma",4945,5000,0.266531850353893,0.00628755850321968,0.0783499771072087,NA,TRUE,0.011
34,0.1,"mlma_cr2",4945,5000,0.244489383215369,0.00611177194117531,0.0783499771072087,21.9252975930158,TRUE,0.011
34,0.2,"mlma",4916,5000,0.744304312449146,0.00622201469191725,0.0781590913835167,NA,TRUE,0.0168
34,0.2,"mlma_cr2",4916,5000,0.707078925956062,0.00649087609045656,0.0781590913835167,21.9252814290027,TRUE,0.0168
35,0,"mlma",4960,5000,0.0534274193548387,0.00319314191439528,0.0407129839610585,NA,FALSE,0.008
35,0,"mlma_cr2",4960,5000,0.0508064516129032,0.00311814267269799,0.0407129839610585,47.5424411022505,FALSE,0.008
35,0.05,"mlma",4955,5000,0.232088799192735,0.00599736888967078,0.0406761192718177,NA,FALSE,0.009
35,0.05,"mlma_cr2",4955,5000,0.214127144298688,0.00582760594014194,0.0406761192718177,47.5422299344301,FALSE,0.009
35,0.1,"mlma",4950,5000,0.686262626262626,0.00659516557036708,0.0407160311938399,NA,FALSE,0.01
35,0.1,"mlma_cr2",4950,5000,0.662828282828283,0.00671929154381219,0.0407160311938399,47.5425756550799,FALSE,0.01
35,0.2,"mlma",4960,5000,0.997782258064516,0.000667932467761683,0.0408013455321868,NA,FALSE,0.008
35,0.2,"mlma_cr2",4960,5000,0.997782258064516,0.000667932467761683,0.0408013455321868,47.542198314628,FALSE,0.008
36,0,"mlma",5000,5000,0.0584,0.00331630637909105,0.0986523262246481,NA,FALSE,0
36,0,"mlma_cr2",5000,5000,0.05,0.00308220700148449,0.0986523262246481,27.8905503561439,FALSE,0
36,0.05,"mlma",5000,5000,0.085,0.003943982758583,0.0986523262245482,NA,FALSE,0
36,0.05,"mlma_cr2",5000,5000,0.074,0.00370199945975145,0.0986523262245482,27.8905503561381,FALSE,0
36,0.1,"mlma",5000,5000,0.1766,0.00539281818718191,0.0986523262246237,NA,FALSE,0
36,0.1,"mlma_cr2",5000,5000,0.159,0.00517144080503683,0.0986523262246237,27.8905503561428,FALSE,0
36,0.2,"mlma",5000,5000,0.5248,0.00706236447657582,0.0986523262244502,NA,FALSE,0
36,0.2,"mlma_cr2",5000,5000,0.4952,0.00707074196955312,0.0986523262244502,27.8905503561418,FALSE,0
37,0,"mlma",5000,5000,0.0538,0.00319078548323136,0.0413912315832448,NA,FALSE,0
37,0,"mlma_cr2",5000,5000,0.0474,0.00300510365877785,0.0413912315832448,26.3149108709647,FALSE,0
37,0.05,"mlma",5000,5000,0.2354,0.00599978066265759,0.041391231583797,NA,FALSE,0
37,0.05,"mlma_cr2",5000,5000,0.2182,0.00584104031829947,0.041391231583797,26.3149108707979,FALSE,0
37,0.1,"mlma",5000,5000,0.6652,0.00667396373978762,0.0413912315839679,NA,FALSE,0
37,0.1,"mlma_cr2",5000,5000,0.643,0.00677570660521838,0.0413912315839679,26.3149108709119,FALSE,0
37,0.2,"mlma",5000,5000,0.9972,0.000747283078893136,0.0413912315836994,NA,FALSE,0
37,0.2,"mlma_cr2",5000,5000,0.9962,0.000870121830550185,0.0413912315836994,26.3149108709513,FALSE,0
38,0,"mlma",5000,5000,0.065,0.00348640215695206,0.116712521575937,NA,FALSE,0
38,0,"mlma_cr2",5000,5000,0.0538,0.00319078548323136,0.116712521575937,21.8170188448831,FALSE,0
38,0.05,"mlma",5000,5000,0.0818,0.00387579050001416,0.116712521577375,NA,FALSE,0
38,0.05,"mlma_cr2",5000,5000,0.0644,0.00347138704266753,0.116712521577375,21.8170188449029,FALSE,0
38,0.1,"mlma",5000,5000,0.1452,0.00498230789895607,0.116712521577213,NA,FALSE,0
38,0.1,"mlma_cr2",5000,5000,0.1212,0.00461542110754804,0.116712521577213,21.8170188449194,FALSE,0
38,0.2,"mlma",5000,5000,0.4022,0.00693448137931021,0.116712521576293,NA,FALSE,0
38,0.2,"mlma_cr2",5000,5000,0.3632,0.00680126105953889,0.116712521576293,21.8170188449064,FALSE,0
39,0,"mlma",5000,5000,0.056,0.00325158422926425,0.0977054772145092,NA,FALSE,0
39,0,"mlma_cr2",5000,5000,0.0406,0.00279111590586991,0.0977054772145092,3.77703219529038,FALSE,0
39,0.05,"mlma",5000,5000,0.0868,0.00398160168776336,0.0977054772153451,NA,FALSE,0
39,0.05,"mlma_cr2",5000,5000,0.0606,0.00337424480439698,0.0977054772153451,3.77703219529449,FALSE,0
39,0.1,"mlma",5000,5000,0.1776,0.00540478010653533,0.0977054772148413,NA,FALSE,0
39,0.1,"mlma_cr2",5000,5000,0.1094,0.00441433211256244,0.0977054772148413,3.77703219529456,FALSE,0
39,0.2,"mlma",5000,5000,0.526,0.00706150125681501,0.0977054772148804,NA,FALSE,0
39,0.2,"mlma_cr2",5000,5000,0.3246,0.00662170431233531,0.0977054772148804,3.77703219529932,FALSE,0
40,0,"mlma",5000,5000,0.053,0.00316831185333767,0.0233736923387847,NA,FALSE,0
40,0,"mlma_cr2",5000,5000,0.054,0.00319637294444813,0.0233736923387847,61.2429365492398,FALSE,0
40,0.05,"mlma",5000,5000,0.5926,0.00694874434700256,0.0233736923396903,NA,FALSE,0
40,0.05,"mlma_cr2",5000,5000,0.575,0.00699106572705478,0.0233736923396903,61.2429365510543,FALSE,0
40,0.1,"mlma",5000,5000,0.99,0.00140712472794703,0.0233736923450946,NA,FALSE,0
40,0.1,"mlma_cr2",5000,5000,0.989,0.00147505932084103,0.0233736923450946,61.2429365676972,FALSE,0
40,0.2,"mlma",5000,5000,1,0,0.0233736923388693,NA,FALSE,0
40,0.2,"mlma_cr2",5000,5000,1,0,0.0233736923388693,61.242936547656,FALSE,0
41,0,"mlma",4948,5000,0.0499191592562652,0.00309598655351959,0.0553511940091821,NA,TRUE,0.0104
41,0,"mlma_cr2",4948,5000,0.042037186742118,0.00285283268694789,0.0553511940091821,5.43943529015871,TRUE,0.0104
41,0.05,"mlma",4941,5000,0.135397692774742,0.00486750492996919,0.0552974007693091,NA,TRUE,0.0118
41,0.05,"mlma_cr2",4941,5000,0.099979761181947,0.00426751207224695,0.0552974007693091,5.4396402580089,TRUE,0.0118
41,0.1,"mlma",4949,5000,0.415639523135987,0.00700551567966435,0.0554000251226763,NA,TRUE,0.0102
41,0.1,"mlma_cr2",4949,5000,0.302485350575874,0.00652935246230887,0.0554000251226763,5.43940935379238,TRUE,0.0102
41,0.2,"mlma",4945,5000,0.936299292214358,0.00347293238859954,0.0554012012974382,NA,TRUE,0.011
41,0.2,"mlma_cr2",4945,5000,0.825075834175935,0.00540242431508732,0.0554012012974382,5.43951744649476,TRUE,0.011
42,0,"mlma",5000,5000,0.0564,0.00326248494249399,0.0649658582838183,NA,FALSE,0
42,0,"mlma_cr2",5000,5000,0.0528,0.00316266216975509,0.0649658582838183,54.8529528707037,FALSE,0
42,0.05,"mlma",5000,5000,0.1318,0.00478390551746165,0.0649658582812803,NA,FALSE,0
42,0.05,"mlma_cr2",5000,5000,0.1256,0.00468667558083552,0.0649658582812803,54.8529528716597,FALSE,0
42,0.1,"mlma",5000,5000,0.352,0.00675419869414574,0.0649658582823634,NA,FALSE,0
42,0.1,"mlma_cr2",5000,5000,0.3394,0.00669638170955032,0.0649658582823634,54.8529528697063,FALSE,0
42,0.2,"mlma",5000,5000,0.8754,0.00467064963361629,0.0649658582828627,NA,FALSE,0
42,0.2,"mlma_cr2",5000,5000,0.8684,0.00478082503340166,0.0649658582828627,54.8529528716497,FALSE,0
43,0,"mlma",4897,5000,0.0567694506840923,0.0033067489404026,0.0537579758545325,NA,TRUE,0.0206
43,0,"mlma_cr2",4897,5000,0.0516642842556667,0.00316308753052359,0.0537579758545325,52.0907111292206,TRUE,0.0206
43,0.05,"mlma",4894,5000,0.161830813240703,0.00526458899126479,0.0538370911442013,NA,TRUE,0.0212
43,0.05,"mlma_cr2",4894,5000,0.153453208009808,0.00515206682752478,0.0538370911442013,52.0907140656527,TRUE,0.0212
43,0.1,"mlma",4895,5000,0.457609805924413,0.00712077441597428,0.0537596963632073,NA,TRUE,0.021
43,0.1,"mlma_cr2",4895,5000,0.442492339121553,0.00709907802988675,0.0537596963632073,52.0907533316103,TRUE,0.021
43,0.2,"mlma",4888,5000,0.962356792144026,0.00272236136150733,0.0537953078644776,NA,TRUE,0.0224
43,0.2,"mlma_cr2",4888,5000,0.959901800327332,0.00280614586114875,0.0537953078644776,52.0906786755289,TRUE,0.0224
44,0,"mlma",5000,5000,0.0592,0.0033375248313683,0.0944855197974779,NA,FALSE,0
44,0,"mlma_cr2",5000,5000,0.0468,0.00298696367570816,0.0944855197974779,19.2409482224163,FALSE,0
44,0.05,"mlma",5000,5000,0.098,0.00420466407695074,0.0944855197917703,NA,FALSE,0
44,0.05,"mlma_cr2",5000,5000,0.0824,0.00388870775451177,0.0944855197917703,19.240948222734,FALSE,0
44,0.1,"mlma",5000,5000,0.2032,0.00569051421226588,0.0944855198001209,NA,FALSE,0
44,0.1,"mlma_cr2",5000,5000,0.1726,0.00534432858271271,0.0944855198001209,19.2409482226777,FALSE,0
44,0.2,"mlma",5000,5000,0.5722,0.00699695876792196,0.0944855198000126,NA,FALSE,0
44,0.2,"mlma_cr2",5000,5000,0.5216,0.00706446657575786,0.0944855198000126,19.2409482227408,FALSE,0
45,0,"mlma",5000,5000,0.0548,0.00321860093829602,0.181681446614095,NA,FALSE,0
45,0,"mlma_cr2",5000,5000,0.0402,0.00277791144567281,0.181681446614095,3.69573951406374,FALSE,0
45,0.05,"mlma",5000,5000,0.062,0.00341045451516363,0.181681446613408,NA,FALSE,0
45,0.05,"mlma_cr2",5000,5000,0.0422,0.00284320804725929,0.181681446613408,3.69573951405496,FALSE,0
45,0.1,"mlma",5000,5000,0.0856,0.00395658034165869,0.181681446618339,NA,FALSE,0
45,0.1,"mlma_cr2",5000,5000,0.0568,0.00327333957908433,0.181681446618339,3.69573951405201,FALSE,0
45,0.2,"mlma",4999,5000,0.19503900780156,0.00560410919374701,0.181696795600226,NA,FALSE,2e-04
45,0.2,"mlma_cr2",4999,5000,0.119423884776955,0.00458656422811574,0.181696795600226,3.69574387502638,FALSE,2e-04
46,0,"mlma",5000,5000,0.0506,0.00309966578843591,0.0134616025749058,NA,FALSE,0
46,0,"mlma_cr2",5000,5000,0.049,0.00305283474822991,0.0134616025749058,85.3601143871286,FALSE,0
46,0.05,"mlma",5000,5000,0.9586,0.00281730509529941,0.0134616025747369,NA,FALSE,0
46,0.05,"mlma_cr2",5000,5000,0.9564,0.00288787257336607,0.0134616025747369,85.3601144056093,FALSE,0
46,0.1,"mlma",5000,5000,1,0,0.0134616025626197,NA,FALSE,0
46,0.1,"mlma_cr2",5000,5000,1,0,0.0134616025626197,85.3601143401585,FALSE,0
46,0.2,"mlma",5000,5000,1,0,0.0134616025556665,NA,FALSE,0
46,0.2,"mlma_cr2",5000,5000,1,0,0.0134616025556665,85.3601144388001,FALSE,0
47,0,"mlma",5000,5000,0.0596,0.00334806929438445,0.0776849842071485,NA,FALSE,0
47,0,"mlma_cr2",5000,5000,0.0538,0.00319078548323136,0.0776849842071485,38.653201782947,FALSE,0
47,0.05,"mlma",5000,5000,0.1032,0.00430231937447698,0.0776849842063903,NA,FALSE,0
47,0.05,"mlma_cr2",5000,5000,0.095,0.00414668542332307,0.0776849842063903,38.6532017829325,FALSE,0
47,0.1,"mlma",5000,5000,0.2584,0.00619079057956252,0.0776849842066023,NA,FALSE,0
47,0.1,"mlma_cr2",5000,5000,0.2382,0.00602429680543713,0.0776849842066023,38.6532017829461,FALSE,0
47,0.2,"mlma",5000,5000,0.7256,0.00631038255575682,0.0776849842074997,NA,FALSE,0
47,0.2,"mlma_cr2",5000,5000,0.7058,0.00644432091069338,0.0776849842074997,38.6532017829355,FALSE,0
48,0,"mlma",5000,5000,0.0538,0.00319078548323136,0.0455347083505493,NA,FALSE,0
48,0,"mlma_cr2",5000,5000,0.053,0.00316831185333767,0.0455347083505493,30.5951283641251,FALSE,0
48,0.05,"mlma",5000,5000,0.2038,0.00569676329155425,0.0455347083516966,NA,FALSE,0
48,0.05,"mlma_cr2",5000,5000,0.1914,0.0055635607303237,0.0455347083516966,30.5951283641357,FALSE,0
48,0.1,"mlma",5000,5000,0.5924,0.00694927679690484,0.045534708351157,NA,FALSE,0
48,0.1,"mlma_cr2",5000,5000,0.5654,0.00701031868034542,0.045534708351157,30.5951283640603,FALSE,0
48,0.2,"mlma",5000,5000,0.9932,0.00116221856808434,0.045534708351604,NA,FALSE,0
48,0.2,"mlma_cr2",5000,5000,0.99,0.00140712472794703,0.045534708351604,30.5951283651021,FALSE,0
49,0,"mlma",5000,5000,0.0622,0.00341558662604244,0.0520452715792955,NA,FALSE,0
49,0,"mlma_cr2",5000,5000,0.0376,0.00269021337443705,0.0520452715792955,3.71805727173894,FALSE,0
49,0.05,"mlma",5000,5000,0.1666,0.00526961934109097,0.0520452715795797,NA,FALSE,0
49,0.05,"mlma_cr2",5000,5000,0.1016,0.00427264414619331,0.0520452715795797,3.71805727186732,FALSE,0
49,0.1,"mlma",5000,5000,0.4796,0.00706517996939922,0.0520452715788724,NA,FALSE,0
49,0.1,"mlma_cr2",5000,5000,0.2932,0.00643791519049451,0.0520452715788724,3.71805727187674,FALSE,0
49,0.2,"mlma",5000,5000,0.9632,0.00266254614983478,0.052045271578542,NA,FALSE,0
49,0.2,"mlma_cr2",5000,5000,0.7934,0.00572566921852808,0.052045271578542,3.71805727186172,FALSE,0
50,0,"mlma",5000,5000,0.0622,0.00341558662604244,0.13940760785362,NA,FALSE,0
50,0,"mlma_cr2",5000,5000,0.04,0.0027712812921102,0.13940760785362,4.25173919388268,FALSE,0
50,0.05,"mlma",5000,5000,0.0784,0.00380140605565888,0.139407607853282,NA,FALSE,0
50,0.05,"mlma_cr2",5000,5000,0.0522,0.00314563697841947,0.139407607853282,4.25173919388203,FALSE,0
50,0.1,"mlma",5000,5000,0.1276,0.00471843702935623,0.13940760785321,NA,FALSE,0
50,0.1,"mlma_cr2",5000,5000,0.0808,0.00385412402498934,0.13940760785321,4.25173919388652,FALSE,0
50,0.2,"mlma",5000,5000,0.3158,0.00657374109620998,0.139407607853373,NA,FALSE,0
50,0.2,"mlma_cr2",5000,5000,0.1938,0.00559001896240075,0.139407607853373,4.25173919388857,FALSE,0
51,0,"mlma",5000,5000,0.0508,0.00310545842026584,0.0609513223816792,NA,FALSE,0
51,0,"mlma_cr2",5000,5000,0.0472,0.00299907185642492,0.0609513223816792,59.0884747045069,FALSE,0
51,0.05,"mlma",5000,5000,0.1276,0.00471843702935623,0.0609513223817823,NA,FALSE,0
51,0.05,"mlma_cr2",5000,5000,0.12,0.00459565011723042,0.0609513223817823,59.0884747045975,FALSE,0
51,0.1,"mlma",5000,5000,0.3654,0.00681003436114679,0.0609513223765295,NA,FALSE,0
51,0.1,"mlma_cr2",5000,5000,0.354,0.00676289878676297,0.0609513223765295,59.0884747044663,FALSE,0
51,0.2,"mlma",5000,5000,0.9038,0.00417002541958679,0.0609513223780347,NA,FALSE,0
51,0.2,"mlma_cr2",5000,5000,0.8932,0.00436792307624573,0.0609513223780347,59.0884747043939,FALSE,0
52,0,"mlma",5000,5000,0.053,0.00316831185333767,0.0354490367853682,NA,FALSE,0
52,0,"mlma_cr2",5000,5000,0.0496,0.00307049963361014,0.0354490367853682,15.0495105972821,FALSE,0
52,0.05,"mlma",5000,5000,0.3044,0.0065075439299324,0.0354490367843225,NA,FALSE,0
52,0.05,"mlma_cr2",5000,5000,0.2756,0.00631893408732834,0.0354490367843225,15.049510597288,FALSE,0
52,0.1,"mlma",5000,5000,0.8086,0.0055635607303237,0.0354490367838934,NA,FALSE,0
52,0.1,"mlma_cr2",5000,5000,0.76,0.0060398675482166,0.0354490367838934,15.049510597608,FALSE,0
52,0.2,"mlma",5000,5000,0.9998,0.000199979998999889,0.0354490367867467,NA,FALSE,0
52,0.2,"mlma_cr2",5000,5000,0.999,0.00044698993277254,0.0354490367867467,15.0495105975025,FALSE,0
53,0,"mlma",5000,5000,0.053,0.00316831185333767,0.0538600556199554,NA,FALSE,0
53,0,"mlma_cr2",5000,5000,0.05,0.00308220700148449,0.0538600556199554,117.82004863704,FALSE,0
53,0.05,"mlma",5000,5000,0.1618,0.00520808525275845,0.0538600556195008,NA,FALSE,0
53,0.05,"mlma_cr2",5000,5000,0.157,0.00514491982444819,0.0538600556195008,117.820048637044,FALSE,0
53,0.1,"mlma",5000,5000,0.4736,0.00706120442984056,0.0538600556195305,NA,FALSE,0
53,0.1,"mlma_cr2",5000,5000,0.465,0.00705372242153035,0.0538600556195305,117.820048637047,FALSE,0
53,0.2,"mlma",5000,5000,0.96,0.0027712812921102,0.0538600556195723,NA,FALSE,0
53,0.2,"mlma_cr2",5000,5000,0.9584,0.00282380735886852,0.0538600556195723,117.820048637058,FALSE,0
54,0,"mlma",4999,5000,0.0558111622324465,0.00324674661057075,0.0666785889510209,NA,FALSE,2e-04
54,0,"mlma_cr2",4999,5000,0.0514102820564113,0.0031233642233772,0.0666785889510209,36.8314215571947,FALSE,2e-04
54,0.05,"mlma",4999,5000,0.118623724744949,0.00457324941989479,0.066654166280736,NA,FALSE,2e-04
54,0.05,"mlma_cr2",4999,5000,0.112222444488898,0.00446426919307656,0.066654166280736,36.8314209892265,FALSE,2e-04
54,0.1,"mlma",4999,5000,0.335067013402681,0.00667595204098624,0.0666618024306888,NA,FALSE,2e-04
54,0.1,"mlma_cr2",4999,5000,0.315863172634527,0.0065747525608043,0.0666618024306888,36.8314207485549,FALSE,2e-04
54,0.2,"mlma",5000,5000,0.8522,0.00501906684554012,0.0666724786971727,NA,FALSE,0
54,0.2,"mlma_cr2",5000,5000,0.8308,0.00530228931688945,0.0666724786971727,36.8314209385902,FALSE,0
55,0,"mlma",5000,5000,0.0654,0.00349636496950762,0.05794447417748,NA,FALSE,0
55,0,"mlma_cr2",5000,5000,0.0544,0.0032075111847038,0.05794447417748,19.3894526914746,FALSE,0
55,0.05,"mlma",5000,5000,0.1644,0.0052416150182935,0.0579444741774063,NA,FALSE,0
55,0.05,"mlma_cr2",5000,5000,0.1342,0.00482058834583498,0.0579444741774063,19.3894526928174,FALSE,0
55,0.1,"mlma",5000,5000,0.4224,0.00698538817819024,0.0579444741807572,NA,FALSE,0
55,0.1,"mlma_cr2",5000,5000,0.3736,0.00684138933258443,0.0579444741807572,19.3894526899945,FALSE,0
55,0.2,"mlma",5000,5000,0.932,0.00356022471200906,0.0579444741775707,NA,FALSE,0
55,0.2,"mlma_cr2",5000,5000,0.9098,0.00405127041802939,0.0579444741775707,19.3894526911722,FALSE,0
56,0,"mlma",5000,5000,0.0594,0.00334280241713446,0.0702820102423396,NA,FALSE,0
56,0,"mlma_cr2",5000,5000,0.0504,0.00309385972532693,0.0702820102423396,33.5446082746061,FALSE,0
56,0.05,"mlma",4998,5000,0.122048819527811,0.00463024369754068,0.0702918537410718,NA,FALSE,4e-04
56,0.05,"mlma_cr2",4998,5000,0.106842737094838,0.00436956640517248,0.0702918537410718,33.5446085524701,FALSE,4e-04
56,0.1,"mlma",4999,5000,0.305461092218444,0.00651455374940929,0.0702889211384991,NA,FALSE,2e-04
56,0.1,"mlma_cr2",4999,5000,0.278255651130226,0.00633829026895824,0.0702889211384991,33.5446099226931,FALSE,2e-04
56,0.2,"mlma",4999,5000,0.805361072214443,0.00559974950815838,0.0702869061394082,NA,FALSE,2e-04
56,0.2,"mlma_cr2",4999,5000,0.784756951390278,0.00581286965428492,0.0702869061394082,33.544607786232,FALSE,2e-04
57,0,"mlma",4907,5000,0.0590992459751376,0.00336631575174309,0.0519403097865503,NA,TRUE,0.0186
57,0,"mlma_cr2",4907,5000,0.0550234359078867,0.00325519000276509,0.0519403097865503,105.313034918425,TRUE,0.0186
57,0.05,"mlma",4918,5000,0.163887759251728,0.0052785092542275,0.0519096805323411,NA,TRUE,0.0164
57,0.05,"mlma_cr2",4918,5000,0.160227734851566,0.00523064623072841,0.0519096805323411,105.313202090133,TRUE,0.0164
57,0.1,"mlma",4940,5000,0.496153846153846,0.00711366944237237,0.0518046396243092,NA,TRUE,0.012
57,0.1,"mlma_cr2",4940,5000,0.487854251012146,0.00711178073758027,0.0518046396243092,105.313177232771,TRUE,0.012
57,0.2,"mlma",4930,5000,0.969574036511156,0.00244618443768417,0.0519556456480602,NA,TRUE,0.014
57,0.2,"mlma_cr2",4930,5000,0.966937119675456,0.00254651359602976,0.0519556456480602,105.313151848726,TRUE,0.014
58,0,"mlma",4998,5000,0.0488195278111244,0.00304810640958585,0.0973736420984621,NA,FALSE,4e-04
58,0,"mlma_cr2",4998,5000,0.0256102440976391,0.00223447287891313,0.0973736420984621,2.83568570862548,FALSE,4e-04
58,0.05,"mlma",4989,5000,0.0713569853678092,0.00364448270136637,0.0973006906044361,NA,FALSE,0.0022
58,0.05,"mlma_cr2",4989,5000,0.0382842252956504,0.00271660533678621,0.0973006906044361,2.83553044801808,FALSE,0.0022
58,0.1,"mlma",4993,5000,0.162427398357701,0.00521987486968866,0.0973659367301773,NA,FALSE,0.0014
58,0.1,"mlma_cr2",4993,5000,0.0815141197676747,0.00387232571955212,0.0973659367301773,2.83558851201041,FALSE,0.0014
58,0.2,"mlma",4993,5000,0.485079110755057,0.00707287134943114,0.0973257622675178,NA,FALSE,0.0014
58,0.2,"mlma_cr2",4993,5000,0.259963949529341,0.00620729261184666,0.0973257622675178,2.83558909658805,FALSE,0.0014
59,0,"mlma",5000,5000,0.0572,0.00328414859590732,0.040250961171686,NA,FALSE,0
59,0,"mlma_cr2",5000,5000,0.0512,0.0031170036894428,0.040250961171686,44.8789785970271,FALSE,0
59,0.05,"mlma",5000,5000,0.2352,0.00599801567187016,0.0402509611677519,NA,FALSE,0
59,0.05,"mlma_cr2",5000,5000,0.2246,0.00590177668164427,0.0402509611677519,44.8789785918859,FALSE,0
59,0.1,"mlma",5000,5000,0.707,0.00643662955280168,0.0402509611678157,NA,FALSE,0
59,0.1,"mlma_cr2",5000,5000,0.6922,0.00652777389314305,0.0402509611678157,44.8789785952088,FALSE,0
59,0.2,"mlma",5000,5000,0.9984,0.00056523269544499,0.040250961158384,NA,FALSE,0
59,0.2,"mlma_cr2",5000,5000,0.9976,0.000691988439209783,0.040250961158384,44.8789785866333,FALSE,0
60,0,"mlma",5000,5000,0.052,0.00313993630508646,0.0717704164004659,NA,FALSE,0
60,0,"mlma_cr2",5000,5000,0.0488,0.00304691844328003,0.0717704164004659,36.8691979777875,FALSE,0
60,0.05,"mlma",5000,5000,0.1088,0.00440369299565717,0.071770416400537,NA,FALSE,0
60,0.05,"mlma_cr2",5000,5000,0.1054,0.00434259922166437,0.071770416400537,36.8691979777845,FALSE,0
60,0.1,"mlma",5000,5000,0.3028,0.00649787903857867,0.0717704164003885,NA,FALSE,0
60,0.1,"mlma_cr2",5000,5000,0.2876,0.0064013473581739,0.0717704164003885,36.869197977783,FALSE,0
60,0.2,"mlma",5000,5000,0.7986,0.00567164949551716,0.0717704164005963,NA,FALSE,0
60,0.2,"mlma_cr2",5000,5000,0.784,0.00581969071343143,0.0717704164005963,36.86919797778,FALSE,0
61,0,"mlma",5000,5000,0.0548,0.00321860093829602,0.161319824180556,NA,FALSE,0
61,0,"mlma_cr2",5000,5000,0.0434,0.00288154264240528,0.161319824180556,3.78630352500623,FALSE,0
61,0.05,"mlma",5000,5000,0.0688,0.00357956868910208,0.161319824182063,NA,FALSE,0
61,0.05,"mlma_cr2",5000,5000,0.0494,0.0030646252625729,0.161319824182063,3.78630352500231,FALSE,0
61,0.1,"mlma",5000,5000,0.1004,0.0042501727023734,0.161319824179782,NA,FALSE,0
61,0.1,"mlma_cr2",5000,5000,0.0682,0.00356507391227728,0.161319824179782,3.78630352501099,FALSE,0
61,0.2,"mlma",5000,5000,0.2438,0.00607225757029459,0.161319824180521,NA,FALSE,0
61,0.2,"mlma_cr2",5000,5000,0.1524,0.00508279922877149,0.161319824180521,3.78630352501223,FALSE,0
62,0,"mlma",5000,5000,0.0608,0.00337944847571316,0.0255002778192003,NA,FALSE,0
62,0,"mlma_cr2",5000,5000,0.0524,0.00315132480077824,0.0255002778192003,134.798698709839,FALSE,0
62,0.05,"mlma",5000,5000,0.5166,0.00706716973052155,0.0255002778395269,NA,FALSE,0
62,0.05,"mlma_cr2",5000,5000,0.4916,0.00707006987235628,0.0255002778395269,134.798698705478,FALSE,0
62,0.1,"mlma",5000,5000,0.9774,0.00210186774084384,0.0255002778262947,NA,FALSE,0
62,0.1,"mlma_cr2",5000,5000,0.9724,0.00231681850821336,0.0255002778262947,134.798698709834,FALSE,0
62,0.2,"mlma",5000,5000,1,0,0.0255002778236155,NA,FALSE,0
62,0.2,"mlma_cr2",5000,5000,1,0,0.0255002778236155,134.798698724505,FALSE,0
63,0,"mlma",5000,5000,0.055,0.0032241277890307,0.0716413858467089,NA,FALSE,0
63,0,"mlma_cr2",5000,5000,0.052,0.00313993630508646,0.0716413858467089,18.8700535673518,FALSE,0
63,0.05,"mlma",5000,5000,0.1156,0.00452187217864459,0.071641385846066,NA,FALSE,0
63,0.05,"mlma_cr2",5000,5000,0.1018,0.00427637135899117,0.071641385846066,18.8700535675156,FALSE,0
63,0.1,"mlma",5000,5000,0.2944,0.00644559756733229,0.0716413858466708,NA,FALSE,0
63,0.1,"mlma_cr2",5000,5000,0.27,0.0062785348609369,0.0716413858466708,18.8700535680855,FALSE,0
63,0.2,"mlma",5000,5000,0.7964,0.00569468243188327,0.071641385844414,NA,FALSE,0
63,0.2,"mlma_cr2",5000,5000,0.7586,0.00605187640323231,0.071641385844414,18.8700535681934,FALSE,0
64,0,"mlma",5000,5000,0.058,0.00330563155841664,0.0186052497663118,NA,FALSE,0
64,0,"mlma_cr2",5000,5000,0.0524,0.00315132480077824,0.0186052497663118,45.6406071122202,FALSE,0
64,0.05,"mlma",5000,5000,0.767,0.00597847806720072,0.0186052497663167,NA,FALSE,0
64,0.05,"mlma_cr2",5000,5000,0.7524,0.00610400262123142,0.0186052497663167,45.6406071122239,FALSE,0
64,0.1,"mlma",5000,5000,0.9994,0.000346306222872199,0.0186052497667654,NA,FALSE,0
64,0.1,"mlma_cr2",5000,5000,0.9994,0.000346306222872199,0.0186052497667654,45.64060711219,FALSE,0
64,0.2,"mlma",5000,5000,1,0,0.018605249766314,NA,FALSE,0
64,0.2,"mlma_cr2",5000,5000,1,0,0.018605249766314,45.6406071122278,FALSE,0
65,0,"mlma",5000,5000,0.0586,0.00332162731202644,0.00692089868034885,NA,FALSE,0
65,0,"mlma_cr2",5000,5000,0.056,0.00325158422926425,0.00692089868034885,117.246345812603,FALSE,0
65,0.05,"mlma",5000,5000,1,0,0.00692089868056259,NA,FALSE,0
65,0.05,"mlma_cr2",5000,5000,1,0,0.00692089868056259,117.24634581251,FALSE,0
65,0.1,"mlma",4998,5000,1,0,0.006920481055024,NA,FALSE,4e-04
65,0.1,"mlma_cr2",4998,5000,1,0,0.006920481055024,117.246325368172,FALSE,4e-04
65,0.2,"mlma",4999,5000,1,0,0.00692144322000976,NA,FALSE,2e-04
65,0.2,"mlma_cr2",4999,5000,1,0,0.00692144322000976,117.24634076456,FALSE,2e-04
66,0,"mlma",5000,5000,0.054,0.00319637294444813,0.053582836238215,NA,FALSE,0
66,0,"mlma_cr2",5000,5000,0.0514,0.00312275647465504,0.053582836238215,117.442225830771,FALSE,0
66,0.05,"mlma",5000,5000,0.1684,0.00529228570657329,0.0535828362384026,NA,FALSE,0
66,0.05,"mlma_cr2",5000,5000,0.1624,0.00521586502892857,0.0535828362384026,117.442225830768,FALSE,0
66,0.1,"mlma",5000,5000,0.463,0.00705168065073852,0.0535828362383549,NA,FALSE,0
66,0.1,"mlma_cr2",5000,5000,0.4546,0.00704185827747193,0.0535828362383549,117.442225830767,FALSE,0
66,0.2,"mlma",5000,5000,0.9638,0.00264157377334043,0.0535828362383041,NA,FALSE,0
66,0.2,"mlma_cr2",5000,5000,0.9624,0.00269021337443705,0.0535828362383041,117.442225830766,FALSE,0
67,0,"mlma",5000,5000,0.0502,0.00308804015517933,0.050761166099165,NA,FALSE,0
67,0,"mlma_cr2",5000,5000,0.0486,0.0030409879973456,0.050761166099165,114.731193117158,FALSE,0
67,0.05,"mlma",5000,5000,0.1666,0.00526961934109097,0.0507611660987674,NA,FALSE,0
67,0.05,"mlma_cr2",5000,5000,0.1602,0.00518721428128818,0.0507611660987674,114.731193117155,FALSE,0
67,0.1,"mlma",5000,5000,0.4874,0.00706882224985181,0.0507611660987351,NA,FALSE,0
67,0.1,"mlma_cr2",5000,5000,0.4778,0.00706409456335347,0.0507611660987351,114.731193117157,FALSE,0
67,0.2,"mlma",5000,5000,0.9734,0.00227562914377541,0.050761166098832,NA,FALSE,0
67,0.2,"mlma_cr2",5000,5000,0.972,0.00233306665142683,0.050761166098832,114.731193117156,FALSE,0
68,0,"mlma",5000,5000,0.046,0.00296256645495084,0.0102346244135088,NA,FALSE,0
68,0,"mlma_cr2",5000,5000,0.0442,0.00290676314824583,0.0102346244135088,112.472986997348,FALSE,0
68,0.05,"mlma",5000,5000,0.9974,0.000720172201629589,0.0102346244103537,NA,FALSE,0
68,0.05,"mlma_cr2",5000,5000,0.9974,0.000720172201629589,0.0102346244103537,112.472986996607,FALSE,0
68,0.1,"mlma",5000,5000,1,0,0.0102346244174292,NA,FALSE,0
68,0.1,"mlma_cr2",5000,5000,1,0,0.0102346244174292,112.472987000272,FALSE,0
68,0.2,"mlma",5000,5000,1,0,0.0102346244132149,NA,FALSE,0
68,0.2,"mlma_cr2",5000,5000,1,0,0.0102346244132149,112.472986992663,FALSE,0
69,0,"mlma",5000,5000,0.0546,0.00321306209090332,0.025447086279924,NA,FALSE,0
69,0,"mlma_cr2",5000,5000,0.0476,0.00301112072159188,0.025447086279924,19.3029907400997,FALSE,0
69,0.05,"mlma",5000,5000,0.5074,0.00707029334610665,0.0254470862818881,NA,FALSE,0
69,0.05,"mlma_cr2",5000,5000,0.4642,0.00705291939554111,0.0254470862818881,19.302990740203,FALSE,0
69,0.1,"mlma",5000,5000,0.9766,0.00213786996798215,0.0254470862812903,NA,FALSE,0
69,0.1,"mlma_cr2",5000,5000,0.9644,0.00262040607540129,0.0254470862812903,19.3029907401861,FALSE,0
69,0.2,"mlma",5000,5000,1,0,0.0254470862808293,NA,FALSE,0
69,0.2,"mlma_cr2",5000,5000,1,0,0.0254470862808293,19.3029907403068,FALSE,0
70,0,"mlma",5000,5000,0.0542,0.00320194815698193,0.0931354479253825,NA,FALSE,0
70,0,"mlma_cr2",5000,5000,0.0454,0.00294410733499986,0.0931354479253825,18.980197438773,FALSE,0
70,0.05,"mlma",5000,5000,0.0894,0.00403503754629371,0.0931354479218105,NA,FALSE,0
70,0.05,"mlma_cr2",5000,5000,0.0754,0.00373402838767999,0.0931354479218105,18.9801974381718,FALSE,0
70,0.1,"mlma",5000,5000,0.1918,0.005567993534479,0.0931354479269677,NA,FALSE,0
70,0.1,"mlma_cr2",5000,5000,0.1732,0.00535166815114689,0.0931354479269677,18.9801974388606,FALSE,0
70,0.2,"mlma",5000,5000,0.5612,0.00701789940081788,0.0931354479254156,NA,FALSE,0
70,0.2,"mlma_cr2",5000,5000,0.521,0.00706482837725022,0.0931354479254156,18.980197438895,FALSE,0
71,0,"mlma",5000,5000,0.0642,0.00346636293541227,0.0319533471031509,NA,FALSE,0
71,0,"mlma_cr2",5000,5000,0.044,0.00290048271844533,0.0319533471031509,16.2129252896616,FALSE,0
71,0.05,"mlma",5000,5000,0.3806,0.00686649313696591,0.0319533471031516,NA,FALSE,0
71,0.05,"mlma_cr2",5000,5000,0.312,0.00655219047342185,0.0319533471031516,16.2129252900341,FALSE,0
71,0.1,"mlma",5000,5000,0.8808,0.00458238715081997,0.0319533471043626,NA,FALSE,0
71,0.1,"mlma_cr2",5000,5000,0.825,0.00537354631505117,0.0319533471043626,16.2129252898963,FALSE,0
71,0.2,"mlma",5000,5000,1,0,0.0319533471034207,NA,FALSE,0
71,0.2,"mlma_cr2",5000,5000,0.9996,0.000282786138274123,0.0319533471034207,16.2129252896311,FALSE,0
72,0,"mlma",5000,5000,0.0574,0.0032895361375124,0.0935800899507699,NA,FALSE,0
72,0,"mlma_cr2",5000,5000,0.0484,0.00303504332753257,0.0935800899507699,13.3841847758557,FALSE,0
72,0.05,"mlma",5000,5000,0.0952,0.00415058935574215,0.0935800899514899,NA,FALSE,0
72,0.05,"mlma_cr2",5000,5000,0.0808,0.00385412402498934,0.0935800899514899,13.3841847759588,FALSE,0
72,0.1,"mlma",5000,5000,0.2004,0.00566109247407247,0.0935800899516068,NA,FALSE,0
72,0.1,"mlma_cr2",5000,5000,0.1696,0.00530727500700689,0.0935800899516068,13.3841847759966,FALSE,0
72,0.2,"mlma",5000,5000,0.5752,0.00699063602256619,0.0935800899514789,NA,FALSE,0
72,0.2,"mlma_cr2",5000,5000,0.5076,0.00707025091492516,0.0935800899514789,13.3841847759304,FALSE,0
73,0,"mlma",5000,5000,0.065,0.00348640215695206,0.0468869363674392,NA,FALSE,0
73,0,"mlma_cr2",5000,5000,0.0496,0.00307049963361014,0.0468869363674392,16.0133551542521,FALSE,0
73,0.05,"mlma",4999,5000,0.217843568713743,0.00583818178288984,0.0468868458255747,NA,FALSE,2e-04
73,0.05,"mlma_cr2",4999,5000,0.171434286857371,0.00533053443370221,0.0468868458255747,16.0135274380886,FALSE,2e-04
73,0.1,"mlma",5000,5000,0.6146,0.00688283139412844,0.0468869363669413,NA,FALSE,0
73,0.1,"mlma_cr2",5000,5000,0.5192,0.00706585253171901,0.0468869363669413,16.0133551545401,FALSE,0
73,0.2,"mlma",5000,5000,0.9912,0.00132079975772257,0.0468869363656733,NA,FALSE,0
73,0.2,"mlma_cr2",5000,5000,0.9758,0.00217321697030002,0.0468869363656733,16.013355154305,FALSE,0
74,0,"mlma",4997,5000,0.0454272563538123,0.00294583280335776,0.0205279943732591,NA,FALSE,6e-04
74,0,"mlma_cr2",4997,5000,0.047828697218331,0.00301888900137571,0.0205279943732591,31.6938724390746,FALSE,6e-04
74,0.05,"mlma",4998,5000,0.655262104841937,0.00672285761308423,0.0205258311099236,NA,FALSE,4e-04
74,0.05,"mlma_cr2",4998,5000,0.653461384553822,0.00673112501055566,0.0205258311099236,31.6938757245689,FALSE,4e-04
74,0.1,"mlma",4997,5000,0.995997598559135,0.000893171370887355,0.0205321601371546,NA,FALSE,6e-04
74,0.1,"mlma_cr2",4997,5000,0.995997598559135,0.000893171370887355,0.0205321601371546,31.6938170431236,FALSE,6e-04
74,0.2,"mlma",4998,5000,1,0,0.0205294349422354,NA,FALSE,4e-04
74,0.2,"mlma_cr2",4998,5000,1,0,0.0205294349422354,31.6937817020653,FALSE,4e-04
75,0,"mlma",4993,5000,0.0552773883436812,0.00323403808567432,0.12449752939733,NA,FALSE,0.0014
75,0,"mlma_cr2",4993,5000,0.0352493490887242,0.00260977044162322,0.12449752939733,2.098352713751,FALSE,0.0014
75,0.05,"mlma",4996,5000,0.0724579663730985,0.00366774096078758,0.124481607064644,NA,FALSE,8e-04
75,0.05,"mlma_cr2",4996,5000,0.039031224979984,0.00273999338362395,0.124481607064644,2.09827650371754,FALSE,8e-04
75,0.1,"mlma",4991,5000,0.128030454818674,0.00472948135428234,0.124473930444603,NA,FALSE,0.0018
75,0.1,"mlma_cr2",4991,5000,0.0579042276096975,0.00330604590077343,0.124473930444603,2.09840751155561,FALSE,0.0018
75,0.2,"mlma",4985,5000,0.363891675025075,0.00681426499313713,0.124518831095659,NA,FALSE,0.003
75,0.2,"mlma_cr2",4985,5000,0.139217652958877,0.00490299272134647,0.124518831095659,2.09856752860982,FALSE,0.003
76,0,"mlma",4979,5000,0.0514159469773047,0.00312979408925236,0.0718147927598814,NA,FALSE,0.0042
76,0,"mlma_cr2",4979,5000,0.0365535248041775,0.00265954512706624,0.0718147927598814,6.37858987707731,FALSE,0.0042
76,0.05,"mlma",4980,5000,0.114056224899598,0.00450451363240341,0.0717731320289565,NA,FALSE,0.004
76,0.05,"mlma_cr2",4980,5000,0.0827309236947791,0.00390362096243359,0.0717731320289565,6.37830338568241,FALSE,0.004
76,0.1,"mlma",4981,5000,0.273238305561132,0.00631405753956772,0.0718129875783838,NA,FALSE,0.0038
76,0.1,"mlma_cr2",4981,5000,0.214013250351335,0.00581125152211128,0.0718129875783838,6.37810435874611,FALSE,0.0038
76,0.2,"mlma",4988,5000,0.758019246190858,0.00606411329438471,0.0718028159247329,NA,FALSE,0.0024
76,0.2,"mlma_cr2",4988,5000,0.672413793103448,0.00664535043676117,0.0718028159247329,6.37628448849944,FALSE,0.0024
77,0,"mlma",5000,5000,0.0546,0.00321306209090332,0.0252437916483488,NA,FALSE,0
77,0,"mlma_cr2",5000,5000,0.0442,0.00290676314824583,0.0252437916483488,9.03592952271832,FALSE,0
77,0.05,"mlma",5000,5000,0.4764,0.00706318681616167,0.0252437916490182,NA,FALSE,0
77,0.05,"mlma_cr2",5000,5000,0.4118,0.00696018333091881,0.0252437916490182,9.03592952273297,FALSE,0
77,0.1,"mlma",5000,5000,0.9644,0.00262040607540129,0.0252437916489722,NA,FALSE,0
77,0.1,"mlma_cr2",5000,5000,0.9334,0.00352603006226549,0.0252437916489722,9.03592952271158,FALSE,0
77,0.2,"mlma",4999,5000,1,0,0.0252459125934744,NA,FALSE,2e-04
77,0.2,"mlma_cr2",4999,5000,1,0,0.0252459125934744,9.03589019147059,FALSE,2e-04
78,0,"mlma",5000,5000,0.0488,0.00304691844328003,0.102245641639546,NA,FALSE,0
78,0,"mlma_cr2",5000,5000,0.0524,0.00315132480077824,0.102245641639546,5.18801311555906,FALSE,0
78,0.05,"mlma",5000,5000,0.0804,0.0038454086908936,0.102245641638772,NA,FALSE,0
78,0.05,"mlma_cr2",5000,5000,0.0684,0.00356991428468528,0.102245641638772,5.18801311554048,FALSE,0
78,0.1,"mlma",5000,5000,0.1642,0.00523905258610753,0.102245641638074,NA,FALSE,0
78,0.1,"mlma_cr2",5000,5000,0.1238,0.004657758259077,0.102245641638074,5.18801311555345,FALSE,0
78,0.2,"mlma",5000,5000,0.4946,0.00707065541516485,0.102245641637737,NA,FALSE,0
78,0.2,"mlma_cr2",5000,5000,0.3572,0.00677655015476164,0.102245641637737,5.18801311555013,FALSE,0
79,0,"mlma",5000,5000,0.0492,0.00305873699425106,0.0480580317840731,NA,FALSE,0
79,0,"mlma_cr2",5000,5000,0.0492,0.00305873699425106,0.0480580317840731,19.6741489359068,FALSE,0
79,0.05,"mlma",4998,5000,0.187474989995998,0.00552067158507911,0.0480622051934961,NA,FALSE,4e-04
79,0.05,"mlma_cr2",4998,5000,0.16906762705082,0.00530169747394994,0.0480622051934961,19.6749325826648,FALSE,4e-04
79,0.1,"mlma",5000,5000,0.5632,0.00701435328451597,0.0480580317849062,NA,FALSE,0
79,0.1,"mlma_cr2",5000,5000,0.513,0.00706867738689495,0.0480580317849062,19.6741489344502,FALSE,0
79,0.2,"mlma",5000,5000,0.9888,0.00148825804214189,0.0480580317840455,NA,FALSE,0
79,0.2,"mlma_cr2",5000,5000,0.9772,0.00211093154791907,0.0480580317840455,19.6741489360952,FALSE,0
80,0,"mlma",4986,5000,0.055956678700361,0.00325496100145237,0.0262168819644321,NA,FALSE,0.0028
80,0,"mlma_cr2",4986,5000,0.0513437625350983,0.00312551898887642,0.0262168819644321,39.5004134178649,FALSE,0.0028
80,0.05,"mlma",4986,5000,0.498395507420778,0.00708095168573297,0.0262039851623266,NA,FALSE,0.0028
80,0.05,"mlma_cr2",4986,5000,0.479542719614922,0.00707505887030634,0.0262039851623266,39.5003939130131,FALSE,0.0028
80,0.1,"mlma",4989,5000,0.970334736420124,0.00240202842876227,0.0262185789179069,NA,FALSE,0.0022
80,0.1,"mlma_cr2",4989,5000,0.965123271196633,0.00259748180437548,0.0262185789179069,39.5010271527159,FALSE,0.0022
80,0.2,"mlma",4990,5000,1,0,0.0262167339537212,NA,FALSE,0.002
80,0.2,"mlma_cr2",4990,5000,1,0,0.0262167339537212,39.5011533363928,FALSE,0.002
81,0,"mlma",4999,5000,0.0580116023204641,0.00330627245562816,0.0488069818040503,NA,FALSE,2e-04
81,0,"mlma_cr2",4999,5000,0.0556111222244449,0.0032412661450614,0.0488069818040503,141.927937023672,FALSE,2e-04
81,0.05,"mlma",5000,5000,0.1822,0.00545899551199669,0.0488055466239275,NA,FALSE,0
81,0.05,"mlma_cr2",5000,5000,0.1784,0.00541430401806179,0.0488055466239275,141.927940912592,FALSE,0
81,0.1,"mlma",4999,5000,0.549109821964393,0.00703758130236821,0.0488069818042259,NA,FALSE,2e-04
81,0.1,"mlma_cr2",4999,5000,0.542708541708342,0.0070459296844386,0.0488069818042259,141.927937023726,FALSE,2e-04
81,0.2,"mlma",4997,5000,0.981188713227937,0.00192190027650036,0.048808636602531,NA,FALSE,6e-04
81,0.2,"mlma_cr2",4997,5000,0.980988593155893,0.00193189906340305,0.048808636602531,141.927929411479,FALSE,6e-04
82,0,"mlma",5000,5000,0.0546,0.00321306209090332,0.0480115075193343,NA,FALSE,0
82,0,"mlma_cr2",5000,5000,0.045,0.00293172304285381,0.0480115075193343,5.72160884702736,FALSE,0
82,0.05,"mlma",5000,5000,0.1754,0.00537837968165134,0.0480115075188736,NA,FALSE,0
82,0.05,"mlma_cr2",5000,5000,0.13,0.00475604878023765,0.0480115075188736,5.72160884703577,FALSE,0
82,0.1,"mlma",5000,5000,0.526,0.00706150125681501,0.0480115075186653,NA,FALSE,0
82,0.1,"mlma_cr2",5000,5000,0.4126,0.0069622013760017,0.0480115075186653,5.72160884711824,FALSE,0
82,0.2,"mlma",5000,5000,0.9728,0.00230044169671826,0.0480115075197001,NA,FALSE,0
82,0.2,"mlma_cr2",5000,5000,0.925,0.00372491610643783,0.0480115075197001,5.72160884706052,FALSE,0
83,0,"mlma",4998,5000,0.055422168867547,0.00323640234414173,0.0247690224627134,NA,FALSE,4e-04
83,0,"mlma_cr2",4998,5000,0.0546218487394958,0.00321431068710422,0.0247690224627134,95.5903216442544,FALSE,4e-04
83,0.05,"mlma",4999,5000,0.52870574114823,0.00706011084318439,0.0247625892603146,NA,FALSE,2e-04
83,0.05,"mlma_cr2",4999,5000,0.515303060612122,0.0070684620603325,0.0247625892603146,95.5882260107697,FALSE,2e-04
83,0.1,"mlma",4999,5000,0.979795959191838,0.00198996469831423,0.0247684434923461,NA,FALSE,2e-04
83,0.1,"mlma_cr2",4999,5000,0.977595519103821,0.00209317469468052,0.0247684434923461,95.5882122566887,FALSE,2e-04
83,0.2,"mlma",4996,5000,1,0,0.0247599416605147,NA,FALSE,8e-04
83,0.2,"mlma_cr2",4996,5000,1,0,0.0247599416605147,95.5945319770111,FALSE,8e-04
84,0,"mlma",4998,5000,0.0702280912364946,0.00361447742645893,0.0258631688267727,NA,FALSE,4e-04
84,0,"mlma_cr2",4998,5000,0.0334133653461385,0.00254203997989421,0.0258631688267727,2.9712290556103,FALSE,4e-04
84,0.05,"mlma",4998,5000,0.489395758303321,0.0070708916704482,0.0258647368020814,NA,FALSE,4e-04
84,0.05,"mlma_cr2",4998,5000,0.2703081232493,0.00628204695911666,0.0258647368020814,2.97123123820192,FALSE,4e-04
84,0.1,"mlma",5000,5000,0.9574,0.00285605462132642,0.0258599095363653,NA,FALSE,0
84,0.1,"mlma_cr2",5000,5000,0.742,0.00618766514931117,0.0258599095363653,2.97130774478502,FALSE,0
84,0.2,"mlma",4996,5000,1,0,0.0258665354745029,NA,FALSE,8e-04
84,0.2,"mlma_cr2",4996,5000,0.995596477181745,0.000936764849743904,0.0258665354745029,2.97114790663311,FALSE,8e-04
85,0,"mlma",5000,5000,0.052,0.00313993630508646,0.050635806887218,NA,FALSE,0
85,0,"mlma_cr2",5000,5000,0.0376,0.00269021337443705,0.050635806887218,6.5192511945298,FALSE,0
85,0.05,"mlma",5000,5000,0.1614,0.00520288458453577,0.0506358068722483,NA,FALSE,0
85,0.05,"mlma_cr2",5000,5000,0.1278,0.0047215921043648,0.0506358068722483,6.51925119351978,FALSE,0
85,0.1,"mlma",4998,5000,0.469187675070028,0.00705904045514268,0.0506364111058787,NA,FALSE,4e-04
85,0.1,"mlma_cr2",4998,5000,0.3937575030012,0.00691097757272416,0.0506364111058787,6.51934074896812,FALSE,4e-04
85,0.2,"mlma",4998,5000,0.953381352541016,0.00298205078500844,0.0506400889422443,NA,FALSE,4e-04
85,0.2,"mlma_cr2",4998,5000,0.911364545818327,0.00402023718349314,0.0506400889422443,6.51934658215552,FALSE,4e-04
86,0,"mlma",5000,5000,0.051,0.00311123769583746,0.0595694283114938,NA,FALSE,0
86,0,"mlma_cr2",5000,5000,0.0494,0.0030646252625729,0.0595694283114938,141.770896896681,FALSE,0
86,0.05,"mlma",5000,5000,0.1314,0.00477774088874648,0.0595694283117455,NA,FALSE,0
86,0.05,"mlma_cr2",5000,5000,0.127,0.00470894892730851,0.0595694283117455,141.770896895633,FALSE,0
86,0.1,"mlma",5000,5000,0.3816,0.00686995545837089,0.0595694283078585,NA,FALSE,0
86,0.1,"mlma_cr2",5000,5000,0.3756,0.00684871725215752,0.0595694283078585,141.77089689722,FALSE,0
86,0.2,"mlma",5000,5000,0.9106,0.00403503754629372,0.0595694283097585,NA,FALSE,0
86,0.2,"mlma_cr2",5000,5000,0.9076,0.00409541792739154,0.0595694283097585,141.770896895998,FALSE,0
87,0,"mlma",5000,5000,0.0522,0.00314563697841947,0.0541198776596605,NA,FALSE,0
87,0,"mlma_cr2",5000,5000,0.0506,0.00309966578843591,0.0541198776596605,141.615911034076,FALSE,0
87,0.05,"mlma",5000,5000,0.1564,0.0051369064620645,0.0541198776596573,NA,FALSE,0
87,0.05,"mlma_cr2",5000,5000,0.1518,0.00507457899731594,0.0541198776596573,141.615911034118,FALSE,0
87,0.1,"mlma",5000,5000,0.4606,0.0070490799399638,0.0541198776566587,NA,FALSE,0
87,0.1,"mlma_cr2",5000,5000,0.4544,0.00704159981822313,0.0541198776566587,141.615911031268,FALSE,0
87,0.2,"mlma",5000,5000,0.9578,0.00284320804725929,0.0541198776566311,NA,FALSE,0
87,0.2,"mlma_cr2",5000,5000,0.9566,0.00288154264240528,0.0541198776566311,141.615911031379,FALSE,0
88,0,"mlma",4977,5000,0.0707253365481214,0.00363392315440476,0.0604435430173496,NA,FALSE,0.0046
88,0,"mlma_cr2",4977,5000,0.046815350612819,0.00299432433309045,0.0604435430173496,5.83212081368815,FALSE,0.0046
88,0.05,"mlma",4979,5000,0.151235187788713,0.00507748962939155,0.0604265055131398,NA,FALSE,0.0042
88,0.05,"mlma_cr2",4979,5000,0.10363526812613,0.00431941671763555,0.0604265055131398,5.8324889999361,FALSE,0.0042
88,0.1,"mlma",4982,5000,0.399437976716178,0.00693907765990448,0.0604635033135904,NA,FALSE,0.0036
88,0.1,"mlma_cr2",4982,5000,0.280409474106784,0.00636410297620004,0.0604635033135904,5.83301196850733,FALSE,0.0036
88,0.2,"mlma",4983,5000,0.890026088701585,0.00443201029537465,0.060441656483378,NA,FALSE,0.0034
88,0.2,"mlma_cr2",4983,5000,0.784868553080474,0.00582109879172771,0.060441656483378,5.83317705083134,FALSE,0.0034
89,0,"mlma",5000,5000,0.0604,0.00336903072114221,0.128241991290467,NA,FALSE,0
89,0,"mlma_cr2",5000,5000,0.0556,0.00324063697442339,0.128241991290467,27.9652076319886,FALSE,0
89,0.05,"mlma",5000,5000,0.078,0.00379251895183136,0.128241991289722,NA,FALSE,0
89,0.05,"mlma_cr2",5000,5000,0.0658,0.00350629034736144,0.128241991289722,27.9652076318937,FALSE,0
89,0.1,"mlma",5000,5000,0.1352,0.00483572042202607,0.128241991289702,NA,FALSE,0
89,0.1,"mlma_cr2",5000,5000,0.1172,0.00454893745835222,0.128241991289702,27.9652076318949,FALSE,0
89,0.2,"mlma",5000,5000,0.35,0.00674536878161602,0.128241991289611,NA,FALSE,0
89,0.2,"mlma_cr2",5000,5000,0.3182,0.00658708979747506,0.128241991289611,27.9652076322363,FALSE,0
90,0,"mlma",5000,5000,0.0548,0.00321860093829602,0.0129793922401252,NA,FALSE,0
90,0,"mlma_cr2",5000,5000,0.0478,0.00301712313305241,0.0129793922401252,35.8143552627083,FALSE,0
90,0.05,"mlma",5000,5000,0.9676,0.0025040063897682,0.0129793922411139,NA,FALSE,0
90,0.05,"mlma_cr2",5000,5000,0.9624,0.00269021337443705,0.0129793922411139,35.8143552623331,FALSE,0
90,0.1,"mlma",5000,5000,1,0,0.0129793922390709,NA,FALSE,0
90,0.1,"mlma_cr2",5000,5000,1,0,0.0129793922390709,35.8143552643518,FALSE,0
90,0.2,"mlma",5000,5000,1,0,0.01297939224104,NA,FALSE,0
90,0.2,"mlma_cr2",5000,5000,1,0,0.01297939224104,35.8143552618286,FALSE,0
91,0,"mlma",5000,5000,0.042,0.00283675871374356,0.0102950853567792,NA,FALSE,0
91,0,"mlma_cr2",5000,5000,0.05,0.00308220700148449,0.0102950853567792,25.8766042670998,FALSE,0
91,0.05,"mlma",5000,5000,0.9974,0.000720172201629589,0.0102950853569823,NA,FALSE,0
91,0.05,"mlma_cr2",5000,5000,0.9972,0.000747283078893136,0.0102950853569823,25.8766042670409,FALSE,0
91,0.1,"mlma",5000,5000,1,0,0.0102950853569853,NA,FALSE,0
91,0.1,"mlma_cr2",5000,5000,1,0,0.0102950853569853,25.8766042670413,FALSE,0
91,0.2,"mlma",5000,5000,1,0,0.0102950853569968,NA,FALSE,0
91,0.2,"mlma_cr2",5000,5000,1,0,0.0102950853569968,25.8766042670411,FALSE,0
92,0,"mlma",5000,5000,0.0538,0.00319078548323136,0.0871572064733249,NA,FALSE,0
92,0,"mlma_cr2",5000,5000,0.0466,0.00298088711627931,0.0871572064733249,23.7224930610925,FALSE,0
92,0.05,"mlma",5000,5000,0.0962,0.00417002541958679,0.0871572064733065,NA,FALSE,0
92,0.05,"mlma_cr2",5000,5000,0.0878,0.00400227835113951,0.0871572064733065,23.7224930610888,FALSE,0
92,0.1,"mlma",5000,5000,0.214,0.00580006896510723,0.0871572064734156,NA,FALSE,0
92,0.1,"mlma_cr2",5000,5000,0.1994,0.00565048033356457,0.0871572064734156,23.722493061089,FALSE,0
92,0.2,"mlma",5000,5000,0.638,0.006796410817483,0.0871572064734022,NA,FALSE,0
92,0.2,"mlma_cr2",5000,5000,0.5974,0.00693560725531658,0.0871572064734022,23.7224930610847,FALSE,0
93,0,"mlma",5000,5000,0.051,0.00311123769583746,0.0148119488129536,NA,FALSE,0
93,0,"mlma_cr2",5000,5000,0.0496,0.00307049963361014,0.0148119488129536,17.0578147903304,FALSE,0
93,0.05,"mlma",5000,5000,0.9152,0.0039397705516946,0.0148119488118322,NA,FALSE,0
93,0.05,"mlma_cr2",5000,5000,0.8954,0.00432802125687941,0.0148119488118322,17.0578147771964,FALSE,0
93,0.1,"mlma",5000,5000,1,0,0.0148119488116442,NA,FALSE,0
93,0.1,"mlma_cr2",5000,5000,1,0,0.0148119488116442,17.0578147933705,FALSE,0
93,0.2,"mlma",5000,5000,1,0,0.0148119488150277,NA,FALSE,0
93,0.2,"mlma_cr2",5000,5000,1,0,0.0148119488150277,17.0578147927263,FALSE,0
94,0,"mlma",5000,5000,0.0514,0.00312275647465504,0.13624680346163,NA,FALSE,0
94,0,"mlma_cr2",5000,5000,0.0458,0.00295642892693195,0.13624680346163,11.8052391430895,FALSE,0
94,0.05,"mlma",5000,5000,0.066,0.00351123909752668,0.13624680346338,NA,FALSE,0
94,0.05,"mlma_cr2",5000,5000,0.056,0.00325158422926425,0.13624680346338,11.8052391431114,FALSE,0
94,0.1,"mlma",5000,5000,0.1138,0.00449109251741711,0.136246803462493,NA,FALSE,0
94,0.1,"mlma_cr2",5000,5000,0.0958,0.00416226765117286,0.136246803462493,11.8052391430927,FALSE,0
94,0.2,"mlma",5000,5000,0.3108,0.00654527860369595,0.136246803462856,NA,FALSE,0
94,0.2,"mlma_cr2",5000,5000,0.264,0.00623384311640901,0.136246803462856,11.8052391430873,FALSE,0
95,0,"mlma",5000,5000,0.059,0.00333223648620562,0.0765989624909773,NA,FALSE,0
95,0,"mlma_cr2",5000,5000,0.0544,0.0032075111847038,0.0765989624909773,37.4210262646581,FALSE,0
95,0.05,"mlma",5000,5000,0.102,0.00428009345692357,0.0765989624976807,NA,FALSE,0
95,0.05,"mlma_cr2",5000,5000,0.0992,0.00422751369010202,0.0765989624976807,37.4210262646585,FALSE,0
95,0.1,"mlma",5000,5000,0.262,0.00621861720963753,0.0765989625278802,NA,FALSE,0
95,0.1,"mlma_cr2",5000,5000,0.2408,0.00604674060961771,0.0765989625278802,37.4210262673471,FALSE,0
95,0.2,"mlma",5000,5000,0.7418,0.00618922870800555,0.0765989624914345,NA,FALSE,0
95,0.2,"mlma_cr2",5000,5000,0.7258,0.00630895173543117,0.0765989624914345,37.4210262647371,FALSE,0
96,0,"mlma",5000,5000,0.0456,0.00295027591929975,0.00969069735405782,NA,FALSE,0
96,0,"mlma_cr2",5000,5000,0.0508,0.00310545842026584,0.00969069735405782,40.6626885673981,FALSE,0
96,0.05,"mlma",5000,5000,0.9984,0.00056523269544499,0.00969069735364529,NA,FALSE,0
96,0.05,"mlma_cr2",5000,5000,0.9982,0.000599459756781058,0.00969069735364529,40.6626885759617,FALSE,0
96,0.1,"mlma",5000,5000,1,0,0.00969069736147796,NA,FALSE,0
96,0.1,"mlma_cr2",5000,5000,1,0,0.00969069736147796,40.6626885578586,FALSE,0
96,0.2,"mlma",5000,5000,1,0,0.00969069735486628,NA,FALSE,0
96,0.2,"mlma_cr2",5000,5000,1,0,0.00969069735486628,40.6626885667666,FALSE,0
97,0,"mlma",5000,5000,0.0618,0.00340531232047811,0.0390991301786459,NA,FALSE,0
97,0,"mlma_cr2",5000,5000,0.0526,0.00315699984162179,0.0390991301786459,29.9622283784167,FALSE,0
97,0.05,"mlma",5000,5000,0.2522,0.00614158220656534,0.0390991301763513,NA,FALSE,0
97,0.05,"mlma_cr2",5000,5000,0.2252,0.00590736760325612,0.0390991301763513,29.962228378789,FALSE,0
97,0.1,"mlma",5000,5000,0.725,0.00631466547015754,0.0390991301750332,NA,FALSE,0
97,0.1,"mlma_cr2",5000,5000,0.7006,0.00647703080122366,0.0390991301750332,29.9622283786691,FALSE,0
97,0.2,"mlma",4999,5000,0.997399479895979,0.000720316077074539,0.039102770327871,NA,FALSE,2e-04
97,0.2,"mlma_cr2",4999,5000,0.99619923984797,0.000870295557687723,0.039102770327871,29.9639315041111,FALSE,2e-04
98,0,"mlma",5000,5000,0.0608,0.00337944847571316,0.0547677547165742,NA,FALSE,0
98,0,"mlma_cr2",5000,5000,0.0526,0.00315699984162179,0.0547677547165742,32.3073469275236,FALSE,0
98,0.05,"mlma",5000,5000,0.1554,0.00512349177807479,0.0547677547136756,NA,FALSE,0
98,0.05,"mlma_cr2",5000,5000,0.1362,0.00485076406352649,0.0547677547136756,32.3073469273183,FALSE,0
98,0.1,"mlma",5000,5000,0.4434,0.00702561655657352,0.0547677547156216,NA,FALSE,0
98,0.1,"mlma_cr2",5000,5000,0.416,0.00697056669145343,0.0547677547156216,32.3073469269756,FALSE,0
98,0.2,"mlma",5000,5000,0.952,0.00302311098043059,0.0547677547169789,NA,FALSE,0
98,0.2,"mlma_cr2",5000,5000,0.9434,0.00326791799162708,0.0547677547169789,32.307346927066,FALSE,0
99,0,"mlma",5000,5000,0.0572,0.00328414859590732,0.0772501422083229,NA,FALSE,0
99,0,"mlma_cr2",5000,5000,0.0502,0.00308804015517933,0.0772501422083229,33.2098951557032,FALSE,0
99,0.05,"mlma",5000,5000,0.1076,0.00438228798688539,0.0772501422137271,NA,FALSE,0
99,0.05,"mlma_cr2",5000,5000,0.0936,0.00411919992231501,0.0772501422137271,33.2098951562434,FALSE,0
99,0.1,"mlma",5000,5000,0.2652,0.00624289932643479,0.0772501422096068,NA,FALSE,0
99,0.1,"mlma_cr2",5000,5000,0.2444,0.00607731256395456,0.0772501422096068,33.2098951561716,FALSE,0
99,0.2,"mlma",5000,5000,0.7224,0.00633305992392303,0.0772501422246673,NA,FALSE,0
99,0.2,"mlma_cr2",5000,5000,0.6984,0.00649056915840206,0.0772501422246673,33.2098951564128,FALSE,0
100,0,"mlma",4999,5000,0.0550110022004401,0.00322475397125171,0.107840414396663,NA,FALSE,2e-04
100,0,"mlma_cr2",4999,5000,0.0496099219843969,0.00307109782543482,0.107840414396663,33.500353004216,FALSE,2e-04
100,0.05,"mlma",5000,5000,0.0808,0.00385412402498934,0.107839698723464,NA,FALSE,0
100,0.05,"mlma_cr2",5000,5000,0.0706,0.00362258581678889,0.107839698723464,33.500354384195,FALSE,0
100,0.1,"mlma",5000,5000,0.1638,0.00523391937270723,0.107839698702108,NA,FALSE,0
100,0.1,"mlma_cr2",5000,5000,0.1472,0.00501063189627815,0.107839698702108,33.5003543846766,FALSE,0
100,0.2,"mlma",5000,5000,0.4562,0.00704388472364504,0.107839698684261,NA,FALSE,0
100,0.2,"mlma_cr2",5000,5000,0.4318,0.00700498051389153,0.107839698684261,33.5003543842128,FALSE,0
101,0,"mlma",5000,5000,0.0558,0.00324611644892786,0.0285937638133114,NA,FALSE,0
101,0,"mlma_cr2",5000,5000,0.0528,0.00316266216975509,0.0285937638133114,30.1320002096198,FALSE,0
101,0.05,"mlma",5000,5000,0.4168,0.0069724853531578,0.0285937638148811,NA,FALSE,0
101,0.05,"mlma_cr2",5000,5000,0.4028,0.0069361683947263,0.0285937638148811,30.1320002109552,FALSE,0
101,0.1,"mlma",5000,5000,0.9394,0.00337424480439698,0.0285937638132797,NA,FALSE,0
101,0.1,"mlma_cr2",5000,5000,0.931,0.00358438279205779,0.0285937638132797,30.1320002111456,FALSE,0
101,0.2,"mlma",5000,5000,1,0,0.0285937638132594,NA,FALSE,0
101,0.2,"mlma_cr2",5000,5000,1,0,0.0285937638132594,30.1320002107067,FALSE,0
102,0,"mlma",5000,5000,0.0572,0.00328414859590732,0.041995575028984,NA,FALSE,0
102,0,"mlma_cr2",5000,5000,0.055,0.0032241277890307,0.041995575028984,33.340809222326,FALSE,0
102,0.05,"mlma",5000,5000,0.2322,0.00597131744257496,0.0419955750424748,NA,FALSE,0
102,0.05,"mlma_cr2",5000,5000,0.22,0.00585832740635072,0.0419955750424748,33.3408092102642,FALSE,0
102,0.1,"mlma",5000,5000,0.6754,0.00662170431233531,0.0419955750376228,NA,FALSE,0
102,0.1,"mlma_cr2",5000,5000,0.654,0.00672731744456882,0.0419955750376228,33.3408092107524,FALSE,0
102,0.2,"mlma",5000,5000,0.9972,0.000747283078893136,0.0419955750298709,NA,FALSE,0
102,0.2,"mlma_cr2",5000,5000,0.996,0.000892636544176856,0.0419955750298709,33.3408092257816,FALSE,0
103,0,"mlma",5000,5000,0.057,0.00327874976172321,0.0602110786563949,NA,FALSE,0
103,0,"mlma_cr2",5000,5000,0.0546,0.00321306209090332,0.0602110786563949,35.2086334277491,FALSE,0
103,0.05,"mlma",5000,5000,0.143,0.0049507777166825,0.0602110786580625,NA,FALSE,0
103,0.05,"mlma_cr2",5000,5000,0.1336,0.0048114663045687,0.0602110786580625,35.2086334276138,FALSE,0
103,0.1,"mlma",5000,5000,0.3982,0.00692295832718932,0.0602110786553494,NA,FALSE,0
103,0.1,"mlma_cr2",5000,5000,0.3812,0.00686857423341992,0.0602110786553494,35.208633427993,FALSE,0
103,0.2,"mlma",5000,5000,0.9202,0.00383228287056162,0.0602110786569197,NA,FALSE,0
103,0.2,"mlma_cr2",5000,5000,0.9058,0.00413101343498178,0.0602110786569197,35.2086334276809,FALSE,0
104,0,"mlma",5000,5000,0.0578,0.00330027756408457,0.0843280108355641,NA,FALSE,0
104,0,"mlma_cr2",5000,5000,0.0556,0.00324063697442339,0.0843280108355641,36.2852016089047,FALSE,0
104,0.05,"mlma",5000,5000,0.0968,0.00418162073842189,0.0843280108198887,NA,FALSE,0
104,0.05,"mlma_cr2",5000,5000,0.0904,0.00405531355137923,0.0843280108198887,36.285201613606,FALSE,0
104,0.1,"mlma",5000,5000,0.237,0.00601383405158473,0.0843280108154032,NA,FALSE,0
104,0.1,"mlma_cr2",5000,5000,0.225,0.00590550590550886,0.0843280108154032,36.2852016126789,FALSE,0
104,0.2,"mlma",5000,5000,0.6712,0.00664365200774393,0.0843280108385963,NA,FALSE,0
104,0.2,"mlma_cr2",5000,5000,0.651,0.00674090498375404,0.0843280108385963,36.2852016098012,FALSE,0
105,0,"mlma",5000,5000,0.0454,0.00294410733499986,0.0192128678277913,NA,FALSE,0
105,0,"mlma_cr2",5000,5000,0.0446,0.00291927525252416,0.0192128678277913,61.8573063781586,FALSE,0
105,0.05,"mlma",5000,5000,0.722,0.00633586616020257,0.0192128678274758,NA,FALSE,0
105,0.05,"mlma_cr2",5000,5000,0.7138,0.00639201939921962,0.0192128678274758,61.8573063788068,FALSE,0
105,0.1,"mlma",5000,5000,0.9994,0.000346306222872199,0.0192128678268099,NA,FALSE,0
105,0.1,"mlma_cr2",5000,5000,0.9994,0.000346306222872199,0.0192128678268099,61.8573063805555,FALSE,0
105,0.2,"mlma",5000,5000,1,0,0.0192128678257808,NA,FALSE,0
105,0.2,"mlma_cr2",5000,5000,1,0,0.0192128678257808,61.8573063789004,FALSE,0
106,0,"mlma",5000,5000,0.0466,0.00298088711627931,0.0296402382988794,NA,FALSE,0
106,0,"mlma_cr2",5000,5000,0.044,0.00290048271844533,0.0296402382988794,64.0503803330081,FALSE,0
106,0.05,"mlma",5000,5000,0.3908,0.00690036752644379,0.029640238296607,NA,FALSE,0
106,0.05,"mlma_cr2",5000,5000,0.3792,0.00686159398390782,0.029640238296607,64.0503803327897,FALSE,0
106,0.1,"mlma",5000,5000,0.9198,0.00384104048403554,0.029640238298215,NA,FALSE,0
106,0.1,"mlma_cr2",5000,5000,0.915,0.003943982758583,0.029640238298215,64.0503803329088,FALSE,0
106,0.2,"mlma",5000,5000,1,0,0.0296402382987827,NA,FALSE,0
106,0.2,"mlma_cr2",5000,5000,1,0,0.0296402382987827,64.0503803325966,FALSE,0
107,0,"mlma",5000,5000,0.0476,0.00301112072159188,0.0439203214752605,NA,FALSE,0
107,0,"mlma_cr2",5000,5000,0.0464,0.00297479545515318,0.0439203214752605,64.079730458936,FALSE,0
107,0.05,"mlma",5000,5000,0.2128,0.00578819764693639,0.043920321475199,NA,FALSE,0
107,0.05,"mlma_cr2",5000,5000,0.2022,0.00568005563353036,0.043920321475199,64.0797304589932,FALSE,0
107,0.1,"mlma",5000,5000,0.6146,0.00688283139412844,0.0439203214744112,NA,FALSE,0
107,0.1,"mlma_cr2",5000,5000,0.6024,0.00692118833727273,0.0439203214744112,64.0797304588237,FALSE,0
107,0.2,"mlma",5000,5000,0.9966,0.000823218075603295,0.043920321477398,NA,FALSE,0
107,0.2,"mlma_cr2",5000,5000,0.9956,0.000936017093861,0.043920321477398,64.0797304574506,FALSE,0
108,0,"mlma",5000,5000,0.0492,0.00305873699425106,0.0629281867588279,NA,FALSE,0
108,0,"mlma_cr2",5000,5000,0.0468,0.00298696367570816,0.0629281867588279,63.8397012276833,FALSE,0
108,0.05,"mlma",5000,5000,0.1292,0.00474357165013874,0.0629281867542406,NA,FALSE,0
108,0.05,"mlma_cr2",5000,5000,0.1248,0.00467386264239761,0.0629281867542406,63.839701228652,FALSE,0
108,0.1,"mlma",5000,5000,0.359,0.00678408431551377,0.0629281867547588,NA,FALSE,0
108,0.1,"mlma_cr2",5000,5000,0.3458,0.00672640111798278,0.0629281867547588,63.8397012286316,FALSE,0
108,0.2,"mlma",5000,5000,0.8838,0.00453205383904472,0.062928186755152,NA,FALSE,0
108,0.2,"mlma_cr2",5000,5000,0.879,0.00461213616451206,0.062928186755152,63.8397012287121,FALSE,0
109,0,"mlma",5000,5000,0.0554,0.00323514574633045,0.0346893542077739,NA,FALSE,0
109,0,"mlma_cr2",5000,5000,0.0462,0.00296868859936505,0.0346893542077739,12.1700764945415,FALSE,0
109,0.05,"mlma",4999,5000,0.327065413082616,0.00663532450116721,0.0346924673807173,NA,FALSE,2e-04
109,0.05,"mlma_cr2",4999,5000,0.281856371274255,0.00636323578088959,0.0346924673807173,12.1707101041397,FALSE,2e-04
109,0.1,"mlma",4999,5000,0.825965193038608,0.00536237723434125,0.0346924673822318,NA,FALSE,2e-04
109,0.1,"mlma_cr2",4999,5000,0.771954390878176,0.00593424004379631,0.0346924673822318,12.1707101029488,FALSE,2e-04
109,0.2,"mlma",5000,5000,1,0,0.0346893542104647,NA,FALSE,0
109,0.2,"mlma_cr2",5000,5000,0.9996,0.000282786138274123,0.0346893542104647,12.1700764954403,FALSE,0
110,0,"mlma",5000,5000,0.0494,0.0030646252625729,0.0479404489402195,NA,FALSE,0
110,0,"mlma_cr2",5000,5000,0.0454,0.00294410733499986,0.0479404489402195,14.9354952512584,FALSE,0
110,0.05,"mlma",5000,5000,0.1914,0.0055635607303237,0.0479404489402341,NA,FALSE,0
110,0.05,"mlma_cr2",5000,5000,0.1692,0.00530228931688945,0.0479404489402341,14.9354952514217,FALSE,0
110,0.1,"mlma",5000,5000,0.56,0.0070199715099137,0.0479404489374413,NA,FALSE,0
110,0.1,"mlma_cr2",5000,5000,0.5154,0.00706771306718093,0.0479404489374413,14.9354952518321,FALSE,0
110,0.2,"mlma",5000,5000,0.9894,0.00144828450243728,0.0479404489369633,NA,FALSE,0
110,0.2,"mlma_cr2",5000,5000,0.9774,0.00210186774084384,0.0479404489369633,14.9354952525578,FALSE,0
111,0,"mlma",5000,5000,0.0502,0.00308804015517933,0.0666424081099265,NA,FALSE,0
111,0,"mlma_cr2",5000,5000,0.0462,0.00296868859936505,0.0666424081099265,16.0303027684002,FALSE,0
111,0.05,"mlma",5000,5000,0.1226,0.00463830227561766,0.0666424081162103,NA,FALSE,0
111,0.05,"mlma_cr2",5000,5000,0.1122,0.00446343275965932,0.0666424081162103,16.0303027693592,FALSE,0
111,0.1,"mlma",5000,5000,0.3332,0.00666599969996999,0.0666424081161311,NA,FALSE,0
111,0.1,"mlma_cr2",5000,5000,0.3,0.00648074069840786,0.0666424081161311,16.0303027690333,FALSE,0
111,0.2,"mlma",5000,5000,0.851,0.00503585146722975,0.0666424080675193,NA,FALSE,0
111,0.2,"mlma_cr2",5000,5000,0.8064,0.00558782676896842,0.0666424080675193,16.0303027700215,FALSE,0
112,0,"mlma",5000,5000,0.05,0.00308220700148449,0.0921409570845127,NA,FALSE,0
112,0,"mlma_cr2",5000,5000,0.0462,0.00296868859936505,0.0921409570845127,16.4070660207853,FALSE,0
112,0.05,"mlma",5000,5000,0.085,0.003943982758583,0.0921409570769487,NA,FALSE,0
112,0.05,"mlma_cr2",5000,5000,0.0804,0.0038454086908936,0.0921409570769487,16.4070660207442,FALSE,0
112,0.1,"mlma",5000,5000,0.1982,0.00563767256942082,0.0921409570770796,NA,FALSE,0
112,0.1,"mlma_cr2",5000,5000,0.183,0.00546829040925955,0.0921409570770796,16.4070660202757,FALSE,0
112,0.2,"mlma",5000,5000,0.5822,0.0069748571311533,0.0921409570768395,NA,FALSE,0
112,0.2,"mlma_cr2",5000,5000,0.5352,0.00705352337488152,0.0921409570768395,16.4070660201417,FALSE,0
113,0,"mlma",4998,5000,0.0500200080032013,0.00308340790720934,0.0289920303327979,NA,FALSE,4e-04
113,0,"mlma_cr2",4998,5000,0.0430172068827531,0.00286995470608125,0.0289920303327979,18.4819632152478,FALSE,4e-04
113,0.05,"mlma",5000,5000,0.4016,0.00693278356794729,0.0289958534112522,NA,FALSE,0
113,0.05,"mlma_cr2",5000,5000,0.3668,0.00681553754299688,0.0289958534112522,18.4805842287236,FALSE,0
113,0.1,"mlma",5000,5000,0.924,0.00374763925691895,0.0289958534104504,NA,FALSE,0
113,0.1,"mlma_cr2",5000,5000,0.9058,0.00413101343498178,0.0289958534104504,18.4805842256254,FALSE,0
113,0.2,"mlma",5000,5000,1,0,0.0289958534102181,NA,FALSE,0
113,0.2,"mlma_cr2",5000,5000,1,0,0.0289958534102181,18.4805842285455,FALSE,0
114,0,"mlma",5000,5000,0.048,0.00302311098043059,0.0437052684185256,NA,FALSE,0
114,0,"mlma_cr2",5000,5000,0.0424,0.00284963997726029,0.0437052684185256,19.7279951138007,FALSE,0
114,0.05,"mlma",5000,5000,0.202,0.00567795737919897,0.0437052684183922,NA,FALSE,0
114,0.05,"mlma_cr2",5000,5000,0.1786,0.00541667868716615,0.0437052684183922,19.727995114097,FALSE,0
114,0.1,"mlma",5000,5000,0.6082,0.00690351736435855,0.0437052684174636,NA,FALSE,0
114,0.1,"mlma_cr2",5000,5000,0.567,0.00700729619753582,0.0437052684174636,19.7279951141785,FALSE,0
114,0.2,"mlma",5000,5000,0.9948,0.00101714895664303,0.0437052684192384,NA,FALSE,0
114,0.2,"mlma_cr2",5000,5000,0.9908,0.00135021183523179,0.0437052684192384,19.7279951137884,FALSE,0
115,0,"mlma",5000,5000,0.0498,0.00307636018697421,0.0640818057738032,NA,FALSE,0
115,0,"mlma_cr2",5000,5000,0.0432,0.00287519599331941,0.0640818057738032,19.8822417231591,FALSE,0
115,0.05,"mlma",5000,5000,0.118,0.00456236780630409,0.0640818057767537,NA,FALSE,0
115,0.05,"mlma_cr2",5000,5000,0.1078,0.00438586730305421,0.0640818057767537,19.8822417231586,FALSE,0
115,0.1,"mlma",5000,5000,0.333,0.00666499812453087,0.0640818057748438,NA,FALSE,0
115,0.1,"mlma_cr2",5000,5000,0.3042,0.00650634090714589,0.0640818057748438,19.8822417231624,FALSE,0
115,0.2,"mlma",5000,5000,0.8606,0.00489831889529459,0.0640818057761676,NA,FALSE,0
115,0.2,"mlma_cr2",5000,5000,0.8254,0.00536870263657804,0.0640818057761676,19.8822417231381,FALSE,0
116,0,"mlma",5000,5000,0.048,0.00302311098043059,0.0913891319221962,NA,FALSE,0
116,0,"mlma_cr2",5000,5000,0.0438,0.00289418589589542,0.0913891319221962,19.8608673860708,FALSE,0
116,0.05,"mlma",5000,5000,0.0808,0.00385412402498934,0.0913891319090403,NA,FALSE,0
116,0.05,"mlma_cr2",5000,5000,0.0734,0.00368815509435273,0.0913891319090403,19.8608673864401,FALSE,0
116,0.1,"mlma",5000,5000,0.19,0.00554797260267208,0.0913891319174177,NA,FALSE,0
116,0.1,"mlma_cr2",5000,5000,0.173,0.0053492242428225,0.0913891319174177,19.860867386383,FALSE,0
116,0.2,"mlma",5000,5000,0.5702,0.00700102792452651,0.0913891319290442,NA,FALSE,0
116,0.2,"mlma_cr2",5000,5000,0.5284,0.00705965211607484,0.0913891319290442,19.8608673862221,FALSE,0
117,0,"mlma",5000,5000,0.045,0.00293172304285381,0.0192238826256487,NA,FALSE,0
117,0,"mlma_cr2",5000,5000,0.0512,0.0031170036894428,0.0192238826256487,46.5570875353135,FALSE,0
117,0.05,"mlma",5000,5000,0.7202,0.0063484164954735,0.019223882626081,NA,FALSE,0
117,0.05,"mlma_cr2",5000,5000,0.7224,0.00633305992392303,0.019223882626081,46.5570875379372,FALSE,0
117,0.1,"mlma",5000,5000,0.9988,0.000489603921552918,0.0192238826250844,NA,FALSE,0
117,0.1,"mlma_cr2",5000,5000,0.9986,0.000528779727296718,0.0192238826250844,46.5570875366308,FALSE,0
117,0.2,"mlma",5000,5000,1,0,0.0192238826273662,NA,FALSE,0
117,0.2,"mlma_cr2",5000,5000,1,0,0.0192238826273662,46.5570875356905,FALSE,0
118,0,"mlma",5000,5000,0.0494,0.0030646252625729,0.0298195843117127,NA,FALSE,0
118,0,"mlma_cr2",5000,5000,0.0484,0.00303504332753257,0.0298195843117127,48.7376101885295,FALSE,0
118,0.05,"mlma",5000,5000,0.3804,0.00686579696757776,0.0298195843133068,NA,FALSE,0
118,0.05,"mlma_cr2",5000,5000,0.3748,0.00684580104881817,0.0298195843133068,48.7376101890703,FALSE,0
118,0.1,"mlma",5000,5000,0.9144,0.00395658034165869,0.0298195843122659,NA,FALSE,0
118,0.1,"mlma_cr2",5000,5000,0.9074,0.00409939605307904,0.0298195843122659,48.7376101897413,FALSE,0
118,0.2,"mlma",5000,5000,1,0,0.0298195843122076,NA,FALSE,0
118,0.2,"mlma_cr2",5000,5000,1,0,0.0298195843122076,48.7376101902768,FALSE,0
119,0,"mlma",5000,5000,0.0474,0.00300510365877785,0.0448239136779681,NA,FALSE,0
119,0,"mlma_cr2",5000,5000,0.0468,0.00298696367570816,0.0448239136779681,49.4134662127113,FALSE,0
119,0.05,"mlma",5000,5000,0.1974,0.00562908944679333,0.0448239136780293,NA,FALSE,0
119,0.05,"mlma_cr2",5000,5000,0.191,0.0055591186351795,0.0448239136780293,49.4134662101743,FALSE,0
119,0.1,"mlma",5000,5000,0.6016,0.00692354591231978,0.0448239136810403,NA,FALSE,0
119,0.1,"mlma_cr2",5000,5000,0.585,0.00696814178960216,0.0448239136810403,49.4134662109334,FALSE,0
119,0.2,"mlma",5000,5000,0.9932,0.00116221856808434,0.0448239136790256,NA,FALSE,0
119,0.2,"mlma_cr2",5000,5000,0.9912,0.00132079975772257,0.0448239136790256,49.4134662121191,FALSE,0
120,0,"mlma",5000,5000,0.0488,0.00304691844328003,0.0648159395075582,NA,FALSE,0
120,0,"mlma_cr2",5000,5000,0.0454,0.00294410733499986,0.0648159395075582,49.6216341141934,FALSE,0
120,0.05,"mlma",5000,5000,0.1214,0.00461870198215906,0.0648159395052686,NA,FALSE,0
120,0.05,"mlma_cr2",5000,5000,0.116,0.00452866426223009,0.0648159395052686,49.6216341136573,FALSE,0
120,0.1,"mlma",5000,5000,0.3382,0.00669060176665746,0.0648159395010216,NA,FALSE,0
120,0.1,"mlma_cr2",5000,5000,0.3284,0.00664158776197379,0.0648159395010216,49.6216341138074,FALSE,0
120,0.2,"mlma",5000,5000,0.8666,0.00480841845100861,0.0648159395032705,NA,FALSE,0
120,0.2,"mlma_cr2",5000,5000,0.8548,0.00498230789895607,0.0648159395032705,49.6216341141067,FALSE,0
