"regime","stratum","method","n_cells","rmse","mae","mean_signed_error","abs_mean_signed_error","spearman","pearson","calibration_intercept","calibration_slope"
"sampling_only","overall_nonnull","mlma_cr2",360,0.439467288304961,0.332888012073089,0.331786637770322,0.331786637770322,0.79294819286816,0.589964306681503,-0.185188085514151,0.829150143954562
"sampling_only","beta1_0.05","mlma_cr2",120,0.536632899234617,0.449783795211761,0.447883897867069,0.447883897867069,0.600442094559419,0.457987516513417,0.007954895763064,0.338120166014989
"sampling_only","beta1_0.10","mlma_cr2",120,0.473678593515049,0.395263278429235,0.393859697230623,0.393859697230623,0.59321214396908,0.494212289693957,-0.186240710556343,0.769848404749399
"sampling_only","beta1_0.20","mlma_cr2",120,0.258936698779843,0.153616962578271,0.153616318213273,0.153616318213273,0.549421027631556,0.510506460811031,-0.756706546545948,1.61329252440644
"sampling_only","broad_primary","mlma_cr2",192,0.443603408982167,0.350218977532742,0.349932702007816,0.349932702007816,0.823395726792489,0.623018604240988,-0.204199512204589,0.826425626589376
"sampling_only","targeted_secondary","mlma_cr2",168,0.434692105595105,0.313081194404913,0.311048278641756,0.311048278641756,0.755382070851969,0.545921477303425,-0.149335290765131,0.816056566123508
"sampling_only","type1_robustness_band","mlma_cr2",360,0.439467288304961,0.332888012073089,0.331786637770322,0.331786637770322,0.79294819286816,0.589964306681503,-0.185188085514151,0.829150143954562
"near_correct","overall_nonnull","mlma_cr2",360,0.0424062416578465,0.0235015641986674,0.00121080988029088,0.00121080988029088,0.993244997133261,0.992767933639535,0.000705563038602107,0.996366921262101
"near_correct","beta1_0.05","mlma_cr2",120,0.0466136039357898,0.0234250817362422,0.00327811704282691,0.00327811704282691,0.986198670392955,0.980408262942933,0.00287967032004663,0.974773243855941
"near_correct","beta1_0.10","mlma_cr2",120,0.0496657396773465,0.0307327156141976,-0.000657152968771458,0.000657152968771458,0.98881216110707,0.986123091484812,0.00652599488501407,0.988437597915911
"near_correct","beta1_0.20","mlma_cr2",120,0.0274837083569595,0.0163468952455623,0.0010114655668172,0.0010114655668172,0.985409611361833,0.993268184152377,-0.0081609686613738,1.00860598040485
"near_correct","broad_primary","mlma_cr2",192,0.038763503919278,0.0251655745189397,-0.000816102809179514,0.000816102809179514,0.993979508020699,0.993629282866493,-0.000597064049628783,1.00289078648688
"near_correct","targeted_secondary","mlma_cr2",168,0.0462191458231576,0.0215998381183561,0.00352728152539991,0.00352728152539991,0.991818410811284,0.991747634364219,0.00159687788612532,0.991035790050173
"near_correct","type1_robustness_band","mlma_cr2",360,0.0424062416578465,0.0235015641986674,0.00121080988029088,0.00121080988029088,0.993244997133261,0.992767933639535,0.000705563038602107,0.996366921262101
"oracle","overall_nonnull","mlma_cr2",360,0.00938709683455831,0.00528320953004441,0.00224596680550176,0.00224596680550176,0.999059865322446,0.999669229760067,-0.00348677812173396,1.00234773503056
"oracle","beta1_0.05","mlma_cr2",120,0.0105022567802499,0.00610451450314418,0.00290340342419022,0.00290340342419022,0.997039719842672,0.999073663261969,-0.00227915945308038,0.997438712826082
"oracle","beta1_0.10","mlma_cr2",120,0.0109428885929672,0.00665205847324463,0.00250934747965169,0.00250934747965169,0.999135274265988,0.999362826724333,-0.00258808673604723,1.00015416509907
"oracle","beta1_0.20","mlma_cr2",120,0.00585735031458143,0.00309305561374442,0.00132514951266338,0.00132514951266338,0.995035096409329,0.999754580811906,-0.00934818231513883,1.00965381805309
"oracle","broad_primary","mlma_cr2",192,0.00880583877172217,0.00549670048414399,0.00213938290103965,0.00213938290103965,0.999098813259817,0.999694464630307,-0.00339105526464275,1.00254504518369
"oracle","targeted_secondary","mlma_cr2",168,0.0100101479433344,0.00503921986821631,0.00236777698202989,0.00236777698202989,0.998216401417803,0.999634658082812,-0.00366617915637985,1.00227604296433
"oracle","type1_robustness_band","mlma_cr2",360,0.00938709683455831,0.00528320953004441,0.00224596680550176,0.00224596680550176,0.999059865322446,0.999669229760067,-0.00348677812173396,1.00234773503056
