"pair_class","pair_id","scenario_id_a","scenario_id_b","expected_direction","empirical_variance_a","empirical_variance_b","empirical_variance_diff","mean_df_a","mean_df_b","mean_df_diff","power_0.10_a","power_0.10_b","power_0.10_diff","power_0.05_diff","power_0.20_diff","VIF_S_a","VIF_S_b","direction_supported"
"A",1,65,66,"lower_R_H_has_larger_VIF_S",4.78988385436545e-05,0.00287112033933137,-0.00282322150078772,117.246345812603,117.442225830771,-0.195880018167358,1,0.4546,0.5454,0.8376,0.0376,1.07936048377811,66.687837015911,TRUE
"A",2,67,68,"lower_R_H_has_larger_VIF_S",0.00257669598374702,0.000104747536885591,0.00247194844686143,114.731193117158,112.472986997348,2.25820611981003,0.4778,1,-0.5222,-0.8372,-0.028,34.7259200467447,1.37161231387713,TRUE
"A",3,69,70,"lower_R_H_has_larger_VIF_S",0.000647554200137896,0.00867421166026163,-0.00802665746012373,19.3029907400997,18.980197438773,0.322793301326669,0.9644,0.1732,0.7912,0.3888,0.479,1.82092681974214,25.6208382927055,TRUE
"A",4,71,72,"lower_R_H_has_larger_VIF_S",0.00102101639109444,0.00875723323519419,-0.00773621684409975,16.2129252896616,13.3841847758557,2.82874051380588,0.825,0.1696,0.6554,0.2312,0.492,1.6557764166187,13.8212755817066,TRUE
"B",1,73,74,"higher_B_C_has_lower_empirical_variance",0.0021983848019243,0.000421398552988556,0.00177698624893574,16.0133551542521,31.6938724390746,-15.6805172848226,0.5192,0.995997598559135,-0.476797598559136,-0.48202709769645,-0.0242,2.4065458619435,3.96879340461471,TRUE
"B",2,75,76,"higher_B_C_has_lower_empirical_variance",0.0154996348260391,0.00515736445914471,0.0103422703668944,2.098352713751,6.37858987707731,-4.28023716332632,0.0579042276096975,0.214013250351335,-0.156109022741638,-0.0436996987147951,-0.533196140144572,5.60189340477803,8.60624102225696,TRUE
"B",3,77,78,"higher_B_C_has_lower_empirical_variance",0.000637249016785244,0.0104541712342825,-0.00981692221749721,9.03592952271832,5.18801311555906,3.84791640715927,0.9334,0.1238,0.8096,0.3434,0.6428,0.725260215621664,1.19560839958116,TRUE
"B",4,79,80,"higher_B_C_has_lower_empirical_variance",0.00230957441895898,0.000687324899936967,0.00162224951902201,19.6741489359068,39.5004134178649,-19.8262644819581,0.513,0.965123271196633,-0.452123271196633,-0.310475092564101,-0.0228,9.85714172829467,5.00701935081716,TRUE
"C",1,81,82,"greater_J_min_and_B_J_has_greater_mean_df",0.0023821214728209,0.00230510485427909,7.70166185418012e-05,141.927937023672,5.72160884702736,136.206328176645,0.542708541708342,0.4126,0.130108541708342,0.0484,0.0559885931558934,6.12623015164051,5.81047274733539,TRUE
"C",2,83,84,"greater_J_min_and_B_J_has_greater_mean_df",0.000613504473758402,0.000668903501762147,-5.53990280037451e-05,95.5903216442544,2.9712290556103,92.6190925886441,0.977595519103821,0.742,0.235595519103821,0.244994937362823,0.00440352281825462,14.3422818874747,1.63693347748396,TRUE
"C",3,85,86,"greater_J_min_and_B_J_has_greater_mean_df",0.00256398493911963,0.0035485167893582,-0.00098453185023857,6.5192511945298,141.770896896681,-135.251645702151,0.3937575030012,0.3756,0.0181575030012005,0.000799999999999995,0.00376454581832741,1.19479766566592,6.69239953617354,TRUE
"C",4,87,88,"greater_J_min_and_B_J_has_greater_mean_df",0.00292896115789662,0.0036534218924902,-0.000724460734593579,141.615911034076,5.83212081368815,135.783790220388,0.4544,0.280409474106784,0.173990525893216,0.0481647318738702,0.171731446919526,9.16094847973282,9.02932104933112,TRUE
"D",1,89,90,"higher_I_C_H_has_lower_empirical_variance",0.0164460083301442,0.000168464622923021,0.0162775437072212,27.9652076319886,35.8143552627083,-7.84914763071966,0.1172,1,-0.8828,-0.8966,-0.6818,7.08815171392692,1.6575153499858,TRUE
"D",2,91,92,"higher_I_C_H_has_lower_empirical_variance",0.000105988782503369,0.00759637864023378,-0.00749038985773042,25.8766042670998,23.7224930610925,2.15411120600729,1,0.1994,0.8006,0.9094,0.4026,1.62914255435766,21.4824270979458,TRUE
"D",3,93,94,"higher_I_C_H_has_lower_empirical_variance",0.000219393827637557,0.018563191453512,-0.0183437976258744,17.0578147903304,11.8052391430895,5.25257564724089,1,0.0958,0.9042,0.8394,0.736,1.54045806180545,7.96146626130667,TRUE
"D",4,95,96,"higher_I_C_H_has_lower_empirical_variance",0.00586740105469415,9.39096152079432e-05,0.0057734914394862,37.4210262646581,40.6626885673981,-3.24166230273998,0.2408,1,-0.7592,-0.899,-0.2742,16.4231306048742,2.02561686128864,TRUE
