"scenario_id","scenario_set","pair_id","pair_class","J","J0","J1","minority_prop","mean_n_target","N_total","sigma_log_n","mean_k_target","K_total","sigma_log_k","nk_mode","alignment_pattern","alignment_strength","rho_true","tau","omega","scenario_seed","I_C_star","J0_star","J1_star","nu_C_star","predicted_variance","predicted_se","metric_status","minority_study_count","N","K","mean_n","mean_k","n_cv","k_cv","J_prec","J_prec_over_J","J_k","J_k_over_J","minority_precision_share","minority_effect_share","largest_precision_share","largest_effect_share","spearman_n_k"
1,"broad",NA,NA,36,27,9,0.25,276.685690070203,9961,0.74003160914348,4.4209934110535,159,0.930001272945665,"independent","n_minority",0.601719927269296,0.528381075495854,0.146718092065479,0.0661716804737225,81032123,14291.9185535866,19.3367182035899,5.9092178750291,13.6869602995081,0.00027987844913909,0.0167295681097597,"ok",9,9961,159,276.694444444444,4.41666666666667,0.845286327506843,1.08568002365659,21.0529576768399,0.584804379912218,16.7757133377571,0.46599203715992,0.44240332893535,0.251572327044025,0.0948949558510098,0.157232704402516,0.0462586159642428
2,"broad",NA,NA,72,50,22,0.305555555555556,169.36318008853,12194,0.580928892634693,4.6175420242289,332,0.728780701342039,"negative","n_majority",0.521268129811506,0.37844381217612,0.134981860155822,0.126372454819968,81032220,12351.4844562263,45.6039995825514,17.7575436249841,28.340304359957,0.000323847713542125,0.0179957693234306,"ok",22,12194,332,169.361111111111,4.61111111111111,0.567955404605599,0.760501361488467,54.1488151401195,0.752066876946104,45.8502495840266,0.63680902200037,0.239271998664218,0.47289156626506,0.0448321923526465,0.0512048192771084,-0.990223491802671
3,"broad",NA,NA,60,41,19,0.316666666666667,424.329520180232,25460,0.416895518108504,5.36074500430841,322,0.66159224105766,"independent","nk_minority",0.875806031678658,0.428818386686035,0.123539096849214,0.119197474338929,81032317,39873.1246505416,36.1756629262617,16.8621304424385,42.2893252327221,0.000100318197659628,0.0100158972468585,"ok",19,25460,322,424.333333333333,5.36666666666667,0.492639963291343,0.766337605284516,48.3068522309132,0.805114203848553,38.035216434336,0.6339202739056,0.441969936708861,0.468944099378882,0.0444620253164557,0.0869565217391304,-0.112277308756311
4,"broad",NA,NA,72,55,17,0.236111111111111,508.124255680097,36585,0.677880380057031,3.40388485992298,245,0.64426810575882,"positive","n_majority",0.659044230544241,0.41817113694502,0.163687455617764,0.10674967614701,81032414,27417.6728517442,32.6196794963293,6.84974805969533,7.82179245855678,0.00014589130235922,0.0120785471957194,"ok",17,36585,245,508.125,3.40277777777778,0.780009283626853,0.648108555478934,44.8008610531085,0.622234181293174,50.9117896522477,0.707108189614551,0.150540295306442,0.146938775510204,0.0562292061920867,0.0408163265306122,0.982874224079972
5,"broad",NA,NA,96,66,30,0.3125,152.599181201368,14650,0.953968816536362,6.17911823796894,593,0.487706756953849,"negative","n_majority",0.69960644200517,0.592471749645192,0.184341202856973,0.116892401734658,81032511,11962.4234025281,49.1418091933105,16.1644355500067,21.2857484152546,0.000334380406494779,0.018286071379462,"ok",30,14650,593,152.604166666667,6.17708333333333,0.837755166301675,0.510315004735862,55.727878063159,0.580498729824573,76.3292815281094,0.795096682584473,0.151371675254143,0.460370994940978,0.0548670101657151,0.0252951096121417,-0.99174800855818
6,"broad",NA,NA,72,48,24,0.333333333333333,254.817993065526,18347,0.346821060533985,4.14125344315398,298,0.769452429591911,"independent","n_minority",0.760634647838742,0.213470312964637,0.231286168812134,0.187023835308442,81032608,25743.0445684125,44.0960749046357,20.2732490865408,46.5125693711712,0.000155381776594837,0.0124652226853289,"ok",24,18347,298,254.819444444444,4.13888888888889,0.343638936408438,0.870011842251171,64.3294417327394,0.89346446851027,41.2274837511606,0.572603940988342,0.430588494843086,0.288590604026846,0.0319342562462082,0.063758389261745,-0.0286653861218303
7,"broad",NA,NA,48,35,13,0.270833333333333,194.496270398215,9336,1.07899685015844,2.3030833775978,111,0.822621465730481,"independent","nk_majority",0.466098366908263,0.585632913543377,0.103844114408887,0.123868023261835,81032705,9047.36298773763,19.2067433198043,5.79140470539298,8.4970571557399,0.000442117775690156,0.0210265968642136,"ok",13,9336,111,194.5,2.3125,0.931926265210517,0.631752336289437,25.5693717816185,0.532695245450386,34.5126050420168,0.719012605042017,0.280134899912968,0.234234234234234,0.0927980852915579,0.0540540540540541,-0.131712387448835
8,"broad",NA,NA,60,44,16,0.266666666666667,165.876338840477,9953,0.158237562331487,5.18161151359382,311,0.851723959747469,"independent","n_majority",0.486944134375808,0.852774591918569,0.153668300253456,0.17788872561889,81032802,10762.8701605039,42.5113546591214,14.518232011545,22.6147092712272,0.000371648077171705,0.0192781761889372,"ok",16,9953,311,165.883333333333,5.18333333333333,0.162982791854787,1.01435416571003,58.4173732480726,0.973622887467877,29.8245451742214,0.49707575290369,0.238207305842628,0.254019292604502,0.0225109996930318,0.0964630225080386,-0.0853942710591374
9,"broad",NA,NA,36,26,10,0.277777777777778,178.026118525782,6409,0.515454869523528,4.45660419306077,160,0.346504324686248,"independent","independent",0,0.607085521749686,0.0444537754575722,0.0768640428170911,81032899,7863.23741360322,19.8450790113413,8.16196032021775,12.9165210569602,0.000508696328191756,0.0225542973331416,"ok",10,6409,160,178.027777777778,4.44444444444444,0.537566473909292,0.508674748734395,27.892616247333,0.77479489575925,28.7640449438202,0.799001248439451,0.265354705602285,0.3125,0.0855419774638946,0.075,-0.096613744691037
10,"broad",NA,NA,48,30,18,0.375,444.227835071542,21323,1.28085045822721,2.53239652503544,122,0.913890574750258,"positive","n_majority",0.56738610820059,0.744737309182528,0.111593359854189,0.0927237351971562,81032996,22163.5456872347,11.7888196267778,5.23449269313837,6.76720484309998,0.000180476538205881,0.0134341556566046,"ok",18,21323,122,444.229166666667,2.54166666666667,1.13075262688937,0.843287302618738,21.1542599336939,0.440713748618622,28.2965779467681,0.589512040557668,0.237924359034893,0.278688524590164,0.141508097643893,0.0901639344262295,0.950376396157457
11,"broad",NA,NA,96,63,33,0.34375,544.467106949997,52269,0.60034529249242,6.6887691135591,642,0.136572221580427,"independent","nk_majority",0.781688868174388,0.434246349676978,0.119276303030318,0.185123343627725,81033093,69168.5713619609,46.9452139349017,19.2021347847147,31.5670659129986,5.78297327997119e-05,0.00760458630036584,"ok",33,52269,642,544.46875,6.6875,0.673482233476045,0.14765172080846,66.0319775419009,0.687833099394801,93.9726402188783,0.978881668946649,0.261268540428233,0.314641744548287,0.0371289509628518,0.0155763239875389,-0.0463017106368374
12,"broad",NA,NA,48,29,19,0.395833333333333,111.352706409007,5345,1.10371534736361,4.269076897786,205,0.408961958665168,"positive","n_majority",0.809123996472626,0.544501145330723,0.172458395538735,0.0797731818458415,81033190,5101.60331488216,11.7616107931133,4.42654238231685,4.95804241786822,0.000784067233987281,0.0280012005811765,"ok",19,5345,205,111.354166666667,4.27083333333333,1.35704052663778,0.409103193970569,16.5265046380444,0.344302179959258,41.2414131501472,0.859196107294733,0.181888098442607,0.282926829268293,0.17092866756393,0.0439024390243902,0.977324184824901
13,"broad",NA,NA,72,60,12,0.166666666666667,211.614585935105,15236,0.544732574569643,3.95018206019304,284,0.717392970307264,"independent","nk_majority",0.884390638585755,0.673240457929205,0.229541176174826,0.195861830492737,81033287,5990.01051061402,44.0349711814353,11.2176608428012,11.948317415817,0.000667778460974682,0.0258414098101222,"ok",12,15236,284,211.611111111111,3.94444444444444,0.619493897127911,1.02464251895922,51.8207281626323,0.719732335592115,35.3754385964912,0.491325536062378,0.0970705725699068,0.0598591549295775,0.0563249001331558,0.0774647887323944,0.0115551128439431
14,"broad",NA,NA,60,45,15,0.25,285.289142319842,17117,0.189453218663693,5.9369335343159,356,1.03653463877505,"independent","nk_majority",0.775819862656063,0.243941784126218,0.0701158740626415,0.111340670826961,81033384,15531.4906973111,42.8804903039252,13.8560523114728,19.1095655241911,0.000257541280354531,0.0160480927326125,"ok",15,17117,356,285.283333333333,5.93333333333333,0.209025107533532,0.975302663195411,57.4777965833746,0.957963276389577,31.0019569471624,0.516699282452707,0.216980575072327,0.151685393258427,0.0259195843419732,0.0842696629213483,-0.0302990341965677
15,"broad",NA,NA,30,21,9,0.3,199.960244042065,5999,0.922265116781345,4.77256253053492,143,0.827690982510103,"positive","nk_majority",0.841615885188366,0.405208183205687,0.160151764917653,0.153768339852511,81033481,3508.63960845115,5.31415314999927,2.42358223765458,1.72915477707515,0.00114004299283555,0.0337645226952129,"ok",9,5999,143,199.966666666667,4.76666666666667,1.73401902795909,1.07493733666076,7.50786528354134,0.250262176118045,14.1711711711712,0.472372372372372,0.105093924521916,0.160839160839161,0.321881875105771,0.188811188811189,0.978291290760177
16,"broad",NA,NA,72,51,21,0.291666666666667,100.700393206073,7250,1.12582871404651,4.94422462301154,356,0.217340021892451,"negative","nk_majority",0.793759378690738,0.627106562182307,0.113919756231597,0.212428436127957,81033578,8014.07193641926,21.9061154589303,15.4381073719191,23.0300099833786,0.000499122048283887,0.0223410395524445,"ok",21,7250,356,100.694444444444,4.94444444444444,1.11398131237534,0.200498852430481,31.3039568754982,0.434777178826365,69.2546448087432,0.961870066788099,0.229314756895081,0.269662921348315,0.0855843048052317,0.0196629213483146,-0.950463240883572
17,"broad",NA,NA,96,62,34,0.354166666666667,270.457263946972,25964,0.107657089603599,2.91399192540266,280,0.46555623271619,"independent","n_minority",0.738013976447692,0.324376821711194,0.100703542241827,0.235210100066848,81033675,34485.1628301611,60.1004552915635,33.0246512860796,70.2027656463623,0.000115991912803194,0.0107699541690387,"ok",34,25964,280,270.458333333333,2.91666666666667,0.117477802239831,0.564286190158741,94.6777895795647,0.986226974787132,72.9981378026071,0.760397268777157,0.38650880199408,0.342857142857143,0.0137871942670198,0.0392857142857143,-0.0107061994202103
18,"broad",NA,NA,48,31,17,0.354166666666667,241.129912355742,11574,0.442740976862842,6.51837260733591,313,0.545003187042894,"independent","n_minority",0.511759812331002,0.518314002668485,0.169108978163276,0.0865515263156267,81033772,19269.7334927075,28.9792003790339,15.0847448578038,36.2077802736186,0.00020757941470824,0.0144076165519575,"ok",17,11574,313,241.125,6.52083333333333,0.407146645343089,0.520761977263809,41.1511884070388,0.857316425146641,37.9283778552071,0.790174538650148,0.467366579177603,0.39297124600639,0.0540682414698163,0.0702875399361022,-0.10323113689768
19,"broad",NA,NA,48,41,7,0.145833333333333,714.859248884933,34313,0.352897707671509,7.39369815317914,355,0.203329379344359,"positive","n_minority",0.672100541869877,0.25634091545362,0.202640794189123,0.231093502585834,81033869,42186.4925462584,38.5217730850911,6.44021345343,8.95849221838166,9.48170790831665e-05,0.00973740617840124,"ok",7,34313,355,714.854166666667,7.39583333333333,0.334673044619024,0.190687125226348,43.219922711923,0.900415056498395,46.3497609415226,0.965620019615055,0.220199596125143,0.183098591549296,0.0463578097105563,0.0309859154929577,0.974402306852559
20,"broad",NA,NA,96,56,40,0.416666666666667,302.268243229505,29018,1.09506478204508,5.25179918336798,504,0.788321009863866,"independent","nk_majority",0.745270909648243,0.160948550815228,0.180138721761643,0.0416369532622048,81033966,35343.9566479885,28.4234402344873,9.07837798808158,14.8328584210747,0.000113173520436277,0.0106383043966732,"ok",40,29018,504,302.270833333333,5.25,1.26783614419101,0.894694016933181,36.603286705596,0.381284236516625,53.5672711935892,0.557992408266554,0.286390532544379,0.299603174603175,0.0819700661329621,0.0595238095238095,-0.139618831647858
21,"broad",NA,NA,48,40,8,0.166666666666667,370.527340650757,17785,0.901792232807493,2.78640078834724,134,0.280874576809583,"independent","n_majority",0.455081338501186,0.772091077247169,0.208763946753286,0.165091698135424,81034063,14309.9335215293,26.0083835491504,4.6145857120517,5.19998162483374,0.0002795261063919,0.0167190342541637,"ok",8,17785,134,370.520833333333,2.79166666666667,0.754724791697714,0.30429449222242,30.6340228800668,0.638208810001392,44.0098039215686,0.91687091503268,0.168754605747973,0.164179104477612,0.0736919675755343,0.0373134328358209,0.0249679724657962
22,"broad",NA,NA,24,17,7,0.291666666666667,215.072213410308,5162,0.255022123170202,5.75518698131054,138,0.67788787099882,"negative","independent",0,0.806426519919187,0.127148411708593,0.197819388696109,81034160,6952.38610106147,16.7662713917238,6.9741280481206,11.5554312127226,0.000575342039676031,0.0239862885765187,"ok",7,5162,138,215.083333333333,5.75,0.197693133083129,0.589767824619589,23.1097826397214,0.962907609988392,18,0.75,0.312966601178782,0.246376811594203,0.0612966601178782,0.101449275362319,-0.988836346595441
23,"broad",NA,NA,48,43,5,0.104166666666667,233.417022066965,11204,0.22802289632149,3.02971543799795,145,0.659990774185862,"independent","nk_majority",0.557801624679996,0.195337073490955,0.2057130501215,0.240227726177021,81034257,4337.8084525103,39.1170335672574,4.60322656759098,4.23441073864947,0.000922124626707568,0.0303665050130496,"ok",5,11204,145,233.416666666667,3.02083333333333,0.243629064115331,0.809396582297215,45.2983261739002,0.94371512862292,29.2420027816412,0.609208391284191,0.0944846292947559,0.0482758620689655,0.0349909584086799,0.0758620689655172,-0.0417914078085876
24,"broad",NA,NA,60,51,9,0.15,132.298802563472,7938,1.22330191731162,7.91867148468009,475,0.536574279897613,"independent","n_majority",0.927532995010406,0.860921317723114,0.139510252764914,0.0755782889822149,81034354,1036.60236224059,14.2513991808027,8.92720365936953,8.24821207449342,0.0038587602591934,0.062118920299643,"ok",9,7938,475,132.3,7.91666666666667,1.6395885575155,0.568857003999755,15.9255312562016,0.265425520936694,45.5164413960056,0.758607356600094,0.0204949729311678,0.117894736842105,0.187548337200309,0.0526315789473684,0.0591395000856036
25,"broad",NA,NA,72,62,10,0.138888888888889,429.631586690706,30933,0.786148277940229,4.51765751826752,325,1.16079935207963,"independent","nk_majority",0.404593055659789,0.63577596191084,0.143420414433,0.133204529132927,81034451,15108.441117069,33.7701439974404,6.58290983827207,6.76661131404841,0.000264752661707827,0.0162712218873638,"ok",10,30933,325,429.625,4.51388888888889,0.851186564573196,1.15922180057654,41.7502843098277,0.579865059858718,30.9659923776019,0.430083227466693,0.10212585864505,0.147692307692308,0.074063222319888,0.0923076923076923,0.0519034819669679
26,"broad",NA,NA,96,70,26,0.270833333333333,558.319452263873,53599,1.14904547170561,3.63881514221139,349,0.240406784730731,"independent","nk_minority",0.646567449558788,0.444081783695147,0.0513763091981527,0.0382065360797569,81034548,82895.3470845484,42.248126773181,15.4485111049482,47.7346786928614,4.82536130275229e-05,0.00694648206126835,"ok",26,53599,349,558.322916666667,3.63541666666667,1.15453401540229,0.222647253260819,41.1424880867114,0.428567584236577,91.5108940646131,0.953238479839719,0.548948622235561,0.312320916905444,0.0562172909906023,0.0171919770773639,0.234782317324182
27,"broad",NA,NA,24,15,9,0.375,362.573053505154,8702,0.402206375311944,2.58975899734069,62,1.07438760166056,"independent","nk_minority",0.390402126893168,0.668099221696612,0.165371831801138,0.243402527937957,81034645,10670.9282449128,13.7458115382456,7.4853267744055,15.9043337053948,0.000374850238722853,0.0193610495253448,"ok",9,8702,62,362.583333333333,2.58333333333333,0.380541257976451,1.08240734679207,21.0322794540417,0.876344977251736,11.3058823529412,0.471078431372549,0.414831981460023,0.467741935483871,0.0753186558516802,0.193548387096774,0.0511033577355426
28,"broad",NA,NA,36,32,4,0.111111111111111,314.98161173662,11339,0.873619187185541,5.54759330585075,200,0.290904440127779,"independent","nk_majority",0.615763296278455,0.501674748775549,0.0623919555732282,0.169978652334248,81034742,8915.7276468581,23.8805071308118,1.89837886265491,1.20579372819135,0.00044864537796975,0.0211812506233638,"ok",4,11339,200,314.972222222222,5.55555555555556,0.69447008409288,0.237414646316764,24.3580124181382,0.676611456059395,34.1296928327645,0.948047023132347,0.134093135072567,0.11,0.0917104443059389,0.045,-0.206913306653783
29,"broad",NA,NA,96,61,35,0.364583333333333,251.8944361523,24182,0.934975857746322,2.15452003778773,207,0.390535412197933,"positive","n_majority",0.429224819510127,0.308701139867771,0.0934063568943529,0.150944627601013,81034839,27558.9705923249,27.3026061436199,15.4704148635646,25.2929870017028,0.000145143302308759,0.0120475434138566,"ok",35,24182,207,251.895833333333,2.15625,0.997258255726997,0.462928301395763,47.8080003671076,0.498000003824038,79.2033271719039,0.825034658040665,0.277684774420357,0.323671497584541,0.0635305934544237,0.0289855072463768,0.950076836371803
30,"broad",NA,NA,30,20,10,0.333333333333333,139.771299100903,4193,0.473622737746336,2.05891298371862,62,0.44461987831397,"positive","nk_minority",0.689783707891329,0.699293283105362,0.123074110157264,0.159079275184253,81034936,5599.98947272352,16.3299323641646,8.74637924396851,20.4883798427473,0.000714287057053095,0.0267261493121081,"ok",10,4193,62,139.766666666667,2.06666666666667,0.423210376991757,0.507222937714318,25.4061670432028,0.846872234773427,24.025,0.800833333333333,0.44991469656349,0.483870967741935,0.0592249573482817,0.0806451612903226,0.946041456948235
31,"broad",NA,NA,30,23,7,0.233333333333333,521.450988934807,15644,1.26838358275592,3.70447813981009,111,0.795266635422595,"negative","independent",0,0.336679880956653,0.155157143229502,0.0443361531299888,81035033,16119.0738842654,12.5778468239604,4.42150851205236,7.07044857344499,0.000248153214553138,0.0157528795638492,"ok",7,15644,111,521.466666666667,3.7,1.0585138339661,1.04108202949926,14.3152055183918,0.477173517279728,14.6504161712247,0.488347205707491,0.336440786935836,0.153153153153153,0.135720714928636,0.171171171171171,-0.973051802783902
32,"broad",NA,NA,120,97,23,0.191666666666667,120.766495784376,14492,0.703948000737582,6.83126372782572,820,0.984762097777566,"negative","nk_minority",0.709691864178021,0.704492714321241,0.109118884925323,0.203289144102833,81035130,15212.0197498516,82.6419870993003,18.3837063051302,30.2818677658336,0.000262949961002978,0.0162157318984675,"ok",23,14492,820,120.766666666667,6.83333333333333,0.700137509911197,0.905361895800976,79.4076531585979,0.661730442988316,66.194132703288,0.5516177725274,0.265355222190773,0.130487804878049,0.0430936880837815,0.0365853658536585,-0.994117037553537
33,"broad",NA,NA,60,38,22,0.366666666666667,86.2163632160538,5173,0.560027838388924,7.55157207631564,453,0.863846743541071,"negative","n_minority",0.58221865759624,0.152681913743727,0.0771792818933609,0.161043396765599,81035227,7398.4931966611,32.5536287765866,18.1459843272788,43.8584553364504,0.000540650628942279,0.0232518951688304,"ok",22,5173,453,86.2166666666667,7.55,0.739484802918529,0.920045562426903,38.0422675771564,0.634037792952606,32.7443752991862,0.54573958831977,0.547766873623072,0.203090507726269,0.0883236531143601,0.0662251655629139,-0.993712013808544
34,"broad",NA,NA,36,23,13,0.361111111111111,148.485530662402,5345,0.649303312020493,1.74569371252437,63,0.762853450526018,"positive","independent",0,0.727511764313094,0.222813236181915,0.178965812379494,81035324,6569.22521167946,12.0195241424444,8.94652650512622,16.2114460822142,0.000608899812551468,0.0246758953748687,"ok",13,5345,63,148.472222222222,1.75,0.679346736722897,0.569384097713365,24.5333661921813,0.681482394227259,27.3724137931034,0.760344827586207,0.37674240977659,0.380952380952381,0.0819171281267902,0.0793650793650794,0.910046882410642
35,"broad",NA,NA,48,38,10,0.208333333333333,101.386318492447,4867,0.307862085856032,3.18928726819577,153,0.611345150917769,"negative","n_minority",0.944746744867152,0.368760630753823,0.131627704519255,0.114501901405514,81035421,4944.43286381047,36.9576550003816,9.93419482715184,15.4399436168478,0.000808990658822974,0.0284427610970344,"ok",10,4867,153,101.395833333333,3.1875,0.306038554667834,0.499854781074298,43.7403138548299,0.911256538642289,38.5650741350906,0.803439044481054,0.301503281812407,0.104575163398693,0.0376879102265509,0.0588235294117647,-0.965323280622541
36,"broad",NA,NA,36,25,11,0.305555555555556,355.671536361593,12804,0.69755182384979,3.80005632688699,137,0.626624383761082,"positive","n_majority",0.900602563876164,0.81210922828177,0.189435953683453,0.13503621896432,81035518,6693.04670729179,16.4013186231013,8.53354610684325,9.03775490575497,0.00059763515405356,0.0244465775529737,"ok",11,12804,137,355.666666666667,3.80555555555556,0.795342038136531,0.676010821249824,22.1469608668603,0.615193357412785,24.925630810093,0.692378633613693,0.117674858223062,0.124087591240876,0.113657844990548,0.0948905109489051,0.978797097484335
37,"broad",NA,NA,60,36,24,0.4,618.432758818485,37106,0.839870743115316,7.3383124180953,440,0.584955415043514,"negative","nk_minority",0.462509987986996,0.390906514199451,0.225731541872432,0.164344575180497,81035615,58090.8713450261,23.7511571554259,18.4420733585674,37.6398388599576,6.88576347261572e-05,0.00829805005565507,"ok",24,37106,440,618.433333333333,7.33333333333333,0.753321396269588,0.575081375144023,38.3757200956031,0.639595334926719,45.2759588400374,0.754599314000624,0.43752369604073,0.359090909090909,0.0576829334344364,0.05,-0.99235735756912
38,"broad",NA,NA,30,20,10,0.333333333333333,493.789911234517,14814,0.196922957776696,5.06337080528174,152,1.12993398199207,"negative","independent",0,0.488871532636695,0.24849709042866,0.0593117249502102,81035712,17781.4583789843,19.8026188588779,9.87847330274547,17.6649318595751,0.00022495342703316,0.0149984474874288,"ok",10,14814,152,493.8,5.06666666666667,0.219486820185161,1.11640418125395,28.6494728034004,0.954982426780012,13.6065959952886,0.453553199842953,0.335778321108394,0.197368421052632,0.0544688943221951,0.171052631578947,-0.981927912281026
39,"broad",NA,NA,96,56,40,0.416666666666667,401.872639306593,38580,0.153963352289284,2.67440574559005,257,0.462679023648379,"negative","n_minority",0.653453153841401,0.286948142386973,0.174278220593988,0.0707818103544996,81035809,51496.4121949298,55.8507370782989,39.7907054928346,84.1241800962185,7.76753142502193e-05,0.00881335998641944,"ok",40,38580,257,401.875,2.67708333333333,0.141786314649247,0.418052455754763,94.0997196538299,0.980205413060728,81.8451053283767,0.852553180503924,0.455525958424736,0.32295719844358,0.0156690692572861,0.0233463035019455,-0.955172687021632
40,"broad",NA,NA,60,53,7,0.116666666666667,135.534551759533,8132,0.631460861105006,5.83959235258662,350,0.384245594982058,"independent","n_minority",0.417800639054331,0.274321816812735,0.241996149487677,0.0614221795951016,81035906,8990.10632798629,40.3170238240564,4.22279465526555,5.22030601732497,0.000444933558521767,0.021093448236876,"ok",7,8132,350,135.533333333333,5.83333333333333,0.764472273655788,0.350282783424889,37.4768439331709,0.624614065552849,53.5402097902098,0.89233682983683,0.22296277665996,0.0942857142857143,0.0743209255533199,0.0342857142857143,-0.297432459322505
41,"broad",NA,NA,48,44,4,0.0833333333333333,97.4737838540693,4679,1.22677498072677,4.70665528182872,226,1.08441458053538,"independent","n_majority",0.958990744604525,0.643864973161835,0.0403946092121769,0.121462737824477,81036003,313.395814368899,9.89347229635054,3.92,2.99367979865743,0.0127634123258953,0.112975273072895,"ok",4,4679,226,97.4791666666667,4.70833333333333,1.88828018469789,1.17149174688616,10.1769113416938,0.212018986285287,20.4795509222133,0.426657310879444,0.0149944873208379,0.0265486725663717,0.256008820286659,0.119469026548673,0.0306690788050569
42,"broad",NA,NA,24,18,6,0.25,119.479564971643,2868,1.17739039031265,5.45367251652788,131,1.06123740323586,"negative","n_minority",0.408140703479439,0.292788978281897,0.207262940041488,0.0492448356668465,81036100,3053.60455422842,12.4961440773313,3.14596361457417,4.60444897673293,0.00130992731015582,0.0361929179558076,"ok",6,2868,131,119.5,5.45833333333333,1.05686506252098,0.708482204146545,11.2874114202219,0.470308809175912,16.204910292729,0.675204595530375,0.372317596566524,0.236641221374046,0.19241773962804,0.0916030534351145,-0.990572452466379
43,"broad",NA,NA,30,17,13,0.433333333333333,394.632054759068,11839,0.999303012749879,7.49456256367848,225,0.328289394871099,"positive","nk_minority",0.80417313663027,0.128321844791062,0.033191065131221,0.107813337115222,81036197,16602.1667401102,13.2003496868931,8.55078509849028,18.7262738520267,0.000240932407354768,0.0155219975310772,"ok",13,11839,225,394.633333333333,7.5,0.984993490507814,0.35146109914834,15.3665268225424,0.512217560751413,26.7998941238751,0.893329804129169,0.719976168184526,0.555555555555556,0.165035322155077,0.0622222222222222,0.988130807798978
44,"broad",NA,NA,30,21,9,0.3,227.70003033466,6831,0.0951879803452175,4.04405385514692,121,0.0240988599532284,"independent","n_minority",0.546283832488261,0.717263656293508,0.235035443684785,0.21995771293994,81036294,9377.10402044482,20.9017064454902,8.95961823982509,15.7620364619015,0.000426570931844078,0.0206535936786816,"ok",9,6831,121,227.7,4.03333333333333,0.0801803790901846,0.0452663270665427,29.809764564879,0.993658818829299,29.9406952965235,0.998023176550784,0.318943776887702,0.297520661157025,0.0387182910547397,0.0413223140495868,-0.139529748808452
45,"broad",NA,NA,24,16,8,0.333333333333333,130.319794880936,3128,1.16459989244759,7.07899581833917,170,0.952202101496514,"positive","n_minority",0.682867921954748,0.532821686947718,0.0578786345579429,0.224547301560757,81036391,3041.02690484634,11.8722091489193,1.58267033100471,9.2462326243001,0.00131534515318671,0.0362676874529754,"ok",8,3128,170,130.333333333333,7.08333333333333,3.00680250066582,0.862183805634483,2.38160759614399,0.0992336498393329,14.015518913676,0.583979954736502,0.823952879581152,0.505882352941176,0.640052356020942,0.176470588235294,0.985468674939455
46,"broad",NA,NA,120,93,27,0.225,185.827746516289,22299,0.888762184052612,4.87698047906597,585,1.10397116650594,"negative","n_majority",0.358030616192118,0.139815547391772,0.0980491817670409,0.248308668094222,81036488,16585.0212710797,72.074715897701,11.040135374847,15.1300653208613,0.000241181481447663,0.0155300187201324,"ok",27,22299,585,185.825,4.875,0.909067108290283,1.16420213203523,64.9831663637258,0.541526386364382,51.1929693343306,0.426608077786088,0.198140298099275,0.452991452991453,0.0536487533615935,0.0512820512820513,-0.986563008190545
47,"broad",NA,NA,96,77,19,0.197916666666667,143.602079689976,13786,1.20151877901517,6.53980626305711,628,1.17687705803546,"independent","n_minority",0.975317383124056,0.180916420351714,0.220655136180809,0.100642850187607,81036585,20953.4997357757,53.5643725202091,11.6453929235615,49.6612333589288,0.000190898897579886,0.0138166167197287,"ok",19,13786,628,143.604166666667,6.54166666666667,1.6088225815053,0.698557851435213,26.1451082462791,0.272344877565407,64.7380170715693,0.674354344495513,0.638242702622611,0.176751592356688,0.13653874648096,0.0477707006369427,-0.0308297704019265
48,"broad",NA,NA,36,32,4,0.111111111111111,92.0339698232615,3313,1.039618168546,3.22258898523869,116,0.113753604803933,"independent","nk_minority",0.592951685863518,0.618860845749732,0.198264266663173,0.152062931929657,81036682,3136.31882352941,13.8550681418466,2.11437328982504,1.73285830928805,0.00127538054166912,0.0357124703943751,"ok",4,3313,116,92.0277777777778,3.22222222222222,1.13397514217753,0.130852868696623,15.4119135962695,0.428108711007485,35.4105263157895,0.983625730994152,0.19188767550702,0.120689655172414,0.118564742589704,0.0344827586206897,0.145551228240799
49,"broad",NA,NA,36,20,16,0.444444444444444,710.214026350467,25568,0.622283837953582,1.88934039531741,68,0.69964052026975,"positive","independent",0,0.111598732480779,0.191422047653585,0.192527133278258,81036779,27854.9140052521,12.8988810571842,9.9740808167002,15.4181058896958,0.000143601233134153,0.0119833731951464,"ok",16,25568,68,710.222222222222,1.88888888888889,0.705033559386189,0.518372295629239,24.2037403183037,0.672326119952881,28.5432098765432,0.792866941015089,0.316771406127258,0.323529411764706,0.0787509819324431,0.0588235294117647,0.937750996266584
50,"broad",NA,NA,60,47,13,0.216666666666667,684.566113168699,41074,0.316416053185239,6.91054720283282,415,0.515371263757115,"negative","n_minority",0.377674776375643,0.658202709793113,0.088919751532143,0.0714645735999802,81036876,48880.3224133369,45.9648720781431,12.6051253649932,19.1947502544557,8.18325207877232e-05,0.00904613291897279,"ok",13,41074,415,684.566666666667,6.91666666666667,0.231064229895239,0.471909346223604,56.9820035300291,0.949700058833818,49.221206058874,0.820353434314566,0.242920721866288,0.183132530120482,0.0271188927471023,0.0409638554216867,-0.991558810102732
51,"broad",NA,NA,120,110,10,0.0833333333333333,318.746689820422,38250,0.0133217103395145,3.52532948076841,423,0.034470630796859,"negative","nk_minority",0.634302391583042,0.466436469387263,0.0421802866184153,0.210435306443425,81036973,18251.6280604853,109.944433216419,9.99606497101692,10.7323930145429,0.000219158531323569,0.0148040038950133,"ok",10,38250,423,318.75,3.525,0.0126360468905903,0.142260548068914,119.980639658464,0.999838663820531,117.639053254438,0.980325443786982,0.0832937450514648,0.0898345153664303,0.00860385325943521,0.00945626477541371,-0.863130797395274
52,"broad",NA,NA,72,41,31,0.430555555555556,160.330316180701,11544,1.24772676875116,7.68789283579972,554,0.233807465516729,"negative","independent",0,0.849764391928911,0.117962273352721,0.0319425661808928,81037070,19075.4308655407,12.6603174715584,15.2865283699409,25.9460788090663,0.000209693821764513,0.0144808087400018,"ok",31,11544,554,160.333333333333,7.69444444444444,1.33295469717465,0.258679056644581,25.5360356093573,0.354667161241074,67.5431338028169,0.938099080594679,0.444120762711864,0.416967509025271,0.112376412429379,0.0288808664259928,-0.981136202810363
53,"broad",NA,NA,48,34,14,0.291666666666667,261.065499565076,12531,1.30603843611956,3.12471893044421,150,0.973596634939313,"negative","n_minority",0.887643698381144,0.226428564784583,0.132502243192983,0.215038244428462,81037167,9770.04503270403,28.6632990451995,5.73138517790543,29.954742063583,0.000409414694262973,0.0202339984744235,"ok",14,12531,150,261.0625,3.125,2.10199378326988,1.08592543139628,8.84384926527951,0.184246859693323,22.2772277227723,0.464108910891089,0.795592153063696,0.113333333333333,0.241947202712521,0.14,-0.9420747994057
54,"broad",NA,NA,24,19,5,0.208333333333333,455.176476839055,10924,1.33300623210554,5.68058473773272,136,0.893635758287273,"positive","nk_majority",0.998285964026873,0.388472439916804,0.105794934902806,0.0499364083755063,81037264,1361.81662425044,6.32974837907241,4.71671783421714,3.85270402975354,0.00293725302567931,0.0541964300086206,"ok",5,10924,136,455.166666666667,5.66666666666667,1.52635595322977,1.10103415697868,7.35651602473205,0.306521501030502,11.1020408163265,0.462585034013605,0.0278289716181349,0.0514705882352941,0.276170291190564,0.220588235294118,0.990823489564521
55,"broad",NA,NA,36,20,16,0.444444444444444,470.97029407794,16955,1.03220101607847,6.36069340421091,229,0.0825959651533048,"independent","independent",0,0.238304410446435,0.245371027423302,0.083682088773814,81037361,26110.0034128549,11.624321743971,7.5151577136899,12.9091033359119,0.000153197988401283,0.0123773174961816,"ok",16,16955,229,470.972222222222,6.36111111111111,0.959425942584115,0.100504465991997,18.8833672106081,0.524537978072448,35.649898028552,0.990274945237556,0.341841277378762,0.449781659388646,0.121920816762628,0.0349344978165939,-0.209825827658887
56,"broad",NA,NA,36,31,5,0.138888888888889,221.112229608616,7960,1.32846194152895,6.24908807595057,225,1.00408856615424,"positive","n_majority",0.5431327748482,0.577102429603692,0.240351655793202,0.207334276292822,81037458,557.135427158417,6.40307075786094,4.21740160090939,3.28141084247143,0.0071795829254682,0.0847324195657613,"ok",5,7960,225,221.111111111111,6.25,2.00160416101884,0.964086540276783,7.1956574360339,0.199879373223164,18.9110945087785,0.525308180799402,0.0140091696383087,0.04,0.333163525216505,0.124444444444444,0.991567466692238
57,"broad",NA,NA,120,100,20,0.166666666666667,617.078795254977,74049,0.432886118218303,1.94284097180207,233,0.742486595541704,"positive","nk_minority",0.474315912885795,0.452889396594837,0.0667798782069585,0.226611853538663,81037555,77394.6026129252,79.9191361606099,15.1848265303287,26.1494366268952,5.16831906225459e-05,0.0071891022125538,"ok",20,74049,233,617.075,1.94166666666667,0.43161659166871,0.648355342197255,101.13354595818,0.842779549651501,84.6942277691108,0.705785231409256,0.23377980431272,0.291845493562232,0.0195280163932202,0.0343347639484979,0.932009960748304
58,"broad",NA,NA,24,19,5,0.208333333333333,388.046973326416,9313,0.0401638265210204,1.62215854426613,39,1.00683076707995,"negative","n_majority",0.433208510180266,0.730740077148657,0.0870168253126321,0.200678958413657,81037652,7228.03495462621,18.6596833998998,4.84084583156586,6.25672489472851,0.000553400754853828,0.0235244714043446,"ok",5,9313,39,388.041666666667,1.625,0.0456050747619183,0.827865605808813,23.9515139089234,0.997979746205142,14.4857142857143,0.603571428571429,0.204956173574288,0.333333333333333,0.0457742668542366,0.179487179487179,-0.802308053025402
59,"broad",NA,NA,72,45,27,0.375,87.9126043331835,6330,0.978215887137339,6.05251790864131,436,0.33354831737699,"independent","n_majority",0.397347981903586,0.873216608576477,0.0913032407094724,0.237097826120909,81037749,7883.44717763023,18.7014662012093,13.546112679436,21.0411482253695,0.000507392249846012,0.0225253690279652,"ok",27,6330,436,87.9166666666667,6.05555555555556,1.22146334927435,0.321899216253423,27.9390081841623,0.388041780335588,65.3250859106529,0.907292859870179,0.254334314687602,0.373853211009174,0.116781157998037,0.0344036697247706,-0.103714688302323
60,"broad",NA,NA,120,74,46,0.383333333333333,486.810423270572,58417,1.348403227948,4.20070840473345,504,0.259155965637183,"positive","nk_minority",0.903121826498973,0.797499532529619,0.0717112309009535,0.218780506858486,81037846,66895.4822470924,53.6277324845007,29.0660065239942,75.2920453973458,5.9794770373658e-05,0.00773270782932201,"ok",46,58417,504,486.808333333333,4.2,1.2129571503822,0.280531898230908,48.4426768681832,0.403688973901526,111.312883435583,0.92760736196319,0.76554076166526,0.488095238095238,0.0516216821399659,0.0158730158730159,0.960991601591787
61,"broad",NA,NA,30,24,6,0.2,588.550704536851,17657,0.0226802071917336,5.09944012936467,153,0.0578692891239189,"positive","nk_minority",0.835937451204663,0.315327940878924,0.0837493490126217,0.245047858642763,81037943,19400.2263458274,23.9891347724847,5.996899139521,7.86360465738881,0.000206183161407306,0.0143590794066787,"ok",6,17657,153,588.566666666667,5.1,0.0207834917329366,0.0789368431247939,29.9873500010543,0.999578333368477,29.8203821656051,0.994012738853503,0.205442021973018,0.222222222222222,0.035122673194057,0.0392156862745098,0.648225397411509
62,"broad",NA,NA,120,71,49,0.408333333333333,126.78845148781,15215,0.291420390409767,1.5579357460243,187,0.875170208470663,"positive","n_majority",0.92572281611283,0.829022548573557,0.182911875799531,0.181677785408159,81038040,13388.3362287263,59.4719576928973,44.8331681738396,72.5829102948604,0.000298767519104989,0.0172848927999276,"ok",49,15215,187,126.791666666667,1.55833333333333,0.315068447949733,0.752396466542235,108.767573543582,0.906396446196521,76.854945054945,0.640457875457875,0.296735106024907,0.272727272727273,0.0181756984180411,0.0427807486631016,0.792299754712521
63,"broad",NA,NA,120,67,53,0.441666666666667,109.706807456349,13165,0.275337056132266,3.86255094775697,464,1.12247970741475,"negative","nk_minority",0.825101711107563,0.560433143645059,0.075437255828816,0.0981575024570921,81038137,16169.2933257857,66.5360938896752,52.5113556806668,113.127295166995,0.000247382487249524,0.0157283974787492,"ok",53,13165,464,109.708333333333,3.86666666666667,0.260778993086119,1.22269945398521,112.015090145327,0.933459084544391,48.3376740008981,0.402813950007484,0.489262007028504,0.370689655172414,0.0139008199921906,0.0581896551724138,-0.963369220802585
64,"broad",NA,NA,30,27,3,0.1,294.456349137174,8834,0.79478861218784,2.08988267809909,63,0.173648560111178,"positive","independent",0,0.340607614526525,0.149962338633835,0.147841069786751,81038234,3940.08337566181,13.4436335981023,2.95057264493322,2.34714606948043,0.00101520694326123,0.0318623122711021,"ok",3,8834,63,294.466666666667,2.1,0.886556910996551,0.145299322204459,16.8966034213299,0.563220114044331,29.4,0.98,0.0927493138151876,0.0952380952380952,0.135407136322049,0.0476190476190476,0.51990415819083
65,"broad",NA,NA,120,104,16,0.133333333333333,328.517896102672,39422,0.532763869903283,2.34333016264573,281,0.428389380084118,"negative","independent",0,0.478952641701326,0.217219139073335,0.0950645271357498,81038331,21476.9412805888,93.5180374401622,13.5031932724414,16.247078909766,0.00018624626047729,0.0136472070577569,"ok",16,39422,281,328.516666666667,2.34166666666667,0.472111674081973,0.458193074001496,97.9491961352868,0.81624330112739,99.3220125786164,0.827683438155136,0.123751984025396,0.153024911032028,0.0180226306896728,0.0249110320284698,-0.919161151933378
66,"broad",NA,NA,60,46,14,0.233333333333333,202.017543398428,12121,1.06170541074069,7.7961442002299,468,0.365987014516722,"positive","nk_minority",0.515959765618172,0.899775013492908,0.0643432755535469,0.0891852131107007,81038428,21739.7139149066,23.7032652597482,7.64854493017525,20.6960967360828,0.000183995061556779,0.0135644779315969,"ok",14,12121,468,202.016666666667,7.8,1.22028182156425,0.394837364522751,23.9163172414048,0.398605287356746,52.024703087886,0.8670783847981,0.493844736621723,0.301282051282051,0.100326605811909,0.0448717948717949,0.988206393823388
67,"broad",NA,NA,30,27,3,0.1,578.615903723554,17358,1.38086940682202,7.17984308172308,215,0.557543785785092,"negative","nk_minority",0.965631506986683,0.835111230243929,0.196923574743734,0.14005983297393,81038525,14875.5092241508,10.6641689857415,1.52328675903397,0.763434225798189,0.000268898357678128,0.0163981205532259,"very_low_df",3,17358,215,578.6,7.16666666666667,1.3624547985531,0.626256406723474,10.6641624433887,0.35547208144629,21.7529411764706,0.725098039215686,0.169214732453092,0.0790697674418605,0.173558026407227,0.0976744186046512,-0.992407214851337
68,"broad",NA,NA,96,88,8,0.0833333333333333,785.932530900431,75450,0.987134318337194,5.57144031353091,535,0.59186326781055,"positive","independent",0,0.174440973286983,0.0364305123803206,0.0538877677897108,81038622,22549.9218470122,49.403546269573,4.77123793333112,4.14080096943768,0.000177384206789612,0.0133185662437671,"ok",8,75450,535,785.9375,5.57291666666667,0.801410494820428,0.707648942844468,58.5205791597141,0.609589366247022,64.1904014352994,0.668650014951035,0.0502913706394189,0.0504672897196262,0.0398738724355392,0.0542056074766355,0.991710550018368
69,"broad",NA,NA,120,99,21,0.175,82.0273612909054,9843,0.0783270119962981,6.01580884526047,722,0.0742200073215645,"positive","independent",0,0.354555232615676,0.0471127180070034,0.138265020957915,81038719,9220.95585882867,97.8814656752358,20.9220511102754,28.7354498888891,0.00043379450690789,0.0208277340800167,"ok",21,9843,722,82.025,6.01666666666667,0.0888526937572749,0.0805732572635107,118.996300192533,0.991635834937774,119.232387923147,0.993603232692894,0.171253822629969,0.173130193905817,0.010228830538859,0.00969529085872576,0.73749907383694
70,"broad",NA,NA,24,18,6,0.25,156.607249565107,3759,0.80984981544083,7.96288444664096,191,1.19071538002579,"negative","nk_majority",0.533540162603313,0.781375711171422,0.0543217562597129,0.129048731125949,81038816,4238.7827511434,14.9892675616206,5.26198749415077,7.82398101040166,0.000943667140978388,0.0307191656946993,"ok",6,3759,191,156.625,7.95833333333333,0.638295025061479,0.697628657311308,17.0716094995423,0.711317062480927,16.3665320771646,0.681938836548527,0.305397342012476,0.198952879581152,0.0962842419311093,0.0994764397905759,-0.996077657335662
71,"broad",NA,NA,96,80,16,0.166666666666667,84.5073761090188,8113,0.494217861373327,7.22276812864438,693,0.303812048847321,"independent","nk_majority",0.910625470752275,0.205308859641664,0.213575162371213,0.228681360768736,81038913,3874.55935496831,62.9417343434876,14.7581331778552,16.1223712856185,0.0010323754609336,0.032130600071172,"ok",16,8113,693,84.5104166666667,7.21875,0.556005296112948,0.322977256173486,72.2426433718081,0.752527535123001,87.0173944555173,0.906431192244972,0.0819169329073482,0.115440115440115,0.0368051118210863,0.0202020202020202,0.148041451695577
72,"broad",NA,NA,24,20,4,0.166666666666667,740.861138329736,17781,0.216211547654239,7.67441523674352,184,0.124930489413673,"positive","independent",0,0.75656509864144,0.194683352707478,0.143349958365085,81039010,18474.9626198623,19.144856627048,3.80850055720611,4.14081329381669,0.000216509233729092,0.0147142527411042,"ok",4,17781,184,740.875,7.66666666666667,0.212872598472711,0.0830898335570356,22.9933407673478,0.958055865306157,23.8422535211268,0.993427230046948,0.179287368004969,0.168478260869565,0.0603083178045062,0.0489130434782609,0.850637255738089
73,"broad",NA,NA,36,26,10,0.277777777777778,757.021443927271,27253,0.853476286502555,3.56993554196233,129,0.00458971313084476,"positive","nk_minority",0.731284637813515,0.14695989865344,0.23671525384672,0.0350981061042985,81039107,42391.0050940463,19.2407851826532,7.87955330162755,22.0837461375377,9.43596404738654e-05,0.00971388904990506,"ok",10,27253,129,757.027777777778,3.58333333333333,0.887431089084184,0.13953488372093,20.3187485631644,0.564409682310122,35.3312101910828,0.981422505307856,0.556419230060785,0.302325581395349,0.0939031129121385,0.0310077519379845,0.851585117509787
74,"broad",NA,NA,24,19,5,0.208333333333333,184.136252199577,4419,0.128565517048701,6.70312866772583,161,0.194108511842787,"negative","independent",0,0.105964556003455,0.0571625884140958,0.0549497176372679,81039204,4894.62560551166,18.7186782302202,4.90292940509065,6.09000530011293,0.000817222873082621,0.0285871102611408,"ok",5,4419,161,184.125,6.70833333333333,0.152317606892684,0.221885567896321,23.4609474809452,0.977539478372718,22.9186560565871,0.954944002357796,0.204278812974465,0.217391304347826,0.0547504025764895,0.062111801242236,-0.971725950291013
75,"broad",NA,NA,120,99,21,0.175,104.746175955517,12570,1.38315692916978,2.84122182869905,341,1.02986621823627,"positive","nk_majority",0.439426729340485,0.552497545813676,0.142118609268218,0.0394588745055953,81039301,3530.68862600066,24.2802815196326,5.73365796074959,5.19796497855446,0.0011329234672645,0.0336589284925189,"ok",21,12570,341,104.75,2.84166666666667,1.62694155520712,0.977400947615087,31.7296887051544,0.264414072542954,61.622151563328,0.5135179296944,0.0568386568386568,0.0909090909090909,0.0945945945945946,0.0557184750733138,0.977113080648929
76,"broad",NA,NA,24,14,10,0.416666666666667,338.11996324606,8115,0.368426958218333,3.34110998241958,80,0.0941590056172572,"positive","independent",0,0.76235441515455,0.0313441957726609,0.192073641190422,81039398,11503.3331462026,12.6081532265842,7.62381259981624,13.719292093334,0.000347725302671988,0.0186473939914399,"ok",10,8115,80,338.125,3.33333333333333,0.407943249733892,0.144463023702923,20.6477942173912,0.860324759057968,23.5294117647059,0.980392156862745,0.360313315926893,0.4125,0.0748476936466493,0.05,0.817561808492154
77,"broad",NA,NA,72,43,29,0.402777777777778,653.015423894948,47017,0.472203528620885,7.01332068976772,505,1.14468290951103,"positive","n_minority",0.750535186187044,0.498734739669599,0.176490553306649,0.171848928212712,81039495,76056.4385667838,37.771450561126,26.2474505606859,61.9948029568383,5.25925230707151e-05,0.00725207026101616,"ok",29,47017,505,653.013888888889,7.01388888888889,0.433144935250875,0.97097241840282,60.6714072257061,0.842658433690363,37.3116313094367,0.518217101519954,0.560799982906348,0.708910891089109,0.0316873571077541,0.0594059405940594,0.988477340950184
78,"broad",NA,NA,72,59,13,0.180555555555556,671.958326863713,48381,0.769036857707542,1.67314721663424,120,0.15064890942187,"negative","nk_majority",0.982951246714801,0.68471891913563,0.0804864643044421,0.10321317812975,81039592,18407.4995292664,37.7616290539837,8.96587146749691,9.70059959425048,0.000217302735422611,0.0147411917911209,"ok",13,48381,120,671.958333333333,1.66666666666667,0.931596155560308,0.284827597966525,38.6367492689367,0.536621517624121,66.6666666666667,0.925925925925926,0.0977473268971245,0.175,0.062223606353161,0.0166666666666667,-0.81660160331943
79,"broad",NA,NA,60,53,7,0.116666666666667,92.8542680364139,5571,0.0674717869923916,6.42609005900886,386,0.923407777464017,"negative","independent",0,0.885474214099813,0.214808533654199,0.0641132303139893,81039689,3227.45548713856,52.3933465740878,6.77226744692081,7.25349096017935,0.0012393664346232,0.0352046365500796,"ok",7,5571,386,92.85,6.43333333333333,0.0801020950531008,0.902456373438442,59.598439438526,0.993307323975433,33.3175313059034,0.555292188431723,0.120200333889816,0.0854922279792746,0.0192914116119458,0.0725388601036269,-0.992087733961329
80,"broad",NA,NA,30,18,12,0.4,114.03926286772,3421,0.73178130569926,2.40102122894896,72,0.500381294813706,"negative","nk_majority",0.369360870762466,0.269956668626983,0.156783523437567,0.173128214054042,81039786,3833.08594856421,11.8570611765215,10.3137476188958,18.6724756605543,0.00104354560624927,0.032303956510763,"ok",12,3421,72,114.033333333333,2.4,0.776692927605599,0.459051162016457,18.5749195183321,0.619163983944402,24.9230769230769,0.830769230769231,0.394175923146202,0.361111111111111,0.13329330531372,0.0694444444444444,-0.964431988773797
81,"targeted",1,"A",24,21,3,0.125,430.208333333333,10325,1.21652757324047,5.83333333333333,140,0.951975885316729,"negative","n_majority",1,0.759001535363495,0.189456066531129,0.177847274914384,81033012,470.675029790948,14.455492196387,2.85356743813363,1.88839805405328,0.00849843256349634,0.0921869435630466,"ok",3,10325,140,430.208333333333,5.83333333333333,1.02051743760918,1.12318472297151,11.9276675593544,0.496986148306433,10.8647450110865,0.45269770879527,0.00614454306056764,0.414285714285714,0.1961377157905,0.214285714285714,-0.988850892175621
82,"targeted",1,"A",24,21,3,0.125,430.208333333333,10325,1.21652757324047,5.83333333333333,140,0.951975885316729,"negative","n_minority",1,0.759001535363495,0.189456066531129,0.177847274914384,81033013,10836.7311372508,15.0338364974304,2.58522048227889,3.20110029101686,0.000369114998733351,0.0192123657765865,"ok",3,10325,140,430.208333333333,5.83333333333333,1.02051743760918,1.12318472297151,11.9276675593544,0.496986148306433,10.8647450110865,0.45269770879527,0.379498683312201,0.0214285714285714,0.1961377157905,0.214285714285714,-0.988850892175621
83,"targeted",2,"A",60,47,13,0.216666666666667,333.433333333333,20006,1.15250317951109,3.73333333333333,224,0.150614158428039,"independent","n_majority",1,0.207200364582241,0.243872763770632,0.176301120710559,81033025,3067.61551330669,18.231049720219,11.4800801523977,11.0245603755039,0.001303944377204,0.0361101699968858,"ok",13,20006,224,333.433333333333,3.73333333333333,1.44457163465893,0.146849480679323,19.4210151175206,0.32368358529201,58.7540983606557,0.979234972677596,0.0252698476747705,0.214285714285714,0.147735297084636,0.0223214285714286,-0.0381089653281267
84,"targeted",2,"A",60,47,13,0.216666666666667,333.433333333333,20006,1.15250317951109,3.73333333333333,224,0.150614158428039,"independent","n_minority",1,0.207200364582241,0.243872763770632,0.176301120710559,81033026,28229.23145335,29.2286519040225,8.90961824293529,33.0442459558731,0.000141697091775601,0.0119036587558448,"ok",13,20006,224,333.433333333333,3.73333333333333,1.44457163465893,0.146849480679323,19.4210151175206,0.32368358529201,58.7540983606557,0.979234972677596,0.655048925653183,0.209821428571429,0.147735297084636,0.0223214285714286,-0.0381089653281267
85,"targeted",3,"B",72,64,8,0.111111111111111,282.875,20367,1.08579425636751,6.48611111111111,467,0.59564830076493,"independent","nk_majority",1,0.218825042247772,0.192395098721609,0.223085797922686,81293012,2162.91262034538,26.0118295313756,6.46828952673651,5.65023344121253,0.00184935811200791,0.0430041638915106,"ok",8,20367,467,282.875,6.48611111111111,1.25780801805499,0.671783217755496,27.7592210107812,0.385544736260849,49.8261366232579,0.692029675323027,0.0193042528906754,0.0471092077087794,0.0756290010421319,0.0471092077087794,0.158680913090054
86,"targeted",3,"B",72,64,8,0.111111111111111,282.875,20367,1.08579425636751,6.48611111111111,467,0.59564830076493,"independent","nk_minority",1,0.218825042247772,0.192395098721609,0.223085797922686,81293013,29013.3379588614,25.2968965084358,5.2490749619427,8.66099577131631,0.00013786762507891,0.0117417045218703,"ok",8,20367,467,282.875,6.48611111111111,1.25780801805499,0.671783217755496,27.7592210107812,0.385544736260849,49.8261366232579,0.692029675323027,0.286090020346385,0.222698072805139,0.0756290010421319,0.0471092077087794,0.158680913090054
87,"targeted",4,"B",72,65,7,0.0972222222222222,653.861111111111,47078,0.988282663357315,4.375,315,0.867027984778107,"positive","nk_majority",1,0.168927123770118,0.0367742032231763,0.160793902841397,81293051,2066.2888521425,27.9054951012997,6.12929549369843,5.19755002701375,0.00193583776820577,0.0439981564182611,"ok",7,47078,315,653.861111111111,4.375,1.0916548312261,1.06620187248148,32.9366152617506,0.457452989746537,33.9462880602121,0.471476223058502,0.0110964107379113,0.0222222222222222,0.0639537365029235,0.0952380952380952,0.985218926774501
88,"targeted",4,"B",72,65,7,0.0972222222222222,653.861111111111,47078,0.988282663357315,4.375,315,0.867027984778107,"positive","nk_minority",1,0.168927123770118,0.0367742032231763,0.160793902841397,81293052,76467.3097391247,34.6949410943442,6.69230693026384,15.2228747760849,5.23099349728187e-05,0.00723256074795219,"ok",7,47078,315,653.861111111111,4.375,1.0916548312261,1.06620187248148,32.9366152617506,0.457452989746537,33.9462880602121,0.471476223058502,0.372327258759763,0.333333333333333,0.0639537365029235,0.0952380952380952,0.985218926774501
89,"targeted",5,"C",36,24,12,0.333333333333333,220,7920,0,3,108,0,"independent","independent",0,0.5,0.1,0.08,81733004,10416,24,12,22.1067961165049,0.000384024577572965,0.0195965450417405,"ok",12,7920,108,220,3,0,0,36,1,36,1,0.333333333333333,0.333333333333333,0.0277777777777778,0.0277777777777778,NA
90,"targeted",5,"C",36,24,12,0.333333333333333,220,7920,1.0499969504259,3,108,0,"independent","independent",0,0.5,0.1,0.08,81733005,10416,5.57467625757331,1.2580984516119,0.572644514919305,0.000384024577572965,0.0195965450417405,"very_low_df",12,7920,108,220,3,2.24791284541165,0,5.95088216916024,0.165302282476673,36,1,0.333333333333333,0.333333333333333,0.296979006656426,0.0277777777777778,NA
91,"targeted",6,"C",72,54,18,0.25,300,21600,0,4,288,0,"independent","independent",0,0.7,0.12,0.15,81733005,25660.8,54,18,29.1821862348178,0.000155879785509415,0.0124851826382082,"ok",18,21600,288,300,4,0,0,72,1,72,1,0.25,0.25,0.0138888888888889,0.0138888888888889,NA
92,"targeted",6,"C",72,54,18,0.25,300,21600,0.497349223893897,4,288,0,"independent","independent",0,0.7,0.12,0.15,81733006,25660.8,21.0992456957013,3.07091234725337,3.63995085032142,0.000155879785509415,0.0124851826382082,"ok",18,21600,288,300,4,1.53958594519082,0,21.2711744439706,0.29543297838848,72,1,0.25,0.25,0.140151515151515,0.0138888888888889,NA
93,"targeted",7,"D",48,32,16,0.333333333333333,120,5760,0,2,96,0,"independent","independent",0,0.4,0.08,0.1,81833006,6656,32,16,30.1079136690648,0.000600961538461538,0.024514516892273,"ok",16,5760,96,120,2,0,0,48,1,48,1,0.333333333333333,0.333333333333333,0.0208333333333333,0.0208333333333333,NA
94,"targeted",7,"D",48,32,16,0.333333333333333,480,23040,0,2,96,0,"independent","independent",0,0.4,0.08,0.1,81833007,27136,32,16,30.1079136690648,0.000147405660377358,0.0121410732794658,"ok",16,23040,96,480,2,0,0,48,1,48,1,0.333333333333333,0.333333333333333,0.0208333333333333,0.0208333333333333,NA
95,"targeted",8,"D",96,72,24,0.25,100,9600,0,3,288,0,"independent","independent",0,0.55,0.15,0.07,81833007,10476,72,24,39.4682779456193,0.000381825124093165,0.019540346058685,"ok",24,9600,288,100,3,0,0,96,1,96,1,0.25,0.25,0.0104166666666667,0.0104166666666667,NA
96,"targeted",8,"D",96,72,24,0.25,400,38400,0,3,288,0,"independent","independent",0,0.55,0.15,0.07,81833008,42876,72,24,39.4682779456193,9.3292284728053e-05,0.00965879312999574,"ok",24,38400,288,400,3,0,0,96,1,96,1,0.25,0.25,0.0104166666666667,0.0104166666666667,NA
97,"targeted",9,"E",72,60,12,0.166666666666667,157.277777777778,11324,1.10130662158359,5.94444444444444,428,0.786811661477251,"positive","n_majority",1,0.547079941630363,0.193165936646983,0.1666871222388,81033038,950.96966510026,25.5020531419694,11.7221497638858,10.9868111178369,0.00420623301330888,0.0648554778974673,"ok",12,11324,428,157.277777777778,5.94444444444444,1.21433531216471,0.901676977739004,28.6711885233141,0.398210951712695,39.9616055846422,0.555022299786698,0.0185451926539431,0.0420560747663551,0.0750810226863522,0.0700934579439252,0.989273963860201
98,"targeted",9,"E",72,60,12,0.166666666666667,157.277777777778,11324,1.10130662158359,5.94444444444444,428,0.786811661477251,"positive","n_minority",1,0.547079941630363,0.193165936646983,0.1666871222388,81033039,19191.0301300775,33.0254681839662,10.4380820769546,34.7556008422942,0.000208430708142703,0.0144371294980236,"ok",12,11324,428,157.277777777778,5.94444444444444,1.21433531216471,0.901676977739004,28.6711885233141,0.398210951712695,39.9616055846422,0.555022299786698,0.557346056895931,0.441588785046729,0.0750810226863522,0.0700934579439252,0.989273963860201
99,"targeted",10,"E",120,95,25,0.208333333333333,145.908333333333,17509,0.95722675680019,7.60833333333333,913,0.709280636085544,"negative","n_majority",1,0.537568972632289,0.116660372591577,0.159851131173782,81033051,4310.23476324513,57.8368427970475,22.9130164892834,23.9532178137361,0.000928023697017477,0.030463481367327,"ok",25,17509,913,145.908333333333,7.60833333333333,1.07169591136143,0.810629954113242,54.8626059123032,0.457188382602527,72.6548418024928,0.605457015020773,0.0352207125779929,0.466593647316539,0.0518397574202577,0.0328587075575027,-0.995177444430309
100,"targeted",10,"E",120,95,25,0.208333333333333,145.908333333333,17509,0.95722675680019,7.60833333333333,913,0.709280636085544,"negative","n_minority",1,0.537568972632289,0.116660372591577,0.159851131173782,81033052,25625.5782988681,68.6618396724558,21.4683073687518,65.3164890594968,0.000156094038282706,0.0124937599737912,"ok",25,17509,913,145.908333333333,7.60833333333333,1.07169591136143,0.810629954113242,54.8626059123032,0.457188382602527,72.6548418024928,0.605457015020773,0.567613271910899,0.063526834611172,0.0518397574202577,0.0328587075575027,-0.995177444430309
