"pair_id","pair_class","scenario_id_a","scenario_id_b","I_C_star_a","I_C_star_b","I_C_rel_diff","nu_C_star_a","nu_C_star_b","nu_rel_diff","J1_star_a","J1_star_b","J1_star_rel_diff","J_a","J_b","N_a","N_b","K_a","K_b","J1_a","J1_b","J_prec_rel_diff","J_k_rel_diff","minority_weight_share_a","minority_weight_share_b","minority_share_abs_diff","status_a","status_b"
1,"A",81,82,470.675029790948,10836.7311372508,1.83349849723702,1.88839805405328,3.20110029101686,0.515847397115322,2.85356743813363,2.58522048227889,0.0986789555987633,24,24,10325,10325,140,140,3,3,0,0,0.00927116293913145,0.303730972934284,0.294459809995152,"ok","ok"
2,"A",83,84,3067.61551330669,28229.23145335,1.60793296314164,11.0245603755039,33.0442459558731,0.999332063355264,11.4800801523977,8.90961824293529,0.252133392032005,60,60,20006,20006,224,224,13,13,0,0,0.025204798330644,0.654606053551386,0.629401255220742,"ok","ok"
3,"B",85,86,2162.91262034538,29013.3379588614,1.72249227150003,5.65023344121253,8.66099577131631,0.42075523847637,6.46828952673651,5.2490749619427,0.208103889910017,72,72,20367,20367,467,467,8,8,0,0,0.0162616948095615,0.311817501244324,0.295555806434762,"ok","ok"
4,"B",87,88,2066.2888521425,76467.3097391247,1.89475644110508,5.19755002701375,15.2228747760849,0.981891889687809,6.12929549369843,6.69230693026384,0.0878223201669708,72,72,47078,47078,315,315,7,7,0,0,0.00659189800841228,0.412471726485483,0.40587982847707,"ok","ok"
5,"C",89,90,10416,10416,0,22.1067961165049,0.572644514919305,1.89900200375738,12,1.2580984516119,1.62042868931662,36,36,7920,7920,108,108,12,12,1.43258574204335,0,0.333333333333333,0.333333333333333,0,"ok","very_low_df"
6,"C",91,92,25660.8,25660.8,0,29.1821862348178,3.63995085032142,1.55640294343058,18,3.07091234725337,1.41703286565972,72,72,21600,21600,288,288,18,18,1.08777070425982,0,0.25,0.25,0,"ok","ok"
7,"D",93,94,6656,27136,1.21212121212121,30.1079136690648,30.1079136690648,0,16,16,0,48,48,5760,23040,96,96,16,16,0,0,0.333333333333333,0.333333333333333,0,"ok","ok"
8,"D",95,96,10476,42876,1.21457489878543,39.4682779456193,39.4682779456193,5.40086448721509e-16,24,24,0,96,96,9600,38400,288,288,24,24,0,0,0.25,0.25,0,"ok","ok"
9,"E",97,98,950.96966510026,19191.0301300775,1.81114692190039,10.9868111178369,34.7556008422942,1.0392451427867,11.7221497638858,10.4380820769546,0.115889373013213,72,72,11324,11324,428,428,12,12,0,0,0.0121506248958517,0.588169627210891,0.57601900231504,"ok","ok"
10,"E",99,100,4310.23476324513,25625.5782988681,1.42406979168371,23.9532178137361,65.3164890594968,0.926703418092288,22.9130164892834,21.4683073687518,0.0651043725127645,120,120,17509,17509,913,913,25,25,0,0,0.0439237695324919,0.518189405127889,0.474265635595397,"ok","ok"
