"condition_id","J","imbalance","split","beta1_true","method","n_attempted","n_success","n_fail","error_rate","mean_estimate","bias","mean_se","mean_ci_width","coverage","mcse_coverage","type_I_error","power","mcse_reject_rate","mean_df","median_df","min_df","max_df"
1,20,"balanced","50/50",0,"naive_re",5000,5000,0,0,0.0011882770270411,0.0011882770270411,0.0378744430866349,0.148465088768633,0.7732,0.00592219148626587,0.2268,NA,0.00592219148626587,NA,NA,NA,NA
1,20,"balanced","50/50",0,"mlma",5000,5000,0,0,0.00118827702704128,0.00118827702704128,0.060525620644537,0.237256073210453,0.9292,0.00362732297982961,0.0708,NA,0.00362732297982962,NA,NA,NA,NA
1,20,"balanced","50/50",0,"mlma_cr2",5000,5000,0,0,0.00118827702704128,0.00118827702704128,0.0605255080417584,0.254318747683433,0.9464,0.00318518570887162,0.0536,NA,0.00318518570887162,18,18,18,18
2,20,"balanced","50/50",0.1,"naive_re",5000,5000,0,0,0.101066178756138,0.00106617875613806,0.0379238843051394,0.148658894783874,0.7698,0.00595328413566831,NA,0.666,0.00666999250374391,NA,NA,NA,NA
2,20,"balanced","50/50",0.1,"mlma",5000,5000,0,0,0.101066178756138,0.00106617875613815,0.0606541043276784,0.237759719993569,0.9382,0.00340531232047811,NA,0.3936,0.00690911050714924,NA,NA,NA,NA
2,20,"balanced","50/50",0.1,"mlma_cr2",5000,5000,0,0,0.101066178756138,0.00106617875613815,0.0606538142697693,0.254857870448089,0.9538,0.00296868859936505,NA,0.3486,0.00673911032703873,18,18,18,18
3,20,"balanced","50/50",0.3,"naive_re",5000,5000,0,0,0.300110458701281,0.000110458701280736,0.0377999054780303,0.148172906711915,0.771,0.0059423732632678,NA,1,0,NA,NA,NA,NA
3,20,"balanced","50/50",0.3,"mlma",5000,5000,0,0,0.300110458701281,0.000110458701280791,0.0603396735977077,0.236527174180819,0.9376,0.00342070869850094,NA,0.9972,0.000747283078893136,NA,NA,NA,NA
3,20,"balanced","50/50",0.3,"mlma_cr2",5000,5000,0,0,0.300110458701281,0.000110458701280791,0.06033967478058,0.253537905294994,0.9508,0.00305873699425106,NA,0.9966,0.000823218075603295,18,18,18,18
4,20,"balanced","70/30",0,"naive_re",5000,5000,0,0,-0.000798815711938701,-0.000798815711938701,0.0415466248029248,0.162859776585862,0.7674,0.00597490150546434,0.2326,NA,0.00597490150546434,NA,NA,NA,NA
4,20,"balanced","70/30",0,"mlma",5000,5000,0,0,-0.000798815711938816,-0.000798815711938816,0.0665636203286445,0.260924597049483,0.9356,0.00347138704266753,0.0644,NA,0.00347138704266753,NA,NA,NA,NA
4,20,"balanced","70/30",0,"mlma_cr2",5000,5000,0,0,-0.000798815711938816,-0.000798815711938816,0.0658610761537714,0.295465626087626,0.9542,0.00295642892693195,0.0458,NA,0.00295642892693195,9.53079178885631,9.53079178885631,9.53079178885627,9.53079178885634
5,20,"balanced","70/30",0.1,"naive_re",5000,5000,0,0,0.100334356966835,0.000334356966835231,0.0414770447530576,0.162587027802298,0.7704,0.00594783725399409,NA,0.6152,0.00688082785716951,NA,NA,NA,NA
5,20,"balanced","70/30",0.1,"mlma",5000,5000,0,0,0.100334356966835,0.000334356966835148,0.066450170789134,0.260479883026477,0.9338,0.00351617860752266,NA,0.3386,0.00669253375038184,NA,NA,NA,NA
5,20,"balanced","70/30",0.1,"mlma_cr2",5000,5000,0,0,0.100334356966835,0.000334356966835148,0.0655313284985075,0.29398631382759,0.9502,0.00307636018697421,NA,0.2662,0.00625040094713931,9.53079178885631,9.53079178885631,9.53079178885627,9.53079178885634
6,20,"balanced","70/30",0.3,"naive_re",5000,5000,0,0,0.299651167088886,-0.000348832911113595,0.0413940138488164,0.162261552638465,0.7616,0.00602603418510051,NA,0.9988,0.000489603921552918,NA,NA,NA,NA
6,20,"balanced","70/30",0.3,"mlma",5000,5000,0,0,0.299651167088886,-0.000348832911113706,0.066208644439208,0.259533117132132,0.9276,0.00366492128155572,NA,0.9902,0.0013931231101378,NA,NA,NA,NA
6,20,"balanced","70/30",0.3,"mlma_cr2",5000,5000,0,0,0.299651167088886,-0.000348832911113706,0.0656882289747924,0.2946901999492,0.9504,0.00307049963361014,NA,0.9766,0.00213786996798215,9.53079178885631,9.53079178885631,9.53079178885627,9.53079178885634
7,20,"balanced","85/15",0,"naive_re",5000,5000,0,0,-0.00050365443649521,-0.00050365443649521,0.0531694683776454,0.208420486194653,0.775,0.00590550590550886,0.225,NA,0.00590550590550886,NA,NA,NA,NA
7,20,"balanced","85/15",0,"mlma",5000,5000,0,0,-0.000503654436495521,-0.000503654436495521,0.085055958674609,0.333413231345522,0.9392,0.00337944847571316,0.0608,NA,0.00337944847571316,NA,NA,NA,NA
7,20,"balanced","85/15",0,"mlma_cr2",5000,5000,0,0,-0.000503654436495521,-0.000503654436495521,0.0798905206586661,0.534761165940493,0.9724,0.00231681850821336,0.0276,NA,0.00231681850821336,2.7574321413184,2.7574321413184,2.75743214131839,2.75743214131841
8,20,"balanced","85/15",0.1,"naive_re",5000,5000,0,0,0.100624832789999,0.000624832789999294,0.0531337463166809,0.208280458288765,0.776,0.00589616824726025,NA,0.4864,0.00706845159847615,NA,NA,NA,NA
8,20,"balanced","85/15",0.1,"mlma",5000,5000,0,0,0.100624832789999,0.000624832789998697,0.0850458003933247,0.333373411614598,0.9378,0.00341558662604244,NA,0.2262,0.00591664702344157,NA,NA,NA,NA
8,20,"balanced","85/15",0.1,"mlma_cr2",5000,5000,0,0,0.100624832789999,0.000624832789998697,0.079655152855617,0.533185690405403,0.9722,0.00232495849425318,NA,0.1032,0.00430231937447698,2.7574321413184,2.7574321413184,2.75743214131839,2.75743214131841
9,20,"balanced","85/15",0.3,"naive_re",5000,5000,0,0,0.300215259333342,0.000215259333342099,0.053057841680731,0.207982917583322,0.7684,0.00596592725399833,NA,0.9884,0.00151429455523026,NA,NA,NA,NA
9,20,"balanced","85/15",0.3,"mlma",5000,5000,0,0,0.300215259333341,0.000215259333340989,0.0847796385766917,0.332330076465277,0.9368,0.00344109749934523,NA,0.9286,0.0036414843127494,NA,NA,NA,NA
9,20,"balanced","85/15",0.3,"mlma_cr2",5000,5000,0,0,0.300215259333341,0.000215259333340989,0.0804713344084906,0.538648944308811,0.9724,0.00231681850821336,NA,0.6136,0.00688614609197336,2.7574321413184,2.7574321413184,2.75743214131839,2.7574321413184
10,20,"moderate","50/50",0,"naive_re",5000,5000,0,0,-0.00125488828807795,-0.00125488828807795,0.0379093153016231,0.148601785339509,0.7168,0.00637177777390266,0.2832,NA,0.00637177777390266,NA,NA,NA,NA
10,20,"moderate","50/50",0,"mlma",5000,5000,0,0,-0.0013726386394257,-0.0013726386394257,0.0629495905880644,0.246757860788296,0.9302,0.00360355269144215,0.0698,NA,0.00360355269144216,NA,NA,NA,NA
10,20,"moderate","50/50",0,"mlma_cr2",5000,5000,0,0,-0.0013726386394257,-0.0013726386394257,0.0629555715307294,0.265518607434578,0.9494,0.00309966578843591,0.0506,NA,0.00309966578843591,17.0435893343183,17.1903080332855,11.9229091185478,17.9385652615122
11,20,"moderate","50/50",0.1,"naive_re",5000,5000,0,0,0.100705929106815,0.000705929106814995,0.0378301134955031,0.148291319964497,0.725,0.00631466547015754,NA,0.6606,0.00669638170955032,NA,NA,NA,NA
11,20,"moderate","50/50",0.1,"mlma",5000,5000,0,0,0.100582487109055,0.000582487109055341,0.0628553268967596,0.246388353908281,0.9312,0.00357956868910208,NA,0.3706,0.00683016310200569,NA,NA,NA,NA
11,20,"moderate","50/50",0.1,"mlma_cr2",5000,5000,0,0,0.100582487109055,0.000582487109055341,0.0628493523596299,0.265067012535594,0.9474,0.00315699984162179,NA,0.32,0.00659696900098826,17.0490150216875,17.1943807784206,12.0254901373292,17.9105868646436
12,20,"moderate","50/50",0.3,"naive_re",5000,5000,0,0,0.299902679580323,-9.73204196770827e-05,0.0379603560298681,0.148801861317719,0.7118,0.00640532216207741,NA,0.9992,0.000399839967987199,NA,NA,NA,NA
12,20,"moderate","50/50",0.3,"mlma",5000,5000,0,0,0.30013400822027,0.000134008220270432,0.0631067366651479,0.247373862091087,0.9362,0.00345628586780665,NA,0.9948,0.00101714895664303,NA,NA,NA,NA
12,20,"moderate","50/50",0.3,"mlma_cr2",5000,5000,0,0,0.30013400822027,0.000134008220270432,0.0630795304662794,0.266033744315956,0.9522,0.00301712313305241,NA,0.9932,0.00116221856808434,17.0491454941986,17.2063759932931,11.9159784245212,17.9179134947529
13,20,"moderate","70/30",0,"naive_re",5000,5000,0,0,-0.00103805628313206,-0.00103805628313206,0.0415891506722527,0.16302647493045,0.7186,0.00635946601531921,0.2814,NA,0.00635946601531921,NA,NA,NA,NA
13,20,"moderate","70/30",0,"mlma",5000,5000,0,0,-0.000822225883735032,-0.000822225883735032,0.0684317710794183,0.268247613427899,0.93,0.00360832371053374,0.07,NA,0.00360832371053374,NA,NA,NA,NA
13,20,"moderate","70/30",0,"mlma_cr2",5000,5000,0,0,-0.000822225883735032,-0.000822225883735032,0.0676973719747919,0.306139713234998,0.9486,0.00312275647465504,0.0514,NA,0.00312275647465504,9.06051471769633,9.13283301787302,4.37961559600206,11.6800182100787
14,20,"moderate","70/30",0.1,"naive_re",5000,5000,0,0,0.100055861211319,5.58612113193968e-05,0.0415939821419143,0.163045413943508,0.7184,0.00636084019607473,NA,0.6028,0.00692000231213834,NA,NA,NA,NA
14,20,"moderate","70/30",0.1,"mlma",5000,5000,0,0,0.100115584256763,0.000115584256762724,0.0687520708872368,0.269503165603058,0.9278,0.00366025026466771,NA,0.3194,0.0065936884973435,NA,NA,NA,NA
14,20,"moderate","70/30",0.1,"mlma_cr2",5000,5000,0,0,0.100115584256763,0.000115584256762724,0.0678089335221227,0.306462580642737,0.9496,0.00309385972532693,NA,0.2494,0.00611881753282446,9.09307659637489,9.1722600176514,5.15581841245621,11.4551362502209
15,20,"moderate","70/30",0.3,"naive_re",5000,5000,0,0,0.299466130334466,-0.000533869665533759,0.0415614932719704,0.162918059913531,0.7304,0.00627560100707494,NA,0.998,0.000631822759957253,NA,NA,NA,NA
15,20,"moderate","70/30",0.3,"mlma",5000,5000,0,0,0.299262465368798,-0.000737534631201964,0.0687419990239199,0.269463684624341,0.9362,0.00345628586780665,NA,0.9896,0.00143470136265356,NA,NA,NA,NA
15,20,"moderate","70/30",0.3,"mlma_cr2",5000,5000,0,0,0.299262465368798,-0.000737534631201964,0.0678968911650326,0.306933052960288,0.9556,0.00291302729132427,NA,0.9656,0.00257746542168852,9.07970420438368,9.15768239093951,5.75502477212914,11.7250474401271
16,20,"moderate","85/15",0,"naive_re",5000,5000,0,0,-0.000587321895630538,-0.000587321895630538,0.0547825788033773,0.214743762869694,0.7242,0.00632035378756601,0.2758,NA,0.00632035378756601,NA,NA,NA,NA
16,20,"moderate","85/15",0,"mlma",5000,5000,0,0,-0.00066593256052242,-0.00066593256052242,0.0881233968726744,0.345437368131543,0.9306,0.00359398497492686,0.0694,NA,0.00359398497492686,NA,NA,NA,NA
16,20,"moderate","85/15",0,"mlma_cr2",5000,5000,0,0,-0.00066593256052242,-0.00066593256052242,0.0819072963984938,0.566310861547603,0.9718,0.00234114331043616,0.0282,NA,0.00234114331043616,2.6412837207391,2.62761779044981,1.7480733276651,3.22977733706801
17,20,"moderate","85/15",0.1,"naive_re",5000,5000,0,0,0.0984469224697283,-0.00155307753027174,0.05478222997504,0.214742395487738,0.7212,0.00634145976885449,NA,0.4788,0.0070647089112008,NA,NA,NA,NA
17,20,"moderate","85/15",0.1,"mlma",5000,5000,0,0,0.0984950182650866,-0.0015049817349134,0.0884307795509747,0.346642286089423,0.9306,0.00359398497492686,NA,0.2236,0.00589241953699836,NA,NA,NA,NA
17,20,"moderate","85/15",0.1,"mlma_cr2",5000,5000,0,0,0.0984950182650866,-0.0015049817349134,0.0829482414583872,0.572796736630108,0.9728,0.00230044169671826,NA,0.094,0.00412708129311745,2.64602907374464,2.62854337832849,1.66120662026035,3.1554369238396
18,20,"moderate","85/15",0.3,"naive_re",5000,5000,0,0,0.299981574443997,-1.84255560026769e-05,0.0552081630521569,0.216412022469685,0.7428,0.00618139401753359,NA,0.9724,0.00231681850821336,NA,NA,NA,NA
18,20,"moderate","85/15",0.3,"mlma",5000,5000,0,0,0.299838045662236,-0.000161954337764281,0.0888000688169356,0.348089873411744,0.9358,0.00346636293541228,NA,0.9052,0.00414277588097643,NA,NA,NA,NA
18,20,"moderate","85/15",0.3,"mlma_cr2",5000,5000,0,0,0.299838045662236,-0.000161954337764281,0.0831492860894115,0.574690656365836,0.9716,0.00234918879615922,NA,0.5672,0.00700691315773216,2.64457900082658,2.62586056385397,1.72138212079714,3.55236570199505
19,20,"severe","50/50",0,"naive_re",5000,5000,0,0,-0.0032851340661992,-0.0032851340661992,0.0383597345881053,0.150367396498404,0.5874,0.0069622013760017,0.4126,NA,0.0069622013760017,NA,NA,NA,NA
19,20,"severe","50/50",0,"mlma",5000,5000,0,0,-0.00216927654932361,-0.00216927654932361,0.0675518508706373,0.26479838959094,0.9284,0.00364618814654428,0.0716,NA,0.00364618814654428,NA,NA,NA,NA
19,20,"severe","50/50",0,"mlma_cr2",5000,5000,0,0,-0.00216927654932361,-0.00216927654932361,0.0674952891980564,0.285975132324133,0.9474,0.00315699984162179,0.0526,NA,0.00315699984162179,16.111070565739,16.6899439799355,5.11754553826042,17.8794425953354
20,20,"severe","50/50",0.1,"naive_re",5000,5000,0,0,0.0983136651532956,-0.0016863348467044,0.0384123402981572,0.150573607092569,0.5842,0.00697008407409839,NA,0.6238,0.00685089132887101,NA,NA,NA,NA
20,20,"severe","50/50",0.1,"mlma",5000,5000,0,0,0.0983660805981937,-0.00163391940180632,0.0672524573177394,0.263624788429173,0.9314,0.00357474586509307,NA,0.324,0.00661851947190608,NA,NA,NA,NA
20,20,"severe","50/50",0.1,"mlma_cr2",5000,5000,0,0,0.0983660805981937,-0.00163391940180632,0.0672040786709954,0.28471604373375,0.9474,0.00315699984162179,NA,0.2762,0.00632318843622424,16.1165182087625,16.6602072652016,5.28630584639726,17.8767515803252
21,20,"severe","50/50",0.3,"naive_re",5000,5000,0,0,0.299739648273482,-0.000260351726517949,0.0382087738268373,0.149775641188076,0.589,0.00695814630487172,NA,0.993,0.00117906742809731,NA,NA,NA,NA
21,20,"severe","50/50",0.3,"mlma",5000,5000,0,0,0.300009848346487,9.84834648670718e-06,0.0670350452994792,0.26277254897798,0.9294,0.00362258581678889,NA,0.9904,0.00137897353129058,NA,NA,NA,NA
21,20,"severe","50/50",0.3,"mlma_cr2",5000,5000,0,0,0.300009848346487,9.84834648670718e-06,0.0670002890568801,0.283901119370472,0.946,0.00319637294444813,NA,0.984,0.00177448584102551,16.0876211971605,16.6543543699694,5.11754562594957,17.8991790362586
22,20,"severe","70/30",0,"naive_re",5000,5000,0,0,-0.00231993997595132,-0.00231993997595132,0.0433135858667818,0.169786136680351,0.6138,0.00688548560379005,0.3862,NA,0.00688548560379005,NA,NA,NA,NA
22,20,"severe","70/30",0,"mlma",5000,5000,0,0,-0.00197464238708434,-0.00197464238708434,0.0732437899165114,0.287110380655161,0.9166,0.00391010076596499,0.0834,NA,0.00391010076596499,NA,NA,NA,NA
22,20,"severe","70/30",0,"mlma_cr2",5000,5000,0,0,-0.00197464238708434,-0.00197464238708434,0.0724258228355798,0.330170056342802,0.9402,0.00335332551357604,0.0598,NA,0.00335332551357604,8.61812338181067,8.80970708964295,2.72920603874634,14.0999641946024
23,20,"severe","70/30",0.1,"naive_re",5000,5000,0,0,0.0996818005521518,-0.000318199447848222,0.0434112265677367,0.170168881194945,0.6204,0.00686299992714556,NA,0.586,0.00696568733148424,NA,NA,NA,NA
23,20,"severe","70/30",0.1,"mlma",5000,5000,0,0,0.100172579876067,0.000172579876066739,0.0733047942768947,0.287349513353663,0.9246,0.00373402838767999,NA,0.2932,0.00643791519049451,NA,NA,NA,NA
23,20,"severe","70/30",0.1,"mlma_cr2",5000,5000,0,0,0.100172579876067,0.000172579876066739,0.0722288905967832,0.328954345669103,0.9502,0.00307636018697421,NA,0.2314,0.00596412675921631,8.64752084304338,8.81711776184202,2.86991265231062,14.6760611419748
24,20,"severe","70/30",0.3,"naive_re",5000,5000,0,0,0.299275110302869,-0.00072488969713147,0.0431700071198398,0.169223318334447,0.6242,0.00684944318904829,NA,0.9872,0.0015897270205919,NA,NA,NA,NA
24,20,"severe","70/30",0.3,"mlma",5000,5000,0,0,0.299187757463416,-0.000812242536584129,0.0731770874212685,0.28684891167845,0.9264,0.00369277781622453,NA,0.9746,0.00222507707731665,NA,NA,NA,NA
24,20,"severe","70/30",0.3,"mlma_cr2",5000,5000,0,0,0.299187757463416,-0.000812242536584129,0.0720278949983296,0.328287866482069,0.9498,0.00308804015517933,NA,0.9422,0.00330027756408457,8.62589566429824,8.81116904575145,2.96198266118127,12.3548050361172
25,20,"severe","85/15",0,"naive_re",5000,5000,0,0,-0.00143194598451496,-0.00143194598451496,0.0623196085759735,0.244288376679083,0.6878,0.00655333747032762,0.3122,NA,0.00655333747032762,NA,NA,NA,NA
25,20,"severe","85/15",0,"mlma",5000,5000,0,0,-0.00118038562717098,-0.00118038562717098,0.0946957869471413,0.37120066380815,0.9278,0.00366025026466771,0.0722,NA,0.0036602502646677,NA,NA,NA,NA
25,20,"severe","85/15",0,"mlma_cr2",5000,5000,0,0,-0.00118038562717098,-0.00118038562717098,0.0884804646544537,0.616847160240128,0.9704,0.00239682456596222,0.0296,NA,0.00239682456596222,2.59461207007036,2.60458039445017,1.63021463267546,4.17841375605908
26,20,"severe","85/15",0.1,"naive_re",5000,5000,0,0,0.0990422462169126,-0.00095775378308742,0.0619556854500249,0.242861824239082,0.6906,0.00653714983765861,NA,0.4642,0.00705291939554111,NA,NA,NA,NA
26,20,"severe","85/15",0.1,"mlma",5000,5000,0,0,0.0999602435086505,-3.97564913494769e-05,0.0942954493119664,0.369631369114953,0.9254,0.00371577286711661,NA,0.2082,0.00574199895506783,NA,NA,NA,NA
26,20,"severe","85/15",0.1,"mlma_cr2",5000,5000,0,0,0.0999602435086505,-3.97564913494769e-05,0.0875475083902078,0.610618070998842,0.9676,0.0025040063897682,NA,0.0928,0.0041033683724472,2.59465394034543,2.60695893930611,1.63021463134972,4.25160581203592
27,20,"severe","85/15",0.3,"naive_re",5000,5000,0,0,0.301361617912882,0.0013616179128822,0.0622962854361534,0.244196951650975,0.6866,0.00656018963140548,NA,0.9304,0.00359877312427444,NA,NA,NA,NA
27,20,"severe","85/15",0.3,"mlma",5000,5000,0,0,0.301095654541844,0.0010956545418439,0.0948613418369615,0.371849627051174,0.9248,0.00372947610261817,NA,0.8662,0.00481451056702548,NA,NA,NA,NA
27,20,"severe","85/15",0.3,"mlma_cr2",5000,5000,0,0,0.301095654541844,0.0010956545418439,0.0887178525359042,0.618828385699444,0.9722,0.00232495849425318,NA,0.5088,0.0070699725600599,2.59260007121894,2.60627649239694,1.63021463181222,4.6319421895119
28,40,"balanced","50/50",0,"naive_re",5000,5000,0,0,-0.000287555767928099,-0.000287555767928099,0.0272215404036383,0.106706477589666,0.7778,0.00587923736550924,0.2222,NA,0.00587923736550924,NA,NA,NA,NA
28,40,"balanced","50/50",0,"mlma",5000,5000,0,0,-0.000287555767928045,-0.000287555767928045,0.0433499309600334,0.169928606827926,0.9422,0.00330027756408457,0.0578,NA,0.00330027756408457,NA,NA,NA,NA
28,40,"balanced","50/50",0,"mlma_cr2",5000,5000,0,0,-0.000287555767928045,-0.000287555767928045,0.0433499315065424,0.175514696695656,0.9508,0.00305873699425106,0.0492,NA,0.00305873699425106,38,38,38,38
29,40,"balanced","50/50",0.1,"naive_re",5000,5000,0,0,0.100063098660479,6.30986604787387e-05,0.0271570963547925,0.106453861560155,0.7832,0.00582748247530613,NA,0.8612,0.00488946950087635,NA,NA,NA,NA
29,40,"balanced","50/50",0.1,"mlma",5000,5000,0,0,0.100063098660479,6.30986604786832e-05,0.04322481899116,0.169438176921873,0.945,0.0032241277890307,NA,0.637,0.00680045586707244,NA,NA,NA,NA
29,40,"balanced","50/50",0.1,"mlma_cr2",5000,5000,0,0,0.100063098660479,6.30986604786832e-05,0.04322481970013,0.175008145474181,0.9534,0.00298088711627931,NA,0.612,0.00689138592737339,38,38,38,38
30,40,"balanced","50/50",0.3,"naive_re",5000,5000,0,0,0.299407523553976,-0.000592476446023837,0.0271933627001309,0.106596023021583,0.7718,0.00593506124652476,NA,1,0,NA,NA,NA,NA
30,40,"balanced","50/50",0.3,"mlma",5000,5000,0,0,0.299407523553976,-0.000592476446024004,0.0432284380017371,0.169452363182655,0.9396,0.00336903072114221,NA,1,0,NA,NA,NA,NA
30,40,"balanced","50/50",0.3,"mlma_cr2",5000,5000,0,0,0.299407523553976,-0.000592476446024004,0.0432284385404939,0.175022797392806,0.949,0.00311123769583746,NA,1,0,38,38,38,38
31,40,"balanced","70/30",0,"naive_re",5000,5000,0,0,-0.00110973979697152,-0.00110973979697152,0.0296877346114345,0.11637378124199,0.7838,0.00582164169285606,0.2162,NA,0.00582164169285606,NA,NA,NA,NA
31,40,"balanced","70/30",0,"mlma",5000,5000,0,0,-0.00110973979697134,-0.00110973979697134,0.0472095680411555,0.185058106172716,0.9432,0.00327333957908433,0.0568,NA,0.00327333957908433,NA,NA,NA,NA
31,40,"balanced","70/30",0,"mlma_cr2",5000,5000,0,0,-0.00110973979697134,-0.00110973979697134,0.0470254070546696,0.195654355879167,0.9524,0.00301112072159188,0.0476,NA,0.00301112072159188,20.8860759493671,20.8860759493671,20.8860759493669,20.8860759493672
32,40,"balanced","70/30",0.1,"naive_re",5000,5000,0,0,0.099649152943442,-0.000350847056558024,0.029664227186811,0.116281633830727,0.7752,0.00590364226558486,NA,0.8104,0.00554349781275324,NA,NA,NA,NA
32,40,"balanced","70/30",0.1,"mlma",5000,5000,0,0,0.0996491529434422,-0.000350847056557788,0.0471575890256431,0.184854352176004,0.943,0.00327874976172321,NA,0.5598,0.00702031281354328,NA,NA,NA,NA
32,40,"balanced","70/30",0.1,"mlma_cr2",5000,5000,0,0,0.0996491529434422,-0.000350847056557788,0.0469141847186367,0.195191603169965,0.9534,0.00298088711627931,NA,0.5202,0.00706529489830396,20.8860759493671,20.8860759493671,20.886075949367,20.8860759493672
33,40,"balanced","70/30",0.3,"naive_re",5000,5000,0,0,0.299771413740335,-0.000228586259665098,0.029721410805643,0.11650578949756,0.782,0.00583910952115132,NA,1,0,NA,NA,NA,NA
33,40,"balanced","70/30",0.3,"mlma",5000,5000,0,0,0.299771413740335,-0.000228586259664598,0.0473129941818116,0.185463529194208,0.9462,0.00319078548323136,NA,1,0,NA,NA,NA,NA
33,40,"balanced","70/30",0.3,"mlma_cr2",5000,5000,0,0,0.299771413740335,-0.000228586259664598,0.0470423737978118,0.195724947872066,0.9506,0.0030646252625729,NA,0.9998,0.000199979998999889,20.8860759493671,20.8860759493671,20.886075949367,20.8860759493672
34,40,"balanced","85/15",0,"naive_re",5000,5000,0,0,0.000193684235905214,0.000193684235905214,0.0380984723556936,0.149343267366309,0.7834,0.00582553757176108,0.2166,NA,0.00582553757176108,NA,NA,NA,NA
34,40,"balanced","85/15",0,"mlma",5000,5000,0,0,0.000193684235905353,0.000193684235905353,0.0606812368303259,0.237866077449568,0.9428,0.00328414859590732,0.0572,NA,0.00328414859590732,NA,NA,NA,NA
34,40,"balanced","85/15",0,"mlma_cr2",5000,5000,0,0,0.000193684235905353,0.000193684235905353,0.0590580819616812,0.280224341148377,0.9536,0.00297479545515318,0.0464,NA,0.00297479545515318,6.88791484032561,6.88791484032561,6.88791484032559,6.88791484032564
35,40,"balanced","85/15",0.1,"naive_re",5000,5000,0,0,0.0982697376648106,-0.00173026233518941,0.0380804148171317,0.149272483115847,0.793,0.0057297643930619,NA,0.6644,0.00667791344657895,NA,NA,NA,NA
35,40,"balanced","85/15",0.1,"mlma",5000,4999,1,2e-04,0.0982762096027049,-0.00172379039729507,0.060495159674408,0.237136668401679,0.946589317863573,0.00318019165425943,NA,0.371874374874975,0.00683564993685869,NA,NA,NA,NA
35,40,"balanced","85/15",0.1,"mlma_cr2",5000,4999,1,2e-04,0.0982762096027049,-0.00172379039729507,0.0584779662271293,0.277471753456652,0.953590718143629,0.00297537605275711,NA,0.285657131426285,0.00638902111880134,6.88791484032561,6.88791484032561,6.88791484032559,6.88791484032564
36,40,"balanced","85/15",0.3,"naive_re",5000,5000,0,0,0.299400829958099,-0.000599170041901131,0.0380736931507691,0.149246134667874,0.7774,0.00588301351349799,NA,0.9994,0.000346306222872199,NA,NA,NA,NA
36,40,"balanced","85/15",0.3,"mlma",5000,5000,0,0,0.2994008299581,-0.000599170041899577,0.0606262215256594,0.237650421418079,0.9412,0.00332693733033852,NA,0.9988,0.000489603921552918,NA,NA,NA,NA
36,40,"balanced","85/15",0.3,"mlma_cr2",5000,5000,0,0,0.2994008299581,-0.000599170041899577,0.058967468249513,0.279794388685515,0.9554,0.00291927525252416,NA,0.9868,0.00161404832641405,6.88791484032561,6.88791484032561,6.88791484032559,6.88791484032564
37,40,"moderate","50/50",0,"naive_re",5000,5000,0,0,0.000283761636601719,0.000283761636601719,0.0271948847891646,0.106601989500957,0.7298,0.00627999936305729,0.2702,NA,0.00627999936305729,NA,NA,NA,NA
37,40,"moderate","50/50",0,"mlma",5000,5000,0,0,0.00065447617512857,0.00065447617512857,0.0449878094361448,0.17634897247639,0.945,0.0032241277890307,0.055,NA,0.0032241277890307,NA,NA,NA,NA
37,40,"moderate","50/50",0,"mlma_cr2",5000,5000,0,0,0.00065447617512857,0.00065447617512857,0.0449836801450376,0.182395471678459,0.9522,0.00301712313305241,0.0478,NA,0.00301712313305241,36.3239928866956,36.4574254051077,30.5012147202029,37.5816752158451
38,40,"moderate","50/50",0.1,"naive_re",5000,5000,0,0,0.100328313321694,0.000328313321694404,0.0271305751585366,0.106349900381178,0.7228,0.00633024738853072,NA,0.8356,0.0052416150182935,NA,NA,NA,NA
38,40,"moderate","50/50",0.1,"mlma",5000,5000,0,0,0.100249533061297,0.000249533061297436,0.0448072153286444,0.175641056583348,0.9438,0.00325704037432759,NA,0.6036,0.00691761577423898,NA,NA,NA,NA
38,40,"moderate","50/50",0.1,"mlma_cr2",5000,5000,0,0,0.100249533061297,0.000249533061297436,0.0448077893851803,0.181684034736985,0.9512,0.00304691844328003,NA,0.5776,0.00698538817819024,36.3173635706518,36.4352514571283,31.127736503265,37.6340033566196
39,40,"moderate","50/50",0.3,"naive_re",5000,5000,0,0,0.300269161544697,0.000269161544696694,0.0272574762110733,0.106847343366322,0.7196,0.00635257176268006,NA,1,0,NA,NA,NA,NA
39,40,"moderate","50/50",0.3,"mlma",5000,5000,0,0,0.30018996484722,0.000189964847219615,0.0451439803977069,0.176961151396575,0.9444,0.00324063697442339,NA,1,0,NA,NA,NA,NA
39,40,"moderate","50/50",0.3,"mlma_cr2",5000,5000,0,0,0.30018996484722,0.000189964847219615,0.0451368782618417,0.183014283544639,0.9518,0.00302908435009658,NA,1,0,36.340341539909,36.4748293970153,31.6332431184505,37.6563801276259
40,40,"moderate","70/30",0,"naive_re",5000,5000,0,0,0.000398733530148939,0.000398733530148939,0.0297300295440921,0.116539574331464,0.732,0.006263800763115,0.268,NA,0.006263800763115,NA,NA,NA,NA
40,40,"moderate","70/30",0,"mlma",5000,5000,0,0,0.000354425685689416,0.000354425685689416,0.0489932704511659,0.192050091138231,0.945,0.0032241277890307,0.055,NA,0.0032241277890307,NA,NA,NA,NA
40,40,"moderate","70/30",0,"mlma_cr2",5000,5000,0,0,0.000354425685689416,0.000354425685689416,0.0488512892743307,0.203815876180144,0.952,0.00302311098043059,0.048,NA,0.00302311098043059,20.0082402275041,20.0581984863589,15.4687776207421,23.0029137439967
41,40,"moderate","70/30",0.1,"naive_re",5000,5000,0,0,0.0993380955729644,-0.000661904427035648,0.0297577070799155,0.116648068278254,0.7226,0.00633165444414017,NA,0.7772,0.00588489863973884,NA,NA,NA,NA
41,40,"moderate","70/30",0.1,"mlma",5000,5000,0,0,0.0994897059581966,-0.00051029404180343,0.0491404737058658,0.192627117293469,0.9408,0.0033375248313683,NA,0.5294,0.00705883333136574,NA,NA,NA,NA
41,40,"moderate","70/30",0.1,"mlma_cr2",5000,5000,0,0,0.0994897059581966,-0.00051029404180343,0.0487344304192978,0.203324485901381,0.9486,0.00312275647465504,NA,0.4856,0.00706813469028428,20.0171321010343,20.084663679415,15.3143120783221,23.6785785524244
42,40,"moderate","70/30",0.3,"naive_re",5000,5000,0,0,0.29855727385453,-0.00144272614546997,0.0297016935179615,0.116428499150103,0.7278,0.00629455574286224,NA,1,0,NA,NA,NA,NA
42,40,"moderate","70/30",0.3,"mlma",5000,5000,0,0,0.298854209484596,-0.0011457905154037,0.0489357267184265,0.191824523850821,0.9412,0.00332693733033852,NA,1,0,NA,NA,NA,NA
42,40,"moderate","70/30",0.3,"mlma_cr2",5000,5000,0,0,0.298854209484596,-0.0011457905154037,0.0486525022347755,0.202999228693583,0.9454,0.00321306209090332,NA,0.9998,0.000199979998999889,19.9870143461115,20.0384524851758,14.4968103667749,23.4284614911417
43,40,"moderate","85/15",0,"naive_re",5000,5000,0,0,0.00177391003032621,0.00177391003032621,0.0386033659744265,0.15132241398379,0.7298,0.00627999936305729,0.2702,NA,0.00627999936305729,NA,NA,NA,NA
43,40,"moderate","85/15",0,"mlma",5000,5000,0,0,0.00111659501527706,0.00111659501527706,0.0630528932092567,0.247162799622386,0.947,0.00316831185333767,0.053,NA,0.00316831185333767,NA,NA,NA,NA
43,40,"moderate","85/15",0,"mlma_cr2",5000,5000,0,0,0.00111659501527706,0.00111659501527706,0.0612823980249779,0.293643657234516,0.9548,0.00293792307591605,0.0452,NA,0.00293792307591605,6.5972868102249,6.62711451628336,4.93126723945839,7.57839316554809
44,40,"moderate","85/15",0.1,"naive_re",5000,5000,0,0,0.100408534324013,0.000408534324012874,0.0386551878558902,0.15152555202635,0.7286,0.00628875249950258,NA,0.645,0.00676720030736493,NA,NA,NA,NA
44,40,"moderate","85/15",0.1,"mlma",5000,5000,0,0,0.100565094439284,0.000565094439283861,0.0630683028438818,0.247223204280147,0.9398,0.00336380617753164,NA,0.3678,0.00681943047475374,NA,NA,NA,NA
44,40,"moderate","85/15",0.1,"mlma_cr2",5000,5000,0,0,0.100565094439284,0.000565094439283861,0.0609969700008947,0.292355254301873,0.9556,0.00291302729132427,NA,0.282,0.0063635838958876,6.58664832677906,6.6203169795012,5.09175728652398,7.50263776198753
45,40,"moderate","85/15",0.3,"naive_re",5000,5000,0,0,0.300202603987918,0.000202603987917827,0.0385511087091339,0.151117569267982,0.7222,0.00633446382892822,NA,0.9996,0.000282786138274123,NA,NA,NA,NA
45,40,"moderate","85/15",0.3,"mlma",5000,5000,0,0,0.30004896562604,4.8965626039621e-05,0.0629251783349138,0.246662166514382,0.9414,0.00332162731202644,NA,0.9964,0.000846999409681028,NA,NA,NA,NA
45,40,"moderate","85/15",0.3,"mlma_cr2",5000,5000,0,0,0.30004896562604,4.8965626039621e-05,0.0611144265089079,0.292836704096773,0.9504,0.00307049963361014,NA,0.976,0.00216443988135499,6.59638219742053,6.6336372627886,4.64522505749329,7.51919841391113
46,40,"severe","50/50",0,"naive_re",5000,5000,0,0,0.00145154837429352,0.00145154837429352,0.0271906337989174,0.106585325925391,0.6034,0.00691821422044735,0.3966,NA,0.00691821422044735,NA,NA,NA,NA
46,40,"severe","50/50",0,"mlma",5000,4999,1,2e-04,0.00147544421582808,0.00147544421582808,0.0479368294204663,0.187908918394308,0.945189037807561,0.00321922611920269,0.0548109621924385,NA,0.00321922611920269,NA,NA,NA,NA
46,40,"severe","50/50",0,"mlma_cr2",5000,4999,1,2e-04,0.00147544421582808,0.00147544421582808,0.0479338344071192,0.194634521114093,0.953990798159632,0.00296314479610643,0.0460092018403681,NA,0.00296314479610643,34.848157256859,35.2786180001423,20.5620514054423,37.5183257539141
47,40,"severe","50/50",0.1,"naive_re",5000,5000,0,0,0.100475214294967,0.000475214294966664,0.0272357349257269,0.106762119093809,0.5926,0.00694874434700256,NA,0.778,0.00587734633997351,NA,NA,NA,NA
47,40,"severe","50/50",0.1,"mlma",5000,5000,0,0,0.0994890718652441,-0.000510928134755922,0.048091396414372,0.188514809876815,0.9436,0.00326248494249399,NA,0.5394,0.0070490799399638,NA,NA,NA,NA
47,40,"severe","50/50",0.1,"mlma_cr2",5000,5000,0,0,0.0994890718652441,-0.000510928134755922,0.0480846103049316,0.195241345299449,0.9522,0.00301712313305241,NA,0.5116,0.00706916458996394,34.873416690987,35.3260426516109,15.1970310920538,37.5682908163339
48,40,"severe","50/50",0.3,"naive_re",5000,5000,0,0,0.299773714546103,-0.000226285453897024,0.0272595016586766,0.106855282975032,0.5886,0.00695916719155389,NA,0.9998,0.000199979998999889,NA,NA,NA,NA
48,40,"severe","50/50",0.3,"mlma",5000,5000,0,0,0.299810214811559,-0.000189785188440761,0.0480425780985126,0.188323445595075,0.9382,0.00340531232047811,NA,1,0,NA,NA,NA,NA
48,40,"severe","50/50",0.3,"mlma_cr2",5000,5000,0,0,0.299810214811559,-0.000189785188440761,0.04803295381435,0.195029950058115,0.9456,0.0032075111847038,NA,1,0,34.8860292135439,35.3373242059952,13.5265964507293,37.6029733997736
49,40,"severe","70/30",0,"naive_re",5000,5000,0,0,0.00155480804261784,0.00155480804261784,0.0301737129965809,0.118278781506293,0.5862,0.00696519289036564,0.4138,NA,0.00696519289036564,NA,NA,NA,NA
49,40,"severe","70/30",0,"mlma",5000,5000,0,0,0.000331286744767591,0.000331286744767591,0.0524290952970853,0.205518277048611,0.936,0.00346132922444543,0.064,NA,0.00346132922444543,NA,NA,NA,NA
49,40,"severe","70/30",0,"mlma_cr2",5000,5000,0,0,0.000331286744767591,0.000331286744767591,0.0521365840570109,0.218055830802354,0.949,0.00311123769583746,0.051,NA,0.00311123769583746,19.2620040548136,19.4275198387275,6.73010394822542,23.1624237513139
50,40,"severe","70/30",0.1,"naive_re",5000,5000,0,0,0.100134113484271,0.000134113484270573,0.0300717087786144,0.117878932319323,0.6024,0.00692118833727273,NA,0.7378,0.0062201472651377,NA,NA,NA,NA
50,40,"severe","70/30",0.1,"mlma",5000,5000,0,0,0.100175759657297,0.000175759657296673,0.052314319343765,0.205068363579013,0.9396,0.00336903072114221,NA,0.4852,0.00706796943966229,NA,NA,NA,NA
50,40,"severe","70/30",0.1,"mlma_cr2",5000,5000,0,0,0.100175759657297,0.000175759657296673,0.0518765916381667,0.217005244822807,0.9484,0.00312849612433834,NA,0.441,0.0070216664688662,19.2135077139677,19.3903141172647,8.73647258427597,22.6882312967147
51,40,"severe","70/30",0.3,"naive_re",5000,5000,0,0,0.298804348995616,-0.00119565100438429,0.0302036983476353,0.118396321922554,0.595,0.00694226187924368,NA,0.9986,0.000528779727296718,NA,NA,NA,NA
51,40,"severe","70/30",0.3,"mlma",5000,5000,0,0,0.299036318341117,-0.000963681658883442,0.0525703940460922,0.206072157966839,0.9418,0.00331097447891101,NA,1,0,NA,NA,NA,NA
51,40,"severe","70/30",0.3,"mlma_cr2",5000,5000,0,0,0.299036318341117,-0.000963681658883442,0.0523047021992433,0.218769719041098,0.9522,0.00301712313305241,NA,0.9998,0.000199979998999889,19.2453185426464,19.4221695661656,8.38677448086857,23.0780409132898
52,40,"severe","85/15",0,"naive_re",5000,5000,0,0,0.00241128310438875,0.00241128310438875,0.0411643263376268,0.161361194139204,0.636,0.00680446911963013,0.364,NA,0.00680446911963013,NA,NA,NA,NA
52,40,"severe","85/15",0,"mlma",5000,5000,0,0,0.00256253576588396,0.00256253576588396,0.0673985319660537,0.264197390528674,0.9366,0.00344617004803884,0.0634,NA,0.00344617004803884,NA,NA,NA,NA
52,40,"severe","85/15",0,"mlma_cr2",5000,5000,0,0,0.00256253576588396,0.00256253576588396,0.0656658406825452,0.316817860415705,0.9538,0.00296868859936505,0.0462,NA,0.00296868859936505,6.37963084198583,6.43718468351487,3.23524497311613,7.94698462856571
53,40,"severe","85/15",0.1,"naive_re",5000,5000,0,0,0.101117442512195,0.00111744251219528,0.0411529917607303,0.16131676341421,0.639,0.0067923339140534,NA,0.6018,0.00692295832718932,NA,NA,NA,NA
53,40,"severe","85/15",0.1,"mlma",5000,5000,0,0,0.100648894060914,0.000648894060913771,0.0675647547794835,0.264848971984136,0.9454,0.00321306209090332,NA,0.32,0.00659696900098826,NA,NA,NA,NA
53,40,"severe","85/15",0.1,"mlma_cr2",5000,5000,0,0,0.100648894060914,0.000648894060913771,0.0656712300286669,0.31682332625653,0.9598,0.00277791144567281,NA,0.2254,0.00590922736066231,6.38597042326334,6.43966992930688,2.91625656262148,8.47198608851446
54,40,"severe","85/15",0.3,"naive_re",5000,5000,0,0,0.300888965701391,0.00088896570139102,0.0412023256454568,0.161510148688773,0.6476,0.00675594908210534,NA,0.9938,0.00111009549138801,NA,NA,NA,NA
54,40,"severe","85/15",0.3,"mlma",5000,5000,0,0,0.300293070575589,0.00029307057558875,0.0672399374725781,0.263575711537957,0.938,0.00341045451516363,NA,0.9918,0.00127536347760158,NA,NA,NA,NA
54,40,"severe","85/15",0.3,"mlma_cr2",5000,5000,0,0,0.300293070575589,0.00029307057558875,0.0655981314061264,0.316497261467177,0.9514,0.0030409879973456,NA,0.9612,0.00273110087693589,6.38224011882258,6.43486483620942,3.61449027091771,7.91456630059935
55,80,"balanced","50/50",0,"naive_re",5000,5000,0,0,0.000499812829333278,0.000499812829333278,0.0193605536313234,0.0758919756763001,0.7806,0.00585258301948806,0.2194,NA,0.00585258301948806,NA,NA,NA,NA
55,80,"balanced","50/50",0,"mlma",5000,5000,0,0,0.000499812829333813,0.000499812829333813,0.0307098467306779,0.120380387125748,0.9472,0.00316266216975509,0.0528,NA,0.00316266216975509,NA,NA,NA,NA
55,80,"balanced","50/50",0,"mlma_cr2",5000,5000,0,0,0.000499812829333813,0.000499812829333813,0.0307098487165788,0.122277224602103,0.9498,0.00308804015517933,0.0502,NA,0.00308804015517933,78,78,77.9999999999999,78.0000000000001
56,80,"balanced","50/50",0.1,"naive_re",5000,5000,0,0,0.100344005599536,0.000344005599535943,0.0193513384709732,0.0758558529115037,0.782,0.00583910952115132,NA,0.9766,0.00213786996798215,NA,NA,NA,NA
56,80,"balanced","50/50",0.1,"mlma",5000,5000,0,0,0.100344005599537,0.000344005599536679,0.0306707165621315,0.120226999683628,0.9504,0.00307049963361014,NA,0.8998,0.00424640930669666,NA,NA,NA,NA
56,80,"balanced","50/50",0.1,"mlma_cr2",5000,5000,0,0,0.100344005599537,0.000344005599536679,0.030670718473626,0.122121419943134,0.9534,0.00298088711627931,NA,0.8954,0.00432802125687941,78,78,77.9999999999999,78.0000000000001
57,80,"balanced","50/50",0.3,"naive_re",5000,5000,0,0,0.299952389302343,-4.7610697657241e-05,0.019349589425613,0.0758489967796772,0.7746,0.00590922736066231,NA,1,0,NA,NA,NA,NA
57,80,"balanced","50/50",0.3,"mlma",5000,5000,0,0,0.299952389302344,-4.76106976559643e-05,0.0306766445492696,0.120250236966211,0.9436,0.00326248494249399,NA,1,0,NA,NA,NA,NA
57,80,"balanced","50/50",0.3,"mlma_cr2",5000,5000,0,0,0.299952389302344,-4.76106976559643e-05,0.0306766464369558,0.122145023279972,0.9484,0.00312849612433834,NA,1,0,78,78,77.9999999999999,78.0000000000001
58,80,"balanced","70/30",0,"naive_re",5000,5000,0,0,-0.000888098125282882,-0.000888098125282882,0.0211193902426673,0.0827864885021492,0.7862,0.00579809554940241,0.2138,NA,0.00579809554940241,NA,NA,NA,NA
58,80,"balanced","70/30",0,"mlma",5000,5000,0,0,-0.000888098125281686,-0.000888098125281686,0.0335229727876236,0.131407638636917,0.9474,0.00315699984162179,0.0526,NA,0.00315699984162179,NA,NA,NA,NA
58,80,"balanced","70/30",0,"mlma_cr2",5000,5000,0,0,-0.000888098125281686,-0.000888098125281686,0.0333995115329132,0.134660303599379,0.9498,0.00308804015517933,0.0502,NA,0.00308804015517933,43.5906271536871,43.5906271536871,43.5906271536866,43.5906271536877
59,80,"balanced","70/30",0.1,"naive_re",5000,5000,0,0,0.100706694386899,0.000706694386898743,0.0211177534443652,0.0827800723707048,0.7736,0.00591849710652966,NA,0.961,0.00273784586856163,NA,NA,NA,NA
59,80,"balanced","70/30",0.1,"mlma",5000,5000,0,0,0.100706694386901,0.000706694386901394,0.0335033704608677,0.131330798928008,0.948,0.00313993630508646,NA,0.8452,0.00511540731516074,NA,NA,NA,NA
59,80,"balanced","70/30",0.1,"mlma_cr2",5000,5000,0,0,0.100706694386901,0.000706694386901394,0.0333742454701927,0.134558435771961,0.9504,0.00307049963361014,NA,0.8272,0.00534677772120742,43.5906271536871,43.5906271536871,43.5906271536866,43.5906271536876
60,80,"balanced","70/30",0.3,"naive_re",5000,5000,0,0,0.299512260247562,-0.000487739752438265,0.0211014279339316,0.0827160775457467,0.7892,0.00576824687405107,NA,1,0,NA,NA,NA,NA
60,80,"balanced","70/30",0.3,"mlma",5000,5000,0,0,0.299512260247567,-0.000487739752432825,0.0334671113451107,0.131188665806017,0.9446,0.00323514574633045,NA,1,0,NA,NA,NA,NA
60,80,"balanced","70/30",0.3,"mlma_cr2",5000,5000,0,0,0.299512260247567,-0.000487739752432825,0.0333495050054965,0.134458687053064,0.9504,0.00307049963361014,NA,1,0,43.5906271536871,43.5906271536871,43.5906271536866,43.5906271536877
61,80,"balanced","85/15",0,"naive_re",5000,5000,0,0,0.000531350217162436,0.000531350217162436,0.0270919931169481,0.106198661557251,0.7824,0.00583524189729955,0.2176,NA,0.00583524189729955,NA,NA,NA,NA
61,80,"balanced","85/15",0,"mlma",5000,5000,0,0,0.000531350217163127,0.000531350217163127,0.0429734255219231,0.168452732630567,0.9494,0.00309966578843591,0.0506,NA,0.00309966578843591,NA,NA,NA,NA
61,80,"balanced","85/15",0,"mlma_cr2",5000,5000,0,0,0.000531350217163127,0.000531350217163127,0.0424949664778955,0.180998271654741,0.9556,0.00291302729132427,0.0444,NA,0.00291302729132427,15.1474668584935,15.1474668584935,15.1474668584934,15.1474668584936
62,80,"balanced","85/15",0.1,"naive_re",5000,5000,0,0,0.100187451773876,0.000187451773875538,0.0270751392432754,0.106132595586454,0.7818,0.00584104031829947,NA,0.8634,0.00485675694265216,NA,NA,NA,NA
62,80,"balanced","85/15",0.1,"mlma",5000,5000,0,0,0.100187451773876,0.00018745177387644,0.0429405108020152,0.168323709299406,0.9452,0.00321860093829602,NA,0.6508,0.00674180035302144,NA,NA,NA,NA
62,80,"balanced","85/15",0.1,"mlma_cr2",5000,5000,0,0,0.100187451773876,0.00018745177387644,0.0424898913204764,0.180976655101126,0.9496,0.00309385972532693,NA,0.586,0.00696568733148424,15.1474668584935,15.1474668584935,15.1474668584934,15.1474668584936
63,80,"balanced","85/15",0.3,"naive_re",5000,5000,0,0,0.301604403356897,0.00160440335689688,0.027085805011978,0.106174404631503,0.7842,0.00581773770464087,NA,1,0,NA,NA,NA,NA
63,80,"balanced","85/15",0.3,"mlma",5000,5000,0,0,0.301604403356898,0.00160440335689793,0.0429442534072889,0.168338380042496,0.9442,0.00324611644892786,NA,1,0,NA,NA,NA,NA
63,80,"balanced","85/15",0.3,"mlma_cr2",5000,5000,0,0,0.301604403356898,0.00160440335689793,0.0426070288749666,0.181475577601032,0.9502,0.00307636018697421,NA,1,0,15.1474668584935,15.1474668584935,15.1474668584934,15.1474668584936
64,80,"moderate","50/50",0,"naive_re",5000,5000,0,0,0.000476500035028317,0.000476500035028317,0.0193324374641348,0.0757817623261542,0.7304,0.00627560100707494,0.2696,NA,0.00627560100707494,NA,NA,NA,NA
64,80,"moderate","50/50",0,"mlma",5000,5000,0,0,0.000380302551162021,0.000380302551162021,0.0318712326922199,0.124932936439293,0.95,0.00308220700148449,0.05,NA,0.00308220700148449,NA,NA,NA,NA
64,80,"moderate","50/50",0,"mlma_cr2",5000,5000,0,0,0.000380302551162021,0.000380302551162021,0.0318715626825005,0.126985810101838,0.9542,0.00295642892693195,0.0458,NA,0.00295642892693195,74.8393981674663,74.960786818517,69.8706376785268,76.9071297705219
65,80,"moderate","50/50",0.1,"naive_re",5000,5000,0,0,0.0999366198407588,-6.33801592411776e-05,0.019350565300733,0.0758528221398543,0.7248,0.00631608992969543,NA,0.9646,0.00261330595223751,NA,NA,NA,NA
65,80,"moderate","50/50",0.1,"mlma",5000,5000,0,0,0.0998557373227865,-0.000144262677213541,0.031912082116993,0.125093063241982,0.9394,0.00337424480439698,NA,0.8764,0.00465452553973012,NA,NA,NA,NA
65,80,"moderate","50/50",0.1,"mlma_cr2",5000,5000,0,0,0.0998557373227865,-0.000144262677213541,0.0319139311153185,0.127154274469918,0.9438,0.00325704037432759,NA,0.8696,0.00476226500732582,74.8524208759634,74.9617456541452,70.3040388736196,77.0210311902578
66,80,"moderate","50/50",0.3,"naive_re",5000,5000,0,0,0.299775291629691,-0.000224708370309468,0.0193092687129153,0.0756909424902402,0.7334,0.0062533901205666,NA,1,0,NA,NA,NA,NA
66,80,"moderate","50/50",0.3,"mlma",5000,5000,0,0,0.300093745479161,9.37454791606895e-05,0.0318550614013152,0.12486954614378,0.9492,0.00310545842026584,NA,1,0,NA,NA,NA,NA
66,80,"moderate","50/50",0.3,"mlma_cr2",5000,5000,0,0,0.300093745479161,9.37454791606895e-05,0.0318557166950374,0.126922527321246,0.954,0.00296256645495084,NA,1,0,74.8445169448977,74.9546495698123,68.6910082332871,76.8682288754504
67,80,"moderate","70/30",0,"naive_re",5000,5000,0,0,0.000407139372383509,0.000407139372383509,0.0211198615150535,0.0827883358559569,0.7354,0.00623837863551099,0.2646,NA,0.00623837863551099,NA,NA,NA,NA
67,80,"moderate","70/30",0,"mlma",5000,5000,0,0,0.000327827298883565,0.000327827298883565,0.0347851440474294,0.136355259059999,0.9512,0.00304691844328003,0.0488,NA,0.00304691844328003,NA,NA,NA,NA
67,80,"moderate","70/30",0,"mlma_cr2",5000,5000,0,0,0.000327827298883565,0.000327827298883565,0.0347019535987045,0.140075238728421,0.9526,0.00300510365877785,0.0474,NA,0.00300510365877785,41.898286864475,41.9719769079229,36.4328634368134,46.7535268361911
68,80,"moderate","70/30",0.1,"naive_re",5000,5000,0,0,0.099766586047151,-0.000233413952849024,0.0211255866974901,0.082810778158718,0.7252,0.00631323942204,NA,0.9404,0.00334806929438445,NA,NA,NA,NA
68,80,"moderate","70/30",0.1,"mlma",5000,5000,0,0,0.100169091845134,0.000169091845133501,0.0348352047783387,0.136551493519243,0.9506,0.0030646252625729,NA,0.8118,0.00552776193409231,NA,NA,NA,NA
68,80,"moderate","70/30",0.1,"mlma_cr2",5000,5000,0,0,0.100169091845134,0.000169091845133501,0.0348004836422981,0.140475076087558,0.9538,0.00296868859936505,NA,0.7922,0.00573792924320264,41.8775117905313,41.9587939021433,36.2341831800638,46.7614551729632
69,80,"moderate","70/30",0.3,"naive_re",5000,5000,0,0,0.300434346072736,0.00043434607273618,0.0211242927239744,0.0828057058757426,0.7262,0.00630608531499535,NA,1,0,NA,NA,NA,NA
69,80,"moderate","70/30",0.3,"mlma",5000,5000,0,0,0.300399606356937,0.000399606356936755,0.034806093012063,0.136437377492389,0.9474,0.00315699984162179,NA,1,0,NA,NA,NA,NA
69,80,"moderate","70/30",0.3,"mlma_cr2",5000,5000,0,0,0.300399606356937,0.000399606356936755,0.0347286048183504,0.140184545178257,0.9508,0.00305873699425106,NA,1,0,41.8777058429787,41.9602749074997,36.6733232750274,46.3815815563031
70,80,"moderate","85/15",0,"naive_re",5000,5000,0,0,0.000551002528488701,0.000551002528488701,0.0272688842176098,0.106892061930216,0.713,0.00639735883001728,0.287,NA,0.00639735883001728,NA,NA,NA,NA
70,80,"moderate","85/15",0,"mlma",5000,5000,0,0,0.000370094419505581,0.000370094419505581,0.0446592401697632,0.175061004619321,0.9442,0.00324611644892786,0.0558,NA,0.00324611644892786,NA,NA,NA,NA
70,80,"moderate","85/15",0,"mlma_cr2",5000,5000,0,0,0.000370094419505581,0.000370094419505581,0.0439739508566736,0.188005882089837,0.952,0.00302311098043059,0.048,NA,0.00302311098043059,14.5299619634448,14.5556039262425,12.6478516747429,16.125132494172
71,80,"moderate","85/15",0.1,"naive_re",5000,5000,0,0,0.0997000127203757,-0.000299987279624339,0.027259690273925,0.106856022333219,0.722,0.00633586616020257,NA,0.8256,0.00536627692166552,NA,NA,NA,NA
71,80,"moderate","85/15",0.1,"mlma",5000,5000,0,0,0.0994292007335874,-0.000570799266412639,0.0446836636001826,0.175156742707323,0.9432,0.00327333957908433,NA,0.5924,0.00694927679690484,NA,NA,NA,NA
71,80,"moderate","85/15",0.1,"mlma_cr2",5000,5000,0,0,0.0994292007335874,-0.000570799266412639,0.0441695230961478,0.188831139093329,0.9534,0.00298088711627931,NA,0.5344,0.0070543127234338,14.5388948579825,14.5585246400845,12.4768984182142,15.9654443967948
72,80,"moderate","85/15",0.3,"naive_re",5000,5000,0,0,0.300119035346541,0.000119035346540897,0.0272166880007028,0.106687456519682,0.732,0.006263800763115,NA,1,0,NA,NA,NA,NA
72,80,"moderate","85/15",0.3,"mlma",5000,5000,0,0,0.300209247814054,0.000209247814053737,0.0446264137092039,0.174932327258448,0.9474,0.00315699984162179,NA,1,0,NA,NA,NA,NA
72,80,"moderate","85/15",0.3,"mlma_cr2",5000,5000,0,0,0.300209247814054,0.000209247814053737,0.044088764004686,0.188489591427202,0.951,0.00305283474822991,NA,1,0,14.5371239135433,14.5572882404245,12.2672873630535,15.9593127783635
73,80,"severe","50/50",0,"naive_re",5000,5000,0,0,-0.000523843792924254,-0.000523843792924254,0.0193395148060719,0.0758095049967602,0.5836,0.00697152838336042,0.4164,NA,0.00697152838336042,NA,NA,NA,NA
73,80,"severe","50/50",0,"mlma",5000,5000,0,0,-0.000664418636987535,-0.000664418636987535,0.0341518173022053,0.133872663837829,0.945,0.0032241277890307,0.055,NA,0.0032241277890307,NA,NA,NA,NA
73,80,"severe","50/50",0,"mlma_cr2",5000,5000,0,0,-0.000664418636987535,-0.000664418636987535,0.0341506232938302,0.136142513610973,0.949,0.00311123769583746,0.051,NA,0.00311123769583746,72.3298630796888,72.7273921073878,52.8452223408703,76.6489940699839
74,80,"severe","50/50",0.1,"naive_re",5000,5000,0,0,0.099924260437108,-7.5739562892016e-05,0.0193653726658704,0.0759108659446046,0.5904,0.00695453578608954,NA,0.9086,0.00407543960818953,NA,NA,NA,NA
74,80,"severe","50/50",0.1,"mlma",5000,5000,0,0,0.0998535637841503,-0.000146436215849657,0.0341443309355778,0.133843317819898,0.9406,0.00334280241713446,NA,0.8248,0.00537596428559566,NA,NA,NA,NA
74,80,"severe","50/50",0.1,"mlma_cr2",5000,5000,0,0,0.0998535637841503,-0.000146436215849657,0.0341407743995516,0.13610379761987,0.9456,0.0032075111847038,NA,0.8178,0.00545899551199669,72.3092134005334,72.7411577585596,53.5691071497136,76.7556856841705
75,80,"severe","50/50",0.3,"naive_re",5000,5000,0,0,0.299874223142431,-0.000125776857568927,0.0193090388988744,0.0756900416357534,0.593,0.00694767587039004,NA,1,0,NA,NA,NA,NA
75,80,"severe","50/50",0.3,"mlma",5000,5000,0,0,0.300164476967207,0.00016447696720695,0.0341043621236023,0.133686642955945,0.94,0.00335857112474933,NA,1,0,NA,NA,NA,NA
75,80,"severe","50/50",0.3,"mlma_cr2",5000,5000,0,0,0.300164476967207,0.00016447696720695,0.0341008781729159,0.135944828957268,0.9462,0.00319078548323136,NA,1,0,72.3074225047169,72.7350863366171,55.1858186235445,76.5504428140499
76,80,"severe","70/30",0,"naive_re",5000,5000,0,0,-0.00012589976596216,-0.00012589976596216,0.0212201239068989,0.0831813572099985,0.5982,0.00693335070510644,0.4018,NA,0.00693335070510644,NA,NA,NA,NA
76,80,"severe","70/30",0,"mlma",5000,5000,0,0,7.15564119483352e-06,7.15564119483352e-06,0.0371909355652432,0.145785788518453,0.946,0.00319637294444813,0.054,NA,0.00319637294444813,NA,NA,NA,NA
76,80,"severe","70/30",0,"mlma_cr2",5000,5000,0,0,7.15564119483352e-06,7.15564119483352e-06,0.0370207964851352,0.149592037895544,0.9506,0.0030646252625729,0.0494,NA,0.0030646252625729,40.4483410443093,40.6097512487966,29.9406913393627,46.0462131597433
77,80,"severe","70/30",0.1,"naive_re",5000,5000,0,0,0.100535570492328,0.000535570492327622,0.021203215345992,0.0831150768691826,0.588,0.00696068962100739,NA,0.8804,0.00458902691210239,NA,NA,NA,NA
77,80,"severe","70/30",0.1,"mlma",5000,5000,0,0,0.101431890825963,0.00143189082596289,0.0371669369400528,0.14569171563635,0.9426,0.0032895361375124,NA,0.7766,0.00589054225008191,NA,NA,NA,NA
77,80,"severe","70/30",0.1,"mlma_cr2",5000,5000,0,0,0.101431890825963,0.00143189082596289,0.0370923961846976,0.149880682500339,0.9472,0.00316266216975509,NA,0.7562,0.00607225757029459,40.4565560228398,40.6180489214954,30.1865754712081,46.2403703285513
78,80,"severe","70/30",0.3,"naive_re",5000,5000,0,0,0.301436524920363,0.00143652492036278,0.021224754210044,0.0831995076648022,0.583,0.00697296206787331,NA,1,0,NA,NA,NA,NA
78,80,"severe","70/30",0.3,"mlma",5000,5000,0,0,0.300983976885289,0.000983976885288951,0.0371772532694896,0.145732154904647,0.9482,0.0031342227106573,NA,1,0,NA,NA,NA,NA
78,80,"severe","70/30",0.3,"mlma_cr2",5000,5000,0,0,0.300983976885289,0.000983976885288951,0.0371495394214751,0.150110365877604,0.955,0.00293172304285381,NA,1,0,40.4677249240093,40.6180973799515,32.3229397428524,45.7108774021375
79,80,"severe","85/15",0,"naive_re",5000,5000,0,0,0.000681180755360091,0.000681180755360091,0.0280271076852664,0.109864243307896,0.6122,0.00689073522927706,0.3878,NA,0.00689073522927706,NA,NA,NA,NA
79,80,"severe","85/15",0,"mlma",5000,5000,0,0,-0.000297833165141974,-0.000297833165141974,0.0478593689095891,0.187605278771221,0.9482,0.0031342227106573,0.0518,NA,0.0031342227106573,NA,NA,NA,NA
79,80,"severe","85/15",0,"mlma_cr2",5000,5000,0,0,-0.000297833165141974,-0.000297833165141974,0.0474491645308202,0.203442086600266,0.9556,0.00291302729132427,0.0444,NA,0.00291302729132427,14.0749010291192,14.128061905388,10.1179686553994,16.2427476707381
80,80,"severe","85/15",0.1,"naive_re",5000,5000,0,0,0.0993056725371356,-0.000694327462864436,0.0280147214665836,0.10981569022285,0.6146,0.00688283139412844,NA,0.7646,0.0059997806626576,NA,NA,NA,NA
80,80,"severe","85/15",0.1,"mlma",5000,5000,0,0,0.0995790506568873,-0.00042094934311275,0.0477994233507779,0.187370296498615,0.9468,0.00317394895989208,NA,0.546,0.00704107946269604,NA,NA,NA,NA
80,80,"severe","85/15",0.1,"mlma_cr2",5000,5000,0,0,0.0995790506568873,-0.00042094934311275,0.0472267476704557,0.202489745593751,0.9524,0.00301112072159188,NA,0.489,0.00706935640634987,14.0690879154551,14.1291739983612,10.7697264868545,15.7428334374588
81,80,"severe","85/15",0.3,"naive_re",5000,5000,0,0,0.299829667387918,-0.00017033261208188,0.0280086655171776,0.109791951337394,0.6192,0.00686718807081909,NA,0.9998,0.000199979998999889,NA,NA,NA,NA
81,80,"severe","85/15",0.3,"mlma",5000,5000,0,0,0.300339989816534,0.000339989816534103,0.0477449068966458,0.187156595925288,0.9474,0.00315699984162179,NA,1,0,NA,NA,NA,NA
81,80,"severe","85/15",0.3,"mlma_cr2",5000,5000,0,0,0.300339989816534,0.000339989816534103,0.0469166689899355,0.201167015198014,0.9502,0.00307636018697421,NA,0.9996,0.000282786138274123,14.0660800557546,14.1249489628259,10.8880226788484,15.8611213927925
