"variant_id","method","target","n","rmse","mae","mean_signed_error","median_ape","spearman","max_abs_error","calibration_intercept","calibration_slope","r2"
"het_tau0.05_omega0.05_rho0.20",NA,"mlma_empirical_variance",100,0.00647216220264832,0.00438430392346056,-0.0043797957771068,0.797159080063817,0.712655265526553,0.0236650711281009,0.00288495648605375,2.34396265355036,0.40671787497681
"het_tau0.10_omega0.10_rho0.20",NA,"mlma_empirical_variance",100,0.00509481743047474,0.00319187990743516,-0.00298297821486937,0.514715800213628,0.73989798979898,0.0193429284164839,0.000600286939857025,1.94962743102479,0.594973768140849
"het_tau0.20_omega0.20_rho0.20",NA,"mlma_empirical_variance",100,0.0042092611861766,0.0030550355819259,0.00241293032780812,0.744750306500514,0.724020402040204,0.0132750508720726,-0.000890454532280429,0.807403164342782,0.65648849370127
"het_tau0.05_omega0.05_rho0.50",NA,"mlma_empirical_variance",100,0.00615455950895638,0.00415697381970466,-0.00414287377535453,0.747545622171744,0.692601260126013,0.023612604546219,0.0028293284081726,1.97358466811985,0.44506310357455
"het_tau0.10_omega0.10_rho0.50",NA,"mlma_empirical_variance",100,0.00477235117255776,0.00301590115155354,-0.00272400918452821,0.481108102139868,0.736165616561656,0.0180897107721923,0.00073448038471585,1.71874765120479,0.616114565943548
"het_tau0.20_omega0.20_rho0.50",NA,"mlma_empirical_variance",100,0.00433712559346809,0.00316011613413167,0.00269803643568953,0.790474767215534,0.72998499849985,0.0145036517726501,-0.00093601101646824,0.784858969744451,0.682048812111166
"het_tau0.05_omega0.05_rho0.80",NA,"mlma_empirical_variance",100,0.0058900182336712,0.00395131818879558,-0.00392279773139812,0.709512572524396,0.674995499549955,0.0235697436766634,0.00291947491388931,1.63936024258627,0.450455923619832
"het_tau0.10_omega0.10_rho0.80",NA,"mlma_empirical_variance",100,0.00451540775608201,0.00288979829519783,-0.00248159675195234,0.438538278646771,0.733405340534053,0.0180229045001343,0.00099393208371002,1.49416497927019,0.611233627231059
"het_tau0.20_omega0.20_rho0.80",NA,"mlma_empirical_variance",100,0.00453380553912705,0.00333105351155171,0.0029710706899146,0.854058293280065,0.732097209720972,0.0159994903164872,-0.00090350231774072,0.755696932569788,0.697381350036445
"het_oracle",NA,"mlma_empirical_variance",100,0.000178286814039618,0.000111546231383959,-2.64743429818689e-05,0.0152902738653974,0.998031803180318,0.000621333275475786,3.11996782883635e-05,0.999135438162861,0.999005481656033
