"scenario_id","scenario_set","pair_id","pair_class","J","J0","J1","N_total","K_total","alignment_pattern","alignment_strength","nk_mode","rho_true","tau","omega","I_C_star","J0_star","J1_star","nu_C_star","predicted_variance","predicted_se","metric_status"
1,"broad",NA,NA,36,27,9,9961,159,"n_minority",0.601719927269296,"independent",0.528381075495854,0.146718092065479,0.0661716804737225,14291.9185535866,19.3367182035899,5.9092178750291,13.6869602995081,0.00027987844913909,0.0167295681097597,"ok"
2,"broad",NA,NA,72,50,22,12194,332,"n_majority",0.521268129811506,"negative",0.37844381217612,0.134981860155822,0.126372454819968,12351.4844562263,45.6039995825514,17.7575436249841,28.340304359957,0.000323847713542125,0.0179957693234306,"ok"
3,"broad",NA,NA,60,41,19,25460,322,"nk_minority",0.875806031678658,"independent",0.428818386686035,0.123539096849214,0.119197474338929,39873.1246505416,36.1756629262617,16.8621304424385,42.2893252327221,0.000100318197659628,0.0100158972468585,"ok"
4,"broad",NA,NA,72,55,17,36585,245,"n_majority",0.659044230544241,"positive",0.41817113694502,0.163687455617764,0.10674967614701,27417.6728517442,32.6196794963293,6.84974805969533,7.82179245855678,0.00014589130235922,0.0120785471957194,"ok"
5,"broad",NA,NA,96,66,30,14650,593,"n_majority",0.69960644200517,"negative",0.592471749645192,0.184341202856973,0.116892401734658,11962.4234025281,49.1418091933105,16.1644355500067,21.2857484152546,0.000334380406494779,0.018286071379462,"ok"
6,"broad",NA,NA,72,48,24,18347,298,"n_minority",0.760634647838742,"independent",0.213470312964637,0.231286168812134,0.187023835308442,25743.0445684125,44.0960749046357,20.2732490865408,46.5125693711712,0.000155381776594837,0.0124652226853289,"ok"
7,"broad",NA,NA,48,35,13,9336,111,"nk_majority",0.466098366908263,"independent",0.585632913543377,0.103844114408887,0.123868023261835,9047.36298773763,19.2067433198043,5.79140470539298,8.4970571557399,0.000442117775690156,0.0210265968642136,"ok"
8,"broad",NA,NA,60,44,16,9953,311,"n_majority",0.486944134375808,"independent",0.852774591918569,0.153668300253456,0.17788872561889,10762.8701605039,42.5113546591214,14.518232011545,22.6147092712272,0.000371648077171705,0.0192781761889372,"ok"
9,"broad",NA,NA,36,26,10,6409,160,"independent",0,"independent",0.607085521749686,0.0444537754575722,0.0768640428170911,7863.23741360322,19.8450790113413,8.16196032021775,12.9165210569602,0.000508696328191756,0.0225542973331416,"ok"
10,"broad",NA,NA,48,30,18,21323,122,"n_majority",0.56738610820059,"positive",0.744737309182528,0.111593359854189,0.0927237351971562,22163.5456872347,11.7888196267778,5.23449269313837,6.76720484309998,0.000180476538205881,0.0134341556566046,"ok"
11,"broad",NA,NA,96,63,33,52269,642,"nk_majority",0.781688868174388,"independent",0.434246349676978,0.119276303030318,0.185123343627725,69168.5713619609,46.9452139349017,19.2021347847147,31.5670659129986,5.78297327997119e-05,0.00760458630036584,"ok"
12,"broad",NA,NA,48,29,19,5345,205,"n_majority",0.809123996472626,"positive",0.544501145330723,0.172458395538735,0.0797731818458415,5101.60331488216,11.7616107931133,4.42654238231685,4.95804241786822,0.000784067233987281,0.0280012005811765,"ok"
13,"broad",NA,NA,72,60,12,15236,284,"nk_majority",0.884390638585755,"independent",0.673240457929205,0.229541176174826,0.195861830492737,5990.01051061402,44.0349711814353,11.2176608428012,11.948317415817,0.000667778460974682,0.0258414098101222,"ok"
14,"broad",NA,NA,60,45,15,17117,356,"nk_majority",0.775819862656063,"independent",0.243941784126218,0.0701158740626415,0.111340670826961,15531.4906973111,42.8804903039252,13.8560523114728,19.1095655241911,0.000257541280354531,0.0160480927326125,"ok"
15,"broad",NA,NA,30,21,9,5999,143,"nk_majority",0.841615885188366,"positive",0.405208183205687,0.160151764917653,0.153768339852511,3508.63960845115,5.31415314999927,2.42358223765458,1.72915477707515,0.00114004299283555,0.0337645226952129,"ok"
16,"broad",NA,NA,72,51,21,7250,356,"nk_majority",0.793759378690738,"negative",0.627106562182307,0.113919756231597,0.212428436127957,8014.07193641926,21.9061154589303,15.4381073719191,23.0300099833786,0.000499122048283887,0.0223410395524445,"ok"
17,"broad",NA,NA,96,62,34,25964,280,"n_minority",0.738013976447692,"independent",0.324376821711194,0.100703542241827,0.235210100066848,34485.1628301611,60.1004552915635,33.0246512860796,70.2027656463623,0.000115991912803194,0.0107699541690387,"ok"
18,"broad",NA,NA,48,31,17,11574,313,"n_minority",0.511759812331002,"independent",0.518314002668485,0.169108978163276,0.0865515263156267,19269.7334927075,28.9792003790339,15.0847448578038,36.2077802736186,0.00020757941470824,0.0144076165519575,"ok"
19,"broad",NA,NA,48,41,7,34313,355,"n_minority",0.672100541869877,"positive",0.25634091545362,0.202640794189123,0.231093502585834,42186.4925462584,38.5217730850911,6.44021345343,8.95849221838166,9.48170790831665e-05,0.00973740617840124,"ok"
20,"broad",NA,NA,96,56,40,29018,504,"nk_majority",0.745270909648243,"independent",0.160948550815228,0.180138721761643,0.0416369532622048,35343.9566479885,28.4234402344873,9.07837798808158,14.8328584210747,0.000113173520436277,0.0106383043966732,"ok"
21,"broad",NA,NA,48,40,8,17785,134,"n_majority",0.455081338501186,"independent",0.772091077247169,0.208763946753286,0.165091698135424,14309.9335215293,26.0083835491504,4.6145857120517,5.19998162483374,0.0002795261063919,0.0167190342541637,"ok"
22,"broad",NA,NA,24,17,7,5162,138,"independent",0,"negative",0.806426519919187,0.127148411708593,0.197819388696109,6952.38610106147,16.7662713917238,6.9741280481206,11.5554312127226,0.000575342039676031,0.0239862885765187,"ok"
23,"broad",NA,NA,48,43,5,11204,145,"nk_majority",0.557801624679996,"independent",0.195337073490955,0.2057130501215,0.240227726177021,4337.8084525103,39.1170335672574,4.60322656759098,4.23441073864947,0.000922124626707568,0.0303665050130496,"ok"
24,"broad",NA,NA,60,51,9,7938,475,"n_majority",0.927532995010406,"independent",0.860921317723114,0.139510252764914,0.0755782889822149,1036.60236224059,14.2513991808027,8.92720365936953,8.24821207449342,0.0038587602591934,0.062118920299643,"ok"
25,"broad",NA,NA,72,62,10,30933,325,"nk_majority",0.404593055659789,"independent",0.63577596191084,0.143420414433,0.133204529132927,15108.441117069,33.7701439974404,6.58290983827207,6.76661131404841,0.000264752661707827,0.0162712218873638,"ok"
26,"broad",NA,NA,96,70,26,53599,349,"nk_minority",0.646567449558788,"independent",0.444081783695147,0.0513763091981527,0.0382065360797569,82895.3470845484,42.248126773181,15.4485111049482,47.7346786928614,4.82536130275229e-05,0.00694648206126835,"ok"
27,"broad",NA,NA,24,15,9,8702,62,"nk_minority",0.390402126893168,"independent",0.668099221696612,0.165371831801138,0.243402527937957,10670.9282449128,13.7458115382456,7.4853267744055,15.9043337053948,0.000374850238722853,0.0193610495253448,"ok"
28,"broad",NA,NA,36,32,4,11339,200,"nk_majority",0.615763296278455,"independent",0.501674748775549,0.0623919555732282,0.169978652334248,8915.7276468581,23.8805071308118,1.89837886265491,1.20579372819135,0.00044864537796975,0.0211812506233638,"ok"
29,"broad",NA,NA,96,61,35,24182,207,"n_majority",0.429224819510127,"positive",0.308701139867771,0.0934063568943529,0.150944627601013,27558.9705923249,27.3026061436199,15.4704148635646,25.2929870017028,0.000145143302308759,0.0120475434138566,"ok"
30,"broad",NA,NA,30,20,10,4193,62,"nk_minority",0.689783707891329,"positive",0.699293283105362,0.123074110157264,0.159079275184253,5599.98947272352,16.3299323641646,8.74637924396851,20.4883798427473,0.000714287057053095,0.0267261493121081,"ok"
31,"broad",NA,NA,30,23,7,15644,111,"independent",0,"negative",0.336679880956653,0.155157143229502,0.0443361531299888,16119.0738842654,12.5778468239604,4.42150851205236,7.07044857344499,0.000248153214553138,0.0157528795638492,"ok"
32,"broad",NA,NA,120,97,23,14492,820,"nk_minority",0.709691864178021,"negative",0.704492714321241,0.109118884925323,0.203289144102833,15212.0197498516,82.6419870993003,18.3837063051302,30.2818677658336,0.000262949961002978,0.0162157318984675,"ok"
33,"broad",NA,NA,60,38,22,5173,453,"n_minority",0.58221865759624,"negative",0.152681913743727,0.0771792818933609,0.161043396765599,7398.4931966611,32.5536287765866,18.1459843272788,43.8584553364504,0.000540650628942279,0.0232518951688304,"ok"
34,"broad",NA,NA,36,23,13,5345,63,"independent",0,"positive",0.727511764313094,0.222813236181915,0.178965812379494,6569.22521167946,12.0195241424444,8.94652650512622,16.2114460822142,0.000608899812551468,0.0246758953748687,"ok"
35,"broad",NA,NA,48,38,10,4867,153,"n_minority",0.944746744867152,"negative",0.368760630753823,0.131627704519255,0.114501901405514,4944.43286381047,36.9576550003816,9.93419482715184,15.4399436168478,0.000808990658822974,0.0284427610970344,"ok"
36,"broad",NA,NA,36,25,11,12804,137,"n_majority",0.900602563876164,"positive",0.81210922828177,0.189435953683453,0.13503621896432,6693.04670729179,16.4013186231013,8.53354610684325,9.03775490575497,0.00059763515405356,0.0244465775529737,"ok"
37,"broad",NA,NA,60,36,24,37106,440,"nk_minority",0.462509987986996,"negative",0.390906514199451,0.225731541872432,0.164344575180497,58090.8713450261,23.7511571554259,18.4420733585674,37.6398388599576,6.88576347261572e-05,0.00829805005565507,"ok"
38,"broad",NA,NA,30,20,10,14814,152,"independent",0,"negative",0.488871532636695,0.24849709042866,0.0593117249502102,17781.4583789843,19.8026188588779,9.87847330274547,17.6649318595751,0.00022495342703316,0.0149984474874288,"ok"
39,"broad",NA,NA,96,56,40,38580,257,"n_minority",0.653453153841401,"negative",0.286948142386973,0.174278220593988,0.0707818103544996,51496.4121949298,55.8507370782989,39.7907054928346,84.1241800962185,7.76753142502193e-05,0.00881335998641944,"ok"
40,"broad",NA,NA,60,53,7,8132,350,"n_minority",0.417800639054331,"independent",0.274321816812735,0.241996149487677,0.0614221795951016,8990.10632798629,40.3170238240564,4.22279465526555,5.22030601732497,0.000444933558521767,0.021093448236876,"ok"
41,"broad",NA,NA,48,44,4,4679,226,"n_majority",0.958990744604525,"independent",0.643864973161835,0.0403946092121769,0.121462737824477,313.395814368899,9.89347229635054,3.92,2.99367979865743,0.0127634123258953,0.112975273072895,"ok"
42,"broad",NA,NA,24,18,6,2868,131,"n_minority",0.408140703479439,"negative",0.292788978281897,0.207262940041488,0.0492448356668465,3053.60455422842,12.4961440773313,3.14596361457417,4.60444897673293,0.00130992731015582,0.0361929179558076,"ok"
43,"broad",NA,NA,30,17,13,11839,225,"nk_minority",0.80417313663027,"positive",0.128321844791062,0.033191065131221,0.107813337115222,16602.1667401102,13.2003496868931,8.55078509849028,18.7262738520267,0.000240932407354768,0.0155219975310772,"ok"
44,"broad",NA,NA,30,21,9,6831,121,"n_minority",0.546283832488261,"independent",0.717263656293508,0.235035443684785,0.21995771293994,9377.10402044482,20.9017064454902,8.95961823982509,15.7620364619015,0.000426570931844078,0.0206535936786816,"ok"
45,"broad",NA,NA,24,16,8,3128,170,"n_minority",0.682867921954748,"positive",0.532821686947718,0.0578786345579429,0.224547301560757,3041.02690484634,11.8722091489193,1.58267033100471,9.2462326243001,0.00131534515318671,0.0362676874529754,"ok"
46,"broad",NA,NA,120,93,27,22299,585,"n_majority",0.358030616192118,"negative",0.139815547391772,0.0980491817670409,0.248308668094222,16585.0212710797,72.074715897701,11.040135374847,15.1300653208613,0.000241181481447663,0.0155300187201324,"ok"
47,"broad",NA,NA,96,77,19,13786,628,"n_minority",0.975317383124056,"independent",0.180916420351714,0.220655136180809,0.100642850187607,20953.4997357757,53.5643725202091,11.6453929235615,49.6612333589288,0.000190898897579886,0.0138166167197287,"ok"
48,"broad",NA,NA,36,32,4,3313,116,"nk_minority",0.592951685863518,"independent",0.618860845749732,0.198264266663173,0.152062931929657,3136.31882352941,13.8550681418466,2.11437328982504,1.73285830928805,0.00127538054166912,0.0357124703943751,"ok"
49,"broad",NA,NA,36,20,16,25568,68,"independent",0,"positive",0.111598732480779,0.191422047653585,0.192527133278258,27854.9140052521,12.8988810571842,9.9740808167002,15.4181058896958,0.000143601233134153,0.0119833731951464,"ok"
50,"broad",NA,NA,60,47,13,41074,415,"n_minority",0.377674776375643,"negative",0.658202709793113,0.088919751532143,0.0714645735999802,48880.3224133369,45.9648720781431,12.6051253649932,19.1947502544557,8.18325207877232e-05,0.00904613291897279,"ok"
51,"broad",NA,NA,120,110,10,38250,423,"nk_minority",0.634302391583042,"negative",0.466436469387263,0.0421802866184153,0.210435306443425,18251.6280604853,109.944433216419,9.99606497101692,10.7323930145429,0.000219158531323569,0.0148040038950133,"ok"
52,"broad",NA,NA,72,41,31,11544,554,"independent",0,"negative",0.849764391928911,0.117962273352721,0.0319425661808928,19075.4308655407,12.6603174715584,15.2865283699409,25.9460788090663,0.000209693821764513,0.0144808087400018,"ok"
53,"broad",NA,NA,48,34,14,12531,150,"n_minority",0.887643698381144,"negative",0.226428564784583,0.132502243192983,0.215038244428462,9770.04503270403,28.6632990451995,5.73138517790543,29.954742063583,0.000409414694262973,0.0202339984744235,"ok"
54,"broad",NA,NA,24,19,5,10924,136,"nk_majority",0.998285964026873,"positive",0.388472439916804,0.105794934902806,0.0499364083755063,1361.81662425044,6.32974837907241,4.71671783421714,3.85270402975354,0.00293725302567931,0.0541964300086206,"ok"
55,"broad",NA,NA,36,20,16,16955,229,"independent",0,"independent",0.238304410446435,0.245371027423302,0.083682088773814,26110.0034128549,11.624321743971,7.5151577136899,12.9091033359119,0.000153197988401283,0.0123773174961816,"ok"
56,"broad",NA,NA,36,31,5,7960,225,"n_majority",0.5431327748482,"positive",0.577102429603692,0.240351655793202,0.207334276292822,557.135427158417,6.40307075786094,4.21740160090939,3.28141084247143,0.0071795829254682,0.0847324195657613,"ok"
57,"broad",NA,NA,120,100,20,74049,233,"nk_minority",0.474315912885795,"positive",0.452889396594837,0.0667798782069585,0.226611853538663,77394.6026129252,79.9191361606099,15.1848265303287,26.1494366268952,5.16831906225459e-05,0.0071891022125538,"ok"
58,"broad",NA,NA,24,19,5,9313,39,"n_majority",0.433208510180266,"negative",0.730740077148657,0.0870168253126321,0.200678958413657,7228.03495462621,18.6596833998998,4.84084583156586,6.25672489472851,0.000553400754853828,0.0235244714043446,"ok"
59,"broad",NA,NA,72,45,27,6330,436,"n_majority",0.397347981903586,"independent",0.873216608576477,0.0913032407094724,0.237097826120909,7883.44717763023,18.7014662012093,13.546112679436,21.0411482253695,0.000507392249846012,0.0225253690279652,"ok"
60,"broad",NA,NA,120,74,46,58417,504,"nk_minority",0.903121826498973,"positive",0.797499532529619,0.0717112309009535,0.218780506858486,66895.4822470924,53.6277324845007,29.0660065239942,75.2920453973458,5.9794770373658e-05,0.00773270782932201,"ok"
61,"broad",NA,NA,30,24,6,17657,153,"nk_minority",0.835937451204663,"positive",0.315327940878924,0.0837493490126217,0.245047858642763,19400.2263458274,23.9891347724847,5.996899139521,7.86360465738881,0.000206183161407306,0.0143590794066787,"ok"
62,"broad",NA,NA,120,71,49,15215,187,"n_majority",0.92572281611283,"positive",0.829022548573557,0.182911875799531,0.181677785408159,13388.3362287263,59.4719576928973,44.8331681738396,72.5829102948604,0.000298767519104989,0.0172848927999276,"ok"
63,"broad",NA,NA,120,67,53,13165,464,"nk_minority",0.825101711107563,"negative",0.560433143645059,0.075437255828816,0.0981575024570921,16169.2933257857,66.5360938896752,52.5113556806668,113.127295166995,0.000247382487249524,0.0157283974787492,"ok"
64,"broad",NA,NA,30,27,3,8834,63,"independent",0,"positive",0.340607614526525,0.149962338633835,0.147841069786751,3940.08337566181,13.4436335981023,2.95057264493322,2.34714606948043,0.00101520694326123,0.0318623122711021,"ok"
65,"broad",NA,NA,120,104,16,39422,281,"independent",0,"negative",0.478952641701326,0.217219139073335,0.0950645271357498,21476.9412805888,93.5180374401622,13.5031932724414,16.247078909766,0.00018624626047729,0.0136472070577569,"ok"
66,"broad",NA,NA,60,46,14,12121,468,"nk_minority",0.515959765618172,"positive",0.899775013492908,0.0643432755535469,0.0891852131107007,21739.7139149066,23.7032652597482,7.64854493017525,20.6960967360828,0.000183995061556779,0.0135644779315969,"ok"
67,"broad",NA,NA,30,27,3,17358,215,"nk_minority",0.965631506986683,"negative",0.835111230243929,0.196923574743734,0.14005983297393,14875.5092241508,10.6641689857415,1.52328675903397,0.763434225798189,0.000268898357678128,0.0163981205532259,"very_low_df"
68,"broad",NA,NA,96,88,8,75450,535,"independent",0,"positive",0.174440973286983,0.0364305123803206,0.0538877677897108,22549.9218470122,49.403546269573,4.77123793333112,4.14080096943768,0.000177384206789612,0.0133185662437671,"ok"
69,"broad",NA,NA,120,99,21,9843,722,"independent",0,"positive",0.354555232615676,0.0471127180070034,0.138265020957915,9220.95585882867,97.8814656752358,20.9220511102754,28.7354498888891,0.00043379450690789,0.0208277340800167,"ok"
70,"broad",NA,NA,24,18,6,3759,191,"nk_majority",0.533540162603313,"negative",0.781375711171422,0.0543217562597129,0.129048731125949,4238.7827511434,14.9892675616206,5.26198749415077,7.82398101040166,0.000943667140978388,0.0307191656946993,"ok"
71,"broad",NA,NA,96,80,16,8113,693,"nk_majority",0.910625470752275,"independent",0.205308859641664,0.213575162371213,0.228681360768736,3874.55935496831,62.9417343434876,14.7581331778552,16.1223712856185,0.0010323754609336,0.032130600071172,"ok"
72,"broad",NA,NA,24,20,4,17781,184,"independent",0,"positive",0.75656509864144,0.194683352707478,0.143349958365085,18474.9626198623,19.144856627048,3.80850055720611,4.14081329381669,0.000216509233729092,0.0147142527411042,"ok"
73,"broad",NA,NA,36,26,10,27253,129,"nk_minority",0.731284637813515,"positive",0.14695989865344,0.23671525384672,0.0350981061042985,42391.0050940463,19.2407851826532,7.87955330162755,22.0837461375377,9.43596404738654e-05,0.00971388904990506,"ok"
74,"broad",NA,NA,24,19,5,4419,161,"independent",0,"negative",0.105964556003455,0.0571625884140958,0.0549497176372679,4894.62560551166,18.7186782302202,4.90292940509065,6.09000530011293,0.000817222873082621,0.0285871102611408,"ok"
75,"broad",NA,NA,120,99,21,12570,341,"nk_majority",0.439426729340485,"positive",0.552497545813676,0.142118609268218,0.0394588745055953,3530.68862600066,24.2802815196326,5.73365796074959,5.19796497855446,0.0011329234672645,0.0336589284925189,"ok"
76,"broad",NA,NA,24,14,10,8115,80,"independent",0,"positive",0.76235441515455,0.0313441957726609,0.192073641190422,11503.3331462026,12.6081532265842,7.62381259981624,13.719292093334,0.000347725302671988,0.0186473939914399,"ok"
77,"broad",NA,NA,72,43,29,47017,505,"n_minority",0.750535186187044,"positive",0.498734739669599,0.176490553306649,0.171848928212712,76056.4385667838,37.771450561126,26.2474505606859,61.9948029568383,5.25925230707151e-05,0.00725207026101616,"ok"
78,"broad",NA,NA,72,59,13,48381,120,"nk_majority",0.982951246714801,"negative",0.68471891913563,0.0804864643044421,0.10321317812975,18407.4995292664,37.7616290539837,8.96587146749691,9.70059959425048,0.000217302735422611,0.0147411917911209,"ok"
79,"broad",NA,NA,60,53,7,5571,386,"independent",0,"negative",0.885474214099813,0.214808533654199,0.0641132303139893,3227.45548713856,52.3933465740878,6.77226744692081,7.25349096017935,0.0012393664346232,0.0352046365500796,"ok"
80,"broad",NA,NA,30,18,12,3421,72,"nk_majority",0.369360870762466,"negative",0.269956668626983,0.156783523437567,0.173128214054042,3833.08594856421,11.8570611765215,10.3137476188958,18.6724756605543,0.00104354560624927,0.032303956510763,"ok"
81,"targeted",1,"A",24,21,3,10325,140,"n_majority",1,"negative",0.759001535363495,0.189456066531129,0.177847274914384,470.675029790948,14.455492196387,2.85356743813363,1.88839805405328,0.00849843256349634,0.0921869435630466,"ok"
82,"targeted",1,"A",24,21,3,10325,140,"n_minority",1,"negative",0.759001535363495,0.189456066531129,0.177847274914384,10836.7311372508,15.0338364974304,2.58522048227889,3.20110029101686,0.000369114998733351,0.0192123657765865,"ok"
83,"targeted",2,"A",60,47,13,20006,224,"n_majority",1,"independent",0.207200364582241,0.243872763770632,0.176301120710559,3067.61551330669,18.231049720219,11.4800801523977,11.0245603755039,0.001303944377204,0.0361101699968858,"ok"
84,"targeted",2,"A",60,47,13,20006,224,"n_minority",1,"independent",0.207200364582241,0.243872763770632,0.176301120710559,28229.23145335,29.2286519040225,8.90961824293529,33.0442459558731,0.000141697091775601,0.0119036587558448,"ok"
85,"targeted",3,"B",72,64,8,20367,467,"nk_majority",1,"independent",0.218825042247772,0.192395098721609,0.223085797922686,2162.91262034538,26.0118295313756,6.46828952673651,5.65023344121253,0.00184935811200791,0.0430041638915106,"ok"
86,"targeted",3,"B",72,64,8,20367,467,"nk_minority",1,"independent",0.218825042247772,0.192395098721609,0.223085797922686,29013.3379588614,25.2968965084358,5.2490749619427,8.66099577131631,0.00013786762507891,0.0117417045218703,"ok"
87,"targeted",4,"B",72,65,7,47078,315,"nk_majority",1,"positive",0.168927123770118,0.0367742032231763,0.160793902841397,2066.2888521425,27.9054951012997,6.12929549369843,5.19755002701375,0.00193583776820577,0.0439981564182611,"ok"
88,"targeted",4,"B",72,65,7,47078,315,"nk_minority",1,"positive",0.168927123770118,0.0367742032231763,0.160793902841397,76467.3097391247,34.6949410943442,6.69230693026384,15.2228747760849,5.23099349728187e-05,0.00723256074795219,"ok"
89,"targeted",5,"C",36,24,12,7920,108,"independent",0,"independent",0.5,0.1,0.08,10416,24,12,22.1067961165049,0.000384024577572965,0.0195965450417405,"ok"
90,"targeted",5,"C",36,24,12,7920,108,"independent",0,"independent",0.5,0.1,0.08,10416,5.57467625757331,1.2580984516119,0.572644514919305,0.000384024577572965,0.0195965450417405,"very_low_df"
91,"targeted",6,"C",72,54,18,21600,288,"independent",0,"independent",0.7,0.12,0.15,25660.8,54,18,29.1821862348178,0.000155879785509415,0.0124851826382082,"ok"
92,"targeted",6,"C",72,54,18,21600,288,"independent",0,"independent",0.7,0.12,0.15,25660.8,21.0992456957013,3.07091234725337,3.63995085032142,0.000155879785509415,0.0124851826382082,"ok"
93,"targeted",7,"D",48,32,16,5760,96,"independent",0,"independent",0.4,0.08,0.1,6656,32,16,30.1079136690648,0.000600961538461538,0.024514516892273,"ok"
94,"targeted",7,"D",48,32,16,23040,96,"independent",0,"independent",0.4,0.08,0.1,27136,32,16,30.1079136690648,0.000147405660377358,0.0121410732794658,"ok"
95,"targeted",8,"D",96,72,24,9600,288,"independent",0,"independent",0.55,0.15,0.07,10476,72,24,39.4682779456193,0.000381825124093165,0.019540346058685,"ok"
96,"targeted",8,"D",96,72,24,38400,288,"independent",0,"independent",0.55,0.15,0.07,42876,72,24,39.4682779456193,9.3292284728053e-05,0.00965879312999574,"ok"
97,"targeted",9,"E",72,60,12,11324,428,"n_majority",1,"positive",0.547079941630363,0.193165936646983,0.1666871222388,950.96966510026,25.5020531419694,11.7221497638858,10.9868111178369,0.00420623301330888,0.0648554778974673,"ok"
98,"targeted",9,"E",72,60,12,11324,428,"n_minority",1,"positive",0.547079941630363,0.193165936646983,0.1666871222388,19191.0301300775,33.0254681839662,10.4380820769546,34.7556008422942,0.000208430708142703,0.0144371294980236,"ok"
99,"targeted",10,"E",120,95,25,17509,913,"n_majority",1,"negative",0.537568972632289,0.116660372591577,0.159851131173782,4310.23476324513,57.8368427970475,22.9130164892834,23.9532178137361,0.000928023697017477,0.030463481367327,"ok"
100,"targeted",10,"E",120,95,25,17509,913,"n_minority",1,"negative",0.537568972632289,0.116660372591577,0.159851131173782,25625.5782988681,68.6618396724558,21.4683073687518,65.3164890594968,0.000156094038282706,0.0124937599737912,"ok"
