"scenario_id","variant_id","is_primary","is_oracle_sampling","is_default_het","is_oracle_het","weight_type","rho_plan","tau_plan","omega_plan","J0","J1","W0","W1","I_raw","I_C_star","predicted_variance","predicted_se","J0_star","J1_star","nu_C_star","status"
1,"sampling_rho_0.50",TRUE,FALSE,FALSE,FALSE,"sampling",0.5,NA,NA,27,9,7980.36219336219,6469.525,3572.97963839664,14291.9185535866,0.00027987844913909,0.0167295681097597,19.3367182035899,5.9092178750291,13.6869602995081,"ok"
2,"sampling_rho_0.50",TRUE,FALSE,FALSE,FALSE,"sampling",0.5,NA,NA,50,22,12554.080952381,4095.13253968254,3087.87111405658,12351.4844562263,0.000323847713542125,0.0179957693234306,45.6039995825514,17.7575436249841,28.340304359957,"ok"
3,"sampling_rho_0.50",TRUE,FALSE,FALSE,FALSE,"sampling",0.5,NA,NA,41,19,20823.4756132756,19122.1134398169,9968.2811626354,39873.1246505416,0.000100318197659628,0.0100158972468585,36.1756629262617,16.8621304424385,42.2893252327221,"ok"
4,"sampling_rho_0.50",TRUE,FALSE,FALSE,FALSE,"sampling",0.5,NA,NA,55,17,49953.2044733045,7944.54285714286,6854.41821293605,27417.6728517442,0.00014589130235922,0.0120785471957194,32.6196794963293,6.84974805969533,7.82179245855678,"ok"
5,"sampling_rho_0.50",TRUE,FALSE,FALSE,FALSE,"sampling",0.5,NA,NA,66,30,18599.8095238095,3563.58340548341,2990.60585063202,11962.4234025281,0.000334380406494779,0.018286071379462,49.1418091933105,16.1644355500067,21.2857484152546,"ok"
6,"sampling_rho_0.50",TRUE,FALSE,FALSE,FALSE,"sampling",0.5,NA,NA,48,24,15280.3611111111,11118.7339869281,6435.76114210311,25743.0445684125,0.000155381776594837,0.0124652226853289,44.0960749046357,20.2732490865408,46.5125693711712,"ok"
7,"sampling_rho_0.50",TRUE,FALSE,FALSE,FALSE,"sampling",0.5,NA,NA,35,13,8662.1380952381,3061.16666666667,2261.84074693441,9047.36298773763,0.000442117775690156,0.0210265968642136,19.2067433198043,5.79140470539298,8.4970571557399,"ok"
8,"sampling_rho_0.50",TRUE,FALSE,FALSE,FALSE,"sampling",0.5,NA,NA,44,16,11259.6207885305,3535.62857142857,2690.71754012598,10762.8701605039,0.000371648077171705,0.0192781761889372,42.5113546591214,14.518232011545,22.6147092712272,"ok"
9,"sampling_rho_0.50",TRUE,FALSE,FALSE,FALSE,"sampling",0.5,NA,NA,26,10,7150.80216450216,2711.11538461538,1965.8093534008,7863.23741360322,0.000508696328191756,0.0225542973331416,19.8450790113413,8.16196032021775,12.9165210569602,"ok"
10,"sampling_rho_0.50",TRUE,FALSE,FALSE,FALSE,"sampling",0.5,NA,NA,30,18,25049.5119047619,7114.62222222222,5540.88642180867,22163.5456872347,0.000180476538205881,0.0134341556566046,11.7888196267778,5.23449269313837,6.76720484309998,"ok"
11,"sampling_rho_0.50",TRUE,FALSE,FALSE,FALSE,"sampling",0.5,NA,NA,63,33,66959.5357864358,23312.5555555556,17292.1428404902,69168.5713619609,5.78297327997119e-05,0.00760458630036584,46.9452139349017,19.2021347847147,31.5670659129986,"ok"
12,"sampling_rho_0.50",TRUE,FALSE,FALSE,FALSE,"sampling",0.5,NA,NA,29,19,7307.85873015873,1545.05,1275.40082872054,5101.60331488216,0.000784067233987281,0.0280012005811765,11.7616107931133,4.42654238231685,4.95804241786822,"ok"
13,"sampling_rho_0.50",TRUE,FALSE,FALSE,FALSE,"sampling",0.5,NA,NA,60,12,19705.0422455246,1620.66666666667,1497.50262765351,5990.01051061402,0.000667778460974682,0.0258414098101222,44.0349711814353,11.2176608428012,11.948317415817,"ok"
14,"sampling_rho_0.50",TRUE,FALSE,FALSE,FALSE,"sampling",0.5,NA,NA,45,15,20841.5192419588,4771.9,3882.87267432778,15531.4906973111,0.000257541280354531,0.0160480927326125,42.8804903039252,13.8560523114728,19.1095655241911,"ok"
15,"sampling_rho_0.50",TRUE,FALSE,FALSE,FALSE,"sampling",0.5,NA,NA,21,9,9304.92155067155,968.454545454545,877.159902112788,3508.63960845115,0.00114004299283555,0.0337645226952129,5.31415314999927,2.42358223765458,1.72915477707515,"ok"
16,"sampling_rho_0.50",TRUE,FALSE,FALSE,FALSE,"sampling",0.5,NA,NA,51,21,8633.71190476191,2608.94285714286,2003.51798410481,8014.07193641926,0.000499122048283887,0.0223410395524445,21.9061154589303,15.4381073719191,23.0300099833786,"ok"
17,"sampling_rho_0.50",TRUE,FALSE,FALSE,FALSE,"sampling",0.5,NA,NA,62,34,22223.7166666667,14085.5111111111,8621.29070754027,34485.1628301611,0.000115991912803194,0.0107699541690387,60.1004552915635,33.0246512860796,70.2027656463623,"ok"
18,"sampling_rho_0.50",TRUE,FALSE,FALSE,FALSE,"sampling",0.5,NA,NA,31,17,10134.2333777334,9182.40182884748,4817.43337317688,19269.7334927075,0.00020757941470824,0.0144076165519575,28.9792003790339,15.0847448578038,36.2077802736186,"ok"
19,"sampling_rho_0.50",TRUE,FALSE,FALSE,FALSE,"sampling",0.5,NA,NA,41,7,46776.3698412698,13616.787012987,10546.6231365646,42186.4925462584,9.48170790831665e-05,0.00973740617840124,38.5217730850911,6.44021345343,8.95849221838166,"ok"
20,"sampling_rho_0.50",TRUE,FALSE,FALSE,FALSE,"sampling",0.5,NA,NA,56,40,31835.7166810314,12230.5817460317,8835.98916199713,35343.9566479885,0.000113173520436277,0.0106383043966732,28.4234402344873,9.07837798808158,14.8328584210747,"ok"
21,"sampling_rho_0.50",TRUE,FALSE,FALSE,FALSE,"sampling",0.5,NA,NA,40,8,21201.6666666667,4303.66666666667,3577.48338038232,14309.9335215293,0.0002795261063919,0.0167190342541637,26.0083835491504,4.6145857120517,5.19998162483374,"ok"
22,"sampling_rho_0.50",TRUE,FALSE,FALSE,FALSE,"sampling",0.5,NA,NA,17,7,5678.14413919414,2504.83333333333,1738.09652526537,6952.38610106147,0.000575342039676031,0.0239862885765187,16.7662713917238,6.9741280481206,11.5554312127226,"ok"
23,"sampling_rho_0.50",TRUE,FALSE,FALSE,FALSE,"sampling",0.5,NA,NA,43,5,13930.5857142857,1176,1084.45211312758,4337.8084525103,0.000922124626707568,0.0303665050130496,39.1170335672574,4.60322656759098,4.23441073864947,"ok"
24,"sampling_rho_0.50",TRUE,FALSE,FALSE,FALSE,"sampling",0.5,NA,NA,51,9,13107.1749278499,264.377777777778,259.150590560148,1036.60236224059,0.0038587602591934,0.062118920299643,14.2513991808027,8.92720365936953,8.24821207449342,"ok"
25,"sampling_rho_0.50",TRUE,FALSE,FALSE,FALSE,"sampling",0.5,NA,NA,62,10,40846.8398431318,4161.96774193548,3777.11027926725,15108.441117069,0.000264752661707827,0.0162712218873638,33.7701439974404,6.58290983827207,6.76661131404841,"ok"
26,"sampling_rho_0.50",TRUE,FALSE,FALSE,FALSE,"sampling",0.5,NA,NA,70,26,36903.0333333333,47268.8761904762,20723.8367711371,82895.3470845484,4.82536130275229e-05,0.00694648206126835,42.248126773181,15.4485111049482,47.7346786928614,"ok"
27,"sampling_rho_0.50",TRUE,FALSE,FALSE,FALSE,"sampling",0.5,NA,NA,15,9,5974.13333333333,4820.16117216117,2667.7320612282,10670.9282449128,0.000374850238722853,0.0193610495253448,13.7458115382456,7.4853267744055,15.9043337053948,"ok"
28,"sampling_rho_0.50",TRUE,FALSE,FALSE,FALSE,"sampling",0.5,NA,NA,32,4,16238.1928571429,2583.56428571429,2228.93191171453,8915.7276468581,0.00044864537796975,0.0211812506233638,23.8805071308118,1.89837886265491,1.20579372819135,"ok"
29,"sampling_rho_0.50",TRUE,FALSE,FALSE,FALSE,"sampling",0.5,NA,NA,61,35,25445.019047619,9447.96666666667,6889.74264808122,27558.9705923249,0.000145143302308759,0.0120475434138566,27.3026061436199,15.4704148635646,25.2929870017028,"ok"
30,"sampling_rho_0.50",TRUE,FALSE,FALSE,FALSE,"sampling",0.5,NA,NA,20,10,2819.83333333333,2780.43333333333,1399.99736818088,5599.98947272352,0.000714287057053095,0.0267261493121081,16.3299323641646,8.74637924396851,20.4883798427473,"ok"
31,"sampling_rho_0.50",TRUE,FALSE,FALSE,FALSE,"sampling",0.5,NA,NA,23,7,12303.4593406593,5992.5,4029.76847106636,16119.0738842654,0.000248153214553138,0.0157528795638492,12.5778468239604,4.42150851205236,7.07044857344499,"ok"
32,"sampling_rho_0.50",TRUE,FALSE,FALSE,FALSE,"sampling",0.5,NA,NA,97,23,15136.1370545189,5079.16111432427,3803.00493746289,15212.0197498516,0.000262949961002978,0.0162157318984675,82.6419870993003,18.3837063051302,30.2818677658336,"ok"
33,"sampling_rho_0.50",TRUE,FALSE,FALSE,FALSE,"sampling",0.5,NA,NA,38,22,3780.59465133307,3621.32557997558,1849.62329916528,7398.4931966611,0.000540650628942279,0.0232518951688304,32.5536287765866,18.1459843272788,43.8584553364504,"ok"
34,"sampling_rho_0.50",TRUE,FALSE,FALSE,FALSE,"sampling",0.5,NA,NA,23,13,4348.96666666667,2638.8,1642.30630291986,6569.22521167946,0.000608899812551468,0.0246758953748687,12.0195241424444,8.94652650512622,16.2114460822142,"ok"
35,"sampling_rho_0.50",TRUE,FALSE,FALSE,FALSE,"sampling",0.5,NA,NA,38,10,4953.25238095238,1647.16666666667,1236.10821595262,4944.43286381047,0.000808990658822974,0.0284427610970344,36.9576550003816,9.93419482715184,15.4399436168478,"ok"
36,"sampling_rho_0.50",TRUE,FALSE,FALSE,FALSE,"sampling",0.5,NA,NA,25,11,18772.5246031746,1837,1673.26167682295,6693.04670729179,0.00059763515405356,0.0244465775529737,16.4013186231013,8.53354610684325,9.03775490575497,"ok"
37,"sampling_rho_0.50",TRUE,FALSE,FALSE,FALSE,"sampling",0.5,NA,NA,36,24,33236.0010133799,25793.2859859095,14522.7178362565,58090.8713450261,6.88576347261572e-05,0.00829805005565507,23.7511571554259,18.4420733585674,37.6398388599576,"ok"
38,"sampling_rho_0.50",TRUE,FALSE,FALSE,FALSE,"sampling",0.5,NA,NA,20,10,13561.7328056475,6613.03333333333,4445.36459474606,17781.4583789843,0.00022495342703316,0.0149984474874288,19.8026188588779,9.87847330274547,17.6649318595751,"ok"
39,"sampling_rho_0.50",TRUE,FALSE,FALSE,FALSE,"sampling",0.5,NA,NA,56,40,30647.6619047619,22199.3333333333,12874.1030487324,51496.4121949298,7.76753142502193e-05,0.00881335998641944,55.8507370782989,39.7907054928346,84.1241800962185,"ok"
40,"sampling_rho_0.50",TRUE,FALSE,FALSE,FALSE,"sampling",0.5,NA,NA,53,7,10370.0204184704,2869.42619047619,2247.52658199657,8990.10632798629,0.000444933558521767,0.021093448236876,40.3170238240564,4.22279465526555,5.22030601732497,"ok"
41,"sampling_rho_0.50",TRUE,FALSE,FALSE,FALSE,"sampling",0.5,NA,NA,44,4,6314.31488487358,79.3333333333333,78.3489535922248,313.395814368899,0.0127634123258953,0.112975273072895,9.89347229635054,3.92,2.99367979865743,"ok"
42,"sampling_rho_0.50",TRUE,FALSE,FALSE,FALSE,"sampling",0.5,NA,NA,18,6,2295.19918969919,1143.85683760684,763.401138557104,3053.60455422842,0.00130992731015582,0.0361929179558076,12.4961440773313,3.14596361457417,4.60444897673293,"ok"
43,"sampling_rho_0.50",TRUE,FALSE,FALSE,FALSE,"sampling",0.5,NA,NA,17,13,5674.89047619048,15451.7585581086,4150.54168502754,16602.1667401102,0.000240932407354768,0.0155219975310772,13.2003496868931,8.55078509849028,18.7262738520267,"ok"
44,"sampling_rho_0.50",TRUE,FALSE,FALSE,FALSE,"sampling",0.5,NA,NA,21,9,7359.8,3440,2344.27600511121,9377.10402044482,0.000426570931844078,0.0206535936786816,20.9017064454902,8.95961823982509,15.7620364619015,"ok"
45,"sampling_rho_0.50",TRUE,FALSE,FALSE,FALSE,"sampling",0.5,NA,NA,16,8,903.192063492064,4803.97538072301,760.256726211584,3041.02690484634,0.00131534515318671,0.0362676874529754,11.8722091489193,1.58267033100471,9.2462326243001,"ok"
46,"sampling_rho_0.50",TRUE,FALSE,FALSE,FALSE,"sampling",0.5,NA,NA,93,27,21998.7833333333,5109.22443593336,4146.25531776992,16585.0212710797,0.000241181481447663,0.0155300187201324,72.074715897701,11.040135374847,15.1300653208613,"ok"
47,"sampling_rho_0.50",TRUE,FALSE,FALSE,FALSE,"sampling",0.5,NA,NA,77,19,8234.93130044634,14395.7437908497,5238.37493394392,20953.4997357757,0.000190898897579886,0.0138166167197287,53.5643725202091,11.6453929235615,49.6612333589288,"ok"
48,"sampling_rho_0.50",TRUE,FALSE,FALSE,FALSE,"sampling",0.5,NA,NA,32,4,3915.6,980.4,784.079705882353,3136.31882352941,0.00127538054166912,0.0357124703943751,13.8550681418466,2.11437328982504,1.73285830928805,"ok"
49,"sampling_rho_0.50",TRUE,FALSE,FALSE,FALSE,"sampling",0.5,NA,NA,20,16,25268.2,9613,6963.72850131303,27854.9140052521,0.000143601233134153,0.0119833731951464,12.8988810571842,9.9740808167002,15.4181058896958,"ok"
50,"sampling_rho_0.50",TRUE,FALSE,FALSE,FALSE,"sampling",0.5,NA,NA,47,13,52814.6687691394,15898.6588744589,12220.0806033342,48880.3224133369,8.18325207877232e-05,0.00904613291897279,45.9648720781431,12.6051253649932,19.1947502544557,"ok"
51,"sampling_rho_0.50",TRUE,FALSE,FALSE,FALSE,"sampling",0.5,NA,NA,110,10,53818.8,4985.6,4562.90701512132,18251.6280604853,0.000219158531323569,0.0148040038950133,109.944433216419,9.99606497101692,10.7323930145429,"ok"
52,"sampling_rho_0.50",TRUE,FALSE,FALSE,FALSE,"sampling",0.5,NA,NA,41,31,10676.0403152403,8618.74783549784,4768.85771638519,19075.4308655407,0.000209693821764513,0.0144808087400018,12.6603174715584,15.2865283699409,25.9460788090663,"ok"
53,"sampling_rho_0.50",TRUE,FALSE,FALSE,FALSE,"sampling",0.5,NA,NA,34,14,3243.04848484848,9894.83333333333,2442.51125817601,9770.04503270403,0.000409414694262973,0.0202339984744235,28.6632990451995,5.73138517790543,29.954742063583,"ok"
54,"sampling_rho_0.50",TRUE,FALSE,FALSE,FALSE,"sampling",0.5,NA,NA,19,5,18997.811827957,346.666666666667,340.454156062611,1361.81662425044,0.00293725302567931,0.0541964300086206,6.32974837907241,4.71671783421714,3.85270402975354,"ok"
55,"sampling_rho_0.50",TRUE,FALSE,FALSE,FALSE,"sampling",0.5,NA,NA,20,16,19086.5674603175,9920.13095238095,6527.50085321373,26110.0034128549,0.000153197988401283,0.0123773174961816,11.624321743971,7.5151577136899,12.9091033359119,"ok"
56,"sampling_rho_0.50",TRUE,FALSE,FALSE,FALSE,"sampling",0.5,NA,NA,31,5,14168.6837648941,140.666666666667,139.283856789604,557.135427158417,0.0071795829254682,0.0847324195657613,6.40307075786094,4.21740160090939,3.28141084247143,"ok"
57,"sampling_rho_0.50",TRUE,FALSE,FALSE,FALSE,"sampling",0.5,NA,NA,100,20,70975.3333333333,26600.1388888889,19348.6506532313,77394.6026129252,5.16831906225459e-05,0.0071891022125538,79.9191361606099,15.1848265303287,26.1494366268952,"ok"
58,"sampling_rho_0.50",TRUE,FALSE,FALSE,FALSE,"sampling",0.5,NA,NA,19,5,8086.5,2327,1807.00873865655,7228.03495462621,0.000553400754853828,0.0235244714043446,18.6596833998998,4.84084583156586,6.25672489472851,"ok"
59,"sampling_rho_0.50",TRUE,FALSE,FALSE,FALSE,"sampling",0.5,NA,NA,45,27,7600.02965367965,2660.89206349206,1970.86179440756,7883.44717763023,0.000507392249846012,0.0225253690279652,18.7014662012093,13.546112679436,21.0411482253695,"ok"
60,"sampling_rho_0.50",TRUE,FALSE,FALSE,FALSE,"sampling",0.5,NA,NA,74,46,21447.4333333333,75935.0761904762,16723.8705617731,66895.4822470924,5.9794770373658e-05,0.00773270782932201,53.6277324845007,29.0660065239942,75.2920453973458,"ok"
61,"sampling_rho_0.50",TRUE,FALSE,FALSE,FALSE,"sampling",0.5,NA,NA,24,6,23226.2,6130.14285714286,4850.05658645686,19400.2263458274,0.000206183161407306,0.0143590794066787,23.9891347724847,5.996899139521,7.86360465738881,"ok"
62,"sampling_rho_0.50",TRUE,FALSE,FALSE,FALSE,"sampling",0.5,NA,NA,71,49,13132.0571428571,4492,3347.08405718158,13388.3362287263,0.000298767519104989,0.0172848927999276,59.4719576928973,44.8331681738396,72.5829102948604,"ok"
63,"sampling_rho_0.50",TRUE,FALSE,FALSE,FALSE,"sampling",0.5,NA,NA,67,53,8646.5882886934,7591.28892480069,4042.32333144643,16169.2933257857,0.000247382487249524,0.0157283974787492,66.5360938896752,52.5113556806668,113.127295166995,"ok"
64,"sampling_rho_0.50",TRUE,FALSE,FALSE,FALSE,"sampling",0.5,NA,NA,27,3,11059.1666666667,1081.33333333333,985.020843915453,3940.08337566181,0.00101520694326123,0.0318623122711021,13.4436335981023,2.95057264493322,2.34714606948043,"ok"
65,"sampling_rho_0.50",TRUE,FALSE,FALSE,FALSE,"sampling",0.5,NA,NA,104,16,43322.9833333333,6128.80952380952,5369.2353201472,21476.9412805888,0.00018624626047729,0.0136472070577569,93.5180374401622,13.5031932724414,16.247078909766,"ok"
66,"sampling_rho_0.50",TRUE,FALSE,FALSE,FALSE,"sampling",0.5,NA,NA,46,14,10809.4748917749,10930.9174048174,5434.92847872665,21739.7139149066,0.000183995061556779,0.0135644779315969,23.7032652597482,7.64854493017525,20.6960967360828,"ok"
67,"sampling_rho_0.50",TRUE,FALSE,FALSE,FALSE,"sampling",0.5,NA,NA,27,3,21487.9190218278,4497.2,3718.8773060377,14875.5092241508,0.000268898357678128,0.0163981205532259,10.6641689857415,1.52328675903397,0.763434225798189,"very_low_df"
68,"sampling_rho_0.50",TRUE,FALSE,FALSE,FALSE,"sampling",0.5,NA,NA,88,8,123216.102491952,5907.77777777778,5637.48046175306,22549.9218470122,0.000177384206789612,0.0133185662437671,49.403546269573,4.77123793333112,4.14080096943768,"ok"
69,"sampling_rho_0.50",TRUE,FALSE,FALSE,FALSE,"sampling",0.5,NA,NA,99,21,13482.8095238095,2780.66666666667,2305.23896470717,9220.95585882867,0.00043379450690789,0.0208277340800167,97.8814656752358,20.9220511102754,28.7354498888891,"ok"
70,"sampling_rho_0.50",TRUE,FALSE,FALSE,FALSE,"sampling",0.5,NA,NA,18,6,3810.82715650363,1467.875,1059.69568778585,4238.7827511434,0.000943667140978388,0.0307191656946993,14.9892675616206,5.26198749415077,7.82398101040166,"ok"
71,"sampling_rho_0.50",TRUE,FALSE,FALSE,FALSE,"sampling",0.5,NA,NA,80,16,12589.7333222333,1049.37777777778,968.639838742078,3874.55935496831,0.0010323754609336,0.032130600071172,62.9417343434876,14.7581331778552,16.1223712856185,"ok"
72,"sampling_rho_0.50",TRUE,FALSE,FALSE,FALSE,"sampling",0.5,NA,NA,20,4,25734.8682539683,5629,4618.74065496557,18474.9626198623,0.000216509233729092,0.0147142527411042,19.144856627048,3.80850055720611,4.14081329381669,"ok"
73,"sampling_rho_0.50",TRUE,FALSE,FALSE,FALSE,"sampling",0.5,NA,NA,26,10,18898.4,24128.3,10597.7512735116,42391.0050940463,9.43596404738654e-05,0.00971388904990506,19.2407851826532,7.87955330162755,22.0837461375377,"ok"
74,"sampling_rho_0.50",TRUE,FALSE,FALSE,FALSE,"sampling",0.5,NA,NA,19,5,5961.15476190476,1539.71666666667,1223.65640137791,4894.62560551166,0.000817222873082621,0.0285871102611408,18.7186782302202,4.90292940509065,6.09000530011293,"ok"
75,"sampling_rho_0.50",TRUE,FALSE,FALSE,FALSE,"sampling",0.5,NA,NA,99,21,19217.0436507937,925.166666666667,882.672156500166,3530.68862600066,0.0011329234672645,0.0336589284925189,24.2802815196326,5.73365796074959,5.19796497855446,"ok"
76,"sampling_rho_0.50",TRUE,FALSE,FALSE,FALSE,"sampling",0.5,NA,NA,14,10,7969.5,4499.5,2875.83328655065,11503.3331462026,0.000347725302671988,0.0186473939914399,12.6081532265842,7.62381259981624,13.719292093334,"ok"
77,"sampling_rho_0.50",TRUE,FALSE,FALSE,FALSE,"sampling",0.5,NA,NA,43,29,31553.7976190476,47845.4781828764,19014.109641696,76056.4385667838,5.25925230707151e-05,0.00725207026101616,37.771450561126,26.2474505606859,61.9948029568383,"ok"
78,"sampling_rho_0.50",TRUE,FALSE,FALSE,FALSE,"sampling",0.5,NA,NA,59,13,48496.3333333333,5084.33333333333,4601.87488231659,18407.4995292664,0.000217302735422611,0.0147411917911209,37.7616290539837,8.96587146749691,9.70059959425048,"ok"
79,"sampling_rho_0.50",TRUE,FALSE,FALSE,FALSE,"sampling",0.5,NA,NA,53,7,7424.74897152656,905.238095238095,806.86387178464,3227.45548713856,0.0012393664346232,0.0352046365500796,52.3933465740878,6.77226744692081,7.25349096017935,"ok"
80,"sampling_rho_0.50",TRUE,FALSE,FALSE,FALSE,"sampling",0.5,NA,NA,18,12,2413.56666666667,1589.26666666667,958.271487141053,3833.08594856421,0.00104354560624927,0.032303956510763,11.8570611765215,10.3137476188958,18.6724756605543,"ok"
81,"sampling_rho_0.50",TRUE,FALSE,FALSE,FALSE,"sampling",0.5,NA,NA,21,3,12691.9091186591,118.769892473118,117.668757447737,470.675029790948,0.00849843256349634,0.0921869435630466,14.455492196387,2.85356743813363,1.88839805405328,"ok"
82,"sampling_rho_0.50",TRUE,FALSE,FALSE,FALSE,"sampling",0.5,NA,NA,21,3,8919.67901113224,3891,2709.1827843127,10836.7311372508,0.000369114998733351,0.0192123657765865,15.0338364974304,2.58522048227889,3.20110029101686,"ok"
83,"sampling_rho_0.50",TRUE,FALSE,FALSE,FALSE,"sampling",0.5,NA,NA,47,13,30426.9,786.733333333333,766.903878326671,3067.61551330669,0.001303944377204,0.0361101699968858,18.231049720219,11.4800801523977,11.0245603755039,"ok"
84,"sampling_rho_0.50",TRUE,FALSE,FALSE,FALSE,"sampling",0.5,NA,NA,47,13,10781,20432.6333333333,7057.30786333749,28229.23145335,0.000141697091775601,0.0119036587558448,29.2286519040225,8.90961824293529,33.0442459558731,"ok"
85,"sampling_rho_0.50",TRUE,FALSE,FALSE,FALSE,"sampling",0.5,NA,NA,64,8,33251.648208796,549.666666666667,540.728155086344,2162.91262034538,0.00184935811200791,0.0430041638915106,26.0118295313756,6.46828952673651,5.65023344121253,"ok"
86,"sampling_rho_0.50",TRUE,FALSE,FALSE,FALSE,"sampling",0.5,NA,NA,64,8,23261.4733322233,10539.8415432394,7253.33448971535,29013.3379588614,0.00013786762507891,0.0117417045218703,25.2968965084358,5.2490749619427,8.66099577131631,"ok"
87,"sampling_rho_0.50",TRUE,FALSE,FALSE,FALSE,"sampling",0.5,NA,NA,65,7,78364.7156519108,520,516.572213035626,2066.2888521425,0.00193583776820577,0.0439981564182611,27.9054951012997,6.12929549369843,5.19755002701375,"ok"
88,"sampling_rho_0.50",TRUE,FALSE,FALSE,FALSE,"sampling",0.5,NA,NA,65,7,46347.0007936508,32537.71485826,19116.8274347812,76467.3097391247,5.23099349728187e-05,0.00723256074795219,34.6949410943442,6.69230693026384,15.2228747760849,"ok"
89,"sampling_rho_0.50",TRUE,FALSE,FALSE,FALSE,"sampling",0.5,NA,NA,24,12,7812,3906,2604,10416,0.000384024577572965,0.0195965450417405,24,12,22.1067961165049,"ok"
90,"sampling_rho_0.50",TRUE,FALSE,FALSE,FALSE,"sampling",0.5,NA,NA,24,12,7812,3906,2604,10416,0.000384024577572965,0.0195965450417405,5.57467625757331,1.2580984516119,0.572644514919305,"very_low_df"
91,"sampling_rho_0.50",TRUE,FALSE,FALSE,FALSE,"sampling",0.5,NA,NA,54,18,25660.8,8553.6,6415.2,25660.8,0.000155879785509415,0.0124851826382082,54,18,29.1821862348178,"ok"
92,"sampling_rho_0.50",TRUE,FALSE,FALSE,FALSE,"sampling",0.5,NA,NA,54,18,25660.8,8553.6,6415.2,25660.8,0.000155879785509415,0.0124851826382082,21.0992456957013,3.07091234725337,3.63995085032142,"ok"
93,"sampling_rho_0.50",TRUE,FALSE,FALSE,FALSE,"sampling",0.5,NA,NA,32,16,4992,2496,1664,6656,0.000600961538461538,0.024514516892273,32,16,30.1079136690648,"ok"
94,"sampling_rho_0.50",TRUE,FALSE,FALSE,FALSE,"sampling",0.5,NA,NA,32,16,20352,10176,6784,27136,0.000147405660377358,0.0121410732794658,32,16,30.1079136690648,"ok"
95,"sampling_rho_0.50",TRUE,FALSE,FALSE,FALSE,"sampling",0.5,NA,NA,72,24,10476,3492,2619,10476,0.000381825124093165,0.019540346058685,72,24,39.4682779456193,"ok"
96,"sampling_rho_0.50",TRUE,FALSE,FALSE,FALSE,"sampling",0.5,NA,NA,72,24,42876,14292,10719,42876,9.3292284728053e-05,0.00965879312999574,72,24,39.4682779456193,"ok"
97,"sampling_rho_0.50",TRUE,FALSE,FALSE,FALSE,"sampling",0.5,NA,NA,60,12,19566.2707319878,240.666666666667,237.742416275065,950.96966510026,0.00420623301330888,0.0648554778974673,25.5020531419694,11.7221497638858,10.9868111178369,"ok"
98,"sampling_rho_0.50",TRUE,FALSE,FALSE,FALSE,"sampling",0.5,NA,NA,60,12,8157.09841269841,11649.8389859561,4797.75753251938,19191.0301300775,0.000208430708142703,0.0144371294980236,33.0254681839662,10.4380820769546,34.7556008422942,"ok"
99,"sampling_rho_0.50",TRUE,FALSE,FALSE,FALSE,"sampling",0.5,NA,NA,95,25,24532.473015873,1127.06357136854,1077.55869081128,4310.23476324513,0.000928023697017477,0.030463481367327,57.8368427970475,22.9130164892834,23.9532178137361,"ok"
100,"sampling_rho_0.50",TRUE,FALSE,FALSE,FALSE,"sampling",0.5,NA,NA,95,25,12363.0365872416,13296.5,6406.39457471703,25625.5782988681,0.000156094038282706,0.0124937599737912,68.6618396724558,21.4683073687518,65.3164890594968,"ok"
