"scenario_id","scenario_set","beta1_true","method","pair_id","pair_class","n_attempted","n_success","n_error","n_invalid","error_rate","mean_estimate","bias","empirical_variance","empirical_sd","mean_se","se_ratio","rmse","coverage","reject_rate","mcse_reject_rate","type1_error","power","mean_df","median_df","sd_df","min_df","max_df","boundary_study_rate","boundary_effect_rate","mean_fit_runtime_sec","scenario_set_design","pair_id_design","pair_class_design","J","N_total","K_total","alignment_pattern","alignment_strength","nk_mode","rho_true","tau","omega","metric_status","variant_id","is_primary","is_oracle_sampling","is_default_het","is_oracle_het","weight_type","rho_plan","tau_plan","omega_plan","J0","J1","W0","W1","I_raw","I_C_star","predicted_variance","predicted_se","J0_star","J1_star","nu_C_star","status","prediction_ratio","abs_error","rel_error"
1,"broad",0,"mlma",NA,NA,5000,5000,0,0,0,-3.14888709355248e-05,-3.14888709355248e-05,0.00419960246129072,0.0648043398337698,0.0639165720057808,0.98630079667093,0.0647978667268257,0.942,0.058,0.00330563155841664,0.058,NA,NA,NA,NA,NA,NA,0,0,0.313418000000003,"broad",NA,NA,36,9961,159,"n_minority",0.601719927269296,"independent",0.528381075495854,0.146718092065479,0.0661716804737225,"ok","sampling_rho_0.50",TRUE,FALSE,FALSE,FALSE,"sampling",0.5,NA,NA,27,9,7980.36219336219,6469.525,3572.97963839664,14291.9185535866,0.00027987844913909,0.0167295681097597,19.3367182035899,5.9092178750291,13.6869602995081,"ok",0.0666440339815095,0.00391972401215163,-0.93335596601849
2,"broad",0,"mlma",NA,NA,5000,5000,0,0,0,0.000463418183705905,0.000463418183705905,0.00187842192101404,0.0433407651180046,0.0423287191640367,0.976649098113234,0.0433389085354353,0.9398,0.0602,0.00336380617753164,0.0602,NA,NA,NA,NA,NA,NA,0,0,0.378720000000007,"broad",NA,NA,72,12194,332,"n_majority",0.521268129811506,"negative",0.37844381217612,0.134981860155822,0.126372454819968,"ok","sampling_rho_0.50",TRUE,FALSE,FALSE,FALSE,"sampling",0.5,NA,NA,50,22,12554.080952381,4095.13253968254,3087.87111405658,12351.4844562263,0.000323847713542125,0.0179957693234306,45.6039995825514,17.7575436249841,28.340304359957,"ok",0.172404138771602,0.00155457420747192,-0.827595861228398
3,"broad",0,"mlma",NA,NA,5000,5000,0,0,0,0.00016298732000833,0.00016298732000833,0.00150983594029244,0.0388566074212925,0.0387456812671726,0.997145243460984,0.0388530634309686,0.9434,0.0566,0.00326791799162709,0.0566,NA,NA,NA,NA,NA,NA,0,0,0.367519999999939,"broad",NA,NA,60,25460,322,"nk_minority",0.875806031678658,"independent",0.428818386686035,0.123539096849214,0.119197474338929,"ok","sampling_rho_0.50",TRUE,FALSE,FALSE,FALSE,"sampling",0.5,NA,NA,41,19,20823.4756132756,19122.1134398169,9968.2811626354,39873.1246505416,0.000100318197659628,0.0100158972468585,36.1756629262617,16.8621304424385,42.2893252327221,"ok",0.0664431114550082,0.00140951774263282,-0.933556888544992
4,"broad",0,"mlma",NA,NA,5000,5000,0,0,0,-0.00093343216916578,-0.00093343216916578,0.0029416188274452,0.0542366926300379,0.0536121169325107,0.988484259138226,0.0542393012426796,0.9404,0.0596,0.00334806929438445,0.0596,NA,NA,NA,NA,NA,NA,0,0,0.33068599999997,"broad",NA,NA,72,36585,245,"n_majority",0.659044230544241,"positive",0.41817113694502,0.163687455617764,0.10674967614701,"ok","sampling_rho_0.50",TRUE,FALSE,FALSE,FALSE,"sampling",0.5,NA,NA,55,17,49953.2044733045,7944.54285714286,6854.41821293605,27417.6728517442,0.00014589130235922,0.0120785471957194,32.6196794963293,6.84974805969533,7.82179245855678,"ok",0.0495955835603373,0.00279572752508598,-0.950404416439663
5,"broad",0,"mlma",NA,NA,5000,5000,0,0,0,-0.000449290335614326,-0.000449290335614326,0.00232325367422627,0.0482001418486115,0.0469469271869234,0.973999772332117,0.0481974157533068,0.9424,0.0576,0.00329491244193226,0.0576,NA,NA,NA,NA,NA,NA,0,0,0.51492199999989,"broad",NA,NA,96,14650,593,"n_majority",0.69960644200517,"negative",0.592471749645192,0.184341202856973,0.116892401734658,"ok","sampling_rho_0.50",TRUE,FALSE,FALSE,FALSE,"sampling",0.5,NA,NA,66,30,18599.8095238095,3563.58340548341,2990.60585063202,11962.4234025281,0.000334380406494779,0.018286071379462,49.1418091933105,16.1644355500067,21.2857484152546,"ok",0.143927634852935,0.00198887326773149,-0.856072365147065
6,"broad",0,"mlma",NA,NA,5000,5000,0,0,0,-0.00121815364763412,-0.00121815364763412,0.00438530441062543,0.0662216309873551,0.0658399379081175,0.994236126873552,0.0662262126959752,0.9456,0.0544,0.0032075111847038,0.0544,NA,NA,NA,NA,NA,NA,0,0,0.377259999999843,"broad",NA,NA,72,18347,298,"n_minority",0.760634647838742,"independent",0.213470312964637,0.231286168812134,0.187023835308442,"ok","sampling_rho_0.50",TRUE,FALSE,FALSE,FALSE,"sampling",0.5,NA,NA,48,24,15280.3611111111,11118.7339869281,6435.76114210311,25743.0445684125,0.000155381776594837,0.0124652226853289,44.0960749046357,20.2732490865408,46.5125693711712,"ok",0.0354323809809766,0.00422992263403059,-0.964567619019024
7,"broad",0,"mlma",NA,NA,5000,5000,0,0,0,-0.000800910454299594,-0.000800910454299594,0.00315437925080668,0.0561638607184966,0.0559299150491289,0.995834587110379,0.0561639549222838,0.9452,0.0548,0.00321860093829602,0.0548,NA,NA,NA,NA,NA,NA,0.001,0,0.273296000000066,"broad",NA,NA,48,9336,111,"nk_majority",0.466098366908263,"independent",0.585632913543377,0.103844114408887,0.123868023261835,"ok","sampling_rho_0.50",TRUE,FALSE,FALSE,FALSE,"sampling",0.5,NA,NA,35,13,8662.1380952381,3061.16666666667,2261.84074693441,9047.36298773763,0.000442117775690156,0.0210265968642136,19.2067433198043,5.79140470539298,8.4970571557399,"ok",0.140159993626984,0.00271226147511653,-0.859840006373016
8,"broad",0,"mlma",NA,NA,5000,5000,0,0,0,-0.000198144418594018,-0.000198144418594018,0.0033764061910095,0.0581068514979903,0.0578267624632816,0.995179758884055,0.058101378391411,0.9412,0.0588,0.00332693733033852,0.0588,NA,NA,NA,NA,NA,NA,0,0,0.369070000000004,"broad",NA,NA,60,9953,311,"n_majority",0.486944134375808,"independent",0.852774591918569,0.153668300253456,0.17788872561889,"ok","sampling_rho_0.50",TRUE,FALSE,FALSE,FALSE,"sampling",0.5,NA,NA,44,16,11259.6207885305,3535.62857142857,2690.71754012598,10762.8701605039,0.000371648077171705,0.0192781761889372,42.5113546591214,14.518232011545,22.6147092712272,"ok",0.110072087345802,0.0030047581138378,-0.889927912654198
9,"broad",0,"mlma",NA,NA,5000,5000,0,0,0,-0.000250304665236585,-0.000250304665236585,0.00114223493247734,0.0337969663206232,0.0336053837890293,0.994331368982161,0.0337945134291986,0.9404,0.0596,0.00334806929438445,0.0596,NA,NA,NA,NA,NA,NA,0,0.0022,0.276037999999962,"broad",NA,NA,36,6409,160,"independent",0,"independent",0.607085521749686,0.0444537754575722,0.0768640428170911,"ok","sampling_rho_0.50",TRUE,FALSE,FALSE,FALSE,"sampling",0.5,NA,NA,26,10,7150.80216450216,2711.11538461538,1965.8093534008,7863.23741360322,0.000508696328191756,0.0225542973331416,19.8450790113413,8.16196032021775,12.9165210569602,"ok",0.445351751840113,0.000633538604285583,-0.554648248159887
10,"broad",0,"mlma",NA,NA,5000,5000,0,0,0,-0.000235427346072469,-0.000235427346072469,0.00193514138428345,0.0439902419211744,0.043846539267337,0.996733306125142,0.0439864727165281,0.9458,0.0542,0.00320194815698193,0.0542,NA,NA,NA,NA,NA,NA,0,0,0.289626000000018,"broad",NA,NA,48,21323,122,"n_majority",0.56738610820059,"positive",0.744737309182528,0.111593359854189,0.0927237351971562,"ok","sampling_rho_0.50",TRUE,FALSE,FALSE,FALSE,"sampling",0.5,NA,NA,30,18,25049.5119047619,7114.62222222222,5540.88642180867,22163.5456872347,0.000180476538205881,0.0134341556566046,11.7888196267778,5.23449269313837,6.76720484309998,"ok",0.0932627143792433,0.00175466484607757,-0.906737285620757
11,"broad",0,"mlma",NA,NA,5000,5000,0,0,0,-0.000559917030461746,-0.000559917030461746,0.000970018015745663,0.0311451122288179,0.0312333207389501,1.00283217827196,0.0311470306646318,0.9484,0.0516,0.00312849612433834,0.0516,NA,NA,NA,NA,NA,NA,0,0,0.477180000000018,"broad",NA,NA,96,52269,642,"nk_majority",0.781688868174388,"independent",0.434246349676978,0.119276303030318,0.185123343627725,"ok","sampling_rho_0.50",TRUE,FALSE,FALSE,FALSE,"sampling",0.5,NA,NA,63,33,66959.5357864358,23312.5555555556,17292.1428404902,69168.5713619609,5.78297327997119e-05,0.00760458630036584,46.9452139349017,19.2021347847147,31.5670659129986,"ok",0.0596171739709985,0.000912188282945951,-0.940382826029002
12,"broad",0,"mlma",NA,NA,5000,5000,0,0,0,-0.00145326093018124,-0.00145326093018124,0.00485268835269665,0.0696612399595116,0.066280030418413,0.951462110880257,0.0696694321948823,0.9328,0.0672,0.00354073890593475,0.0672,NA,NA,NA,NA,NA,NA,0,0,0.329925999999989,"broad",NA,NA,48,5345,205,"n_majority",0.809123996472626,"positive",0.544501145330723,0.172458395538735,0.0797731818458415,"ok","sampling_rho_0.50",TRUE,FALSE,FALSE,FALSE,"sampling",0.5,NA,NA,29,19,7307.85873015873,1545.05,1275.40082872054,5101.60331488216,0.000784067233987281,0.0280012005811765,11.7616107931133,4.42654238231685,4.95804241786822,"ok",0.161573786940505,0.00406862111870937,-0.838426213059494
13,"broad",0,"mlma",NA,NA,5000,5000,0,0,0,-0.000549094714776747,-0.000549094714776747,0.00902986487017313,0.0950256011302908,0.0928081109381331,0.97666428661559,0.0950176846813523,0.942,0.058,0.00330563155841664,0.058,NA,NA,NA,NA,NA,NA,0,0,0.392868000000055,"broad",NA,NA,72,15236,284,"nk_majority",0.884390638585755,"independent",0.673240457929205,0.229541176174826,0.195861830492737,"ok","sampling_rho_0.50",TRUE,FALSE,FALSE,FALSE,"sampling",0.5,NA,NA,60,12,19705.0422455246,1620.66666666667,1497.50262765351,5990.01051061402,0.000667778460974682,0.0258414098101222,44.0349711814353,11.2176608428012,11.948317415817,"ok",0.0739522097590236,0.00836208640919845,-0.926047790240976
14,"broad",0,"mlma",NA,NA,5000,5000,0,0,0,-0.000665782087058674,-0.000665782087058674,0.00108170275824778,0.0328892498887978,0.0327493531766952,0.9957464304423,0.0328926995469144,0.9462,0.0538,0.00319078548323136,0.0538,NA,NA,NA,NA,NA,NA,0,0,0.395862000000276,"broad",NA,NA,60,17117,356,"nk_majority",0.775819862656063,"independent",0.243941784126218,0.0701158740626415,0.111340670826961,"ok","sampling_rho_0.50",TRUE,FALSE,FALSE,FALSE,"sampling",0.5,NA,NA,45,15,20841.5192419588,4771.9,3882.87267432778,15531.4906973111,0.000257541280354531,0.0160480927326125,42.8804903039252,13.8560523114728,19.1095655241911,"ok",0.238088771051776,0.000824161477893252,-0.761911228948224
15,"broad",0,"mlma",NA,NA,5000,5000,0,0,0,0.00134847006075738,0.00134847006075738,0.00827678453031849,0.0909768351302599,0.087651411236051,0.963447575534502,0.0909777310385195,0.9366,0.0634,0.00344617004803884,0.0634,NA,NA,NA,NA,NA,NA,0,0,0.294915999999937,"broad",NA,NA,30,5999,143,"nk_majority",0.841615885188366,"positive",0.405208183205687,0.160151764917653,0.153768339852511,"ok","sampling_rho_0.50",TRUE,FALSE,FALSE,FALSE,"sampling",0.5,NA,NA,21,9,9304.92155067155,968.454545454545,877.159902112788,3508.63960845115,0.00114004299283555,0.0337645226952129,5.31415314999927,2.42358223765458,1.72915477707515,"ok",0.137739841922849,0.00713674153748294,-0.862260158077151
16,"broad",0,"mlma",NA,NA,5000,5000,0,0,0,0.00135543353130766,0.00135543353130766,0.00244167200195879,0.0494132775876969,0.0510777541752181,1.03368480434367,0.0494269245211169,0.952,0.048,0.00302311098043059,0.048,NA,NA,NA,NA,NA,NA,0,0,0.363280000000004,"broad",NA,NA,72,7250,356,"nk_majority",0.793759378690738,"negative",0.627106562182307,0.113919756231597,0.212428436127957,"ok","sampling_rho_0.50",TRUE,FALSE,FALSE,FALSE,"sampling",0.5,NA,NA,51,21,8633.71190476191,2608.94285714286,2003.51798410481,8014.07193641926,0.000499122048283887,0.0223410395524445,21.9061154589303,15.4381073719191,23.0300099833786,"ok",0.204418139653269,0.0019425499536749,-0.795581860346731
17,"broad",0,"mlma",NA,NA,5000,4999,1,0,2e-04,-0.000297945889924889,-0.000297945889924889,0.00148130380119177,0.0384877097420952,0.0387132807102537,1.00586085713258,0.0384850133548223,0.949389877975595,0.0506101220244049,0.00310026931871824,0.0506101220244049,NA,NA,NA,NA,NA,NA,0.00760152030406081,0,0.347587517503416,"broad",NA,NA,96,25964,280,"n_minority",0.738013976447692,"independent",0.324376821711194,0.100703542241827,0.235210100066848,"ok","sampling_rho_0.50",TRUE,FALSE,FALSE,FALSE,"sampling",0.5,NA,NA,62,34,22223.7166666667,14085.5111111111,8621.29070754027,34485.1628301611,0.000115991912803194,0.0107699541690387,60.1004552915635,33.0246512860796,70.2027656463623,"ok",0.0783039324613046,0.00136531188838857,-0.921696067538695
18,"broad",0,"mlma",NA,NA,5000,5000,0,0,0,-0.00112733458246222,-0.00112733458246222,0.00292404035605217,0.0540743964927226,0.0542767760923736,1.00374261411643,0.0540807399287563,0.9498,0.0502,0.00308804015517933,0.0502,NA,NA,NA,NA,NA,NA,0,0,0.388687999999942,"broad",NA,NA,48,11574,313,"n_minority",0.511759812331002,"independent",0.518314002668485,0.169108978163276,0.0865515263156267,"ok","sampling_rho_0.50",TRUE,FALSE,FALSE,FALSE,"sampling",0.5,NA,NA,31,17,10134.2333777334,9182.40182884748,4817.43337317688,19269.7334927075,0.00020757941470824,0.0144076165519575,28.9792003790339,15.0847448578038,36.2077802736186,"ok",0.0709906121092318,0.00271646094134394,-0.929009387890768
19,"broad",0,"mlma",NA,NA,5000,4999,1,0,2e-04,0.000534228195661418,0.000534228195661418,0.00810038036310439,0.090002113103551,0.0886689712836701,0.985187660890283,0.0899946963032643,0.942188437687537,0.0578115623124625,0.00330091749765974,0.0578115623124625,NA,NA,NA,NA,NA,NA,0,0,0.34810362072427,"broad",NA,NA,48,34313,355,"n_minority",0.672100541869877,"positive",0.25634091545362,0.202640794189123,0.231093502585834,"ok","sampling_rho_0.50",TRUE,FALSE,FALSE,FALSE,"sampling",0.5,NA,NA,41,7,46776.3698412698,13616.787012987,10546.6231365646,42186.4925462584,9.48170790831665e-05,0.00973740617840124,38.5217730850911,6.44021345343,8.95849221838166,"ok",0.0117052625719947,0.00800556328402122,-0.988294737428005
20,"broad",0,"mlma",NA,NA,5000,5000,0,0,0,7.53033475371432e-05,7.53033475371432e-05,0.00161879672032353,0.0402342729563184,0.0402453390673876,1.00027504190473,0.0402303198045158,0.9482,0.0518,0.0031342227106573,0.0518,NA,NA,NA,NA,NA,NA,0,0,0.478114000000071,"broad",NA,NA,96,29018,504,"nk_majority",0.745270909648243,"independent",0.160948550815228,0.180138721761643,0.0416369532622048,"ok","sampling_rho_0.50",TRUE,FALSE,FALSE,FALSE,"sampling",0.5,NA,NA,56,40,31835.7166810314,12230.5817460317,8835.98916199713,35343.9566479885,0.000113173520436277,0.0106383043966732,28.4234402344873,9.07837798808158,14.8328584210747,"ok",0.0699121260967579,0.00150562319988726,-0.930087873903242
21,"broad",0,"mlma",NA,NA,5000,5000,0,0,0,-0.00131301681822392,-0.00131301681822392,0.00943908276497654,0.0971549420512232,0.0946160992439962,0.973868104353472,0.0971540990467643,0.941,0.059,0.00333223648620562,0.059,NA,NA,NA,NA,NA,NA,0,0,0.325410000000059,"broad",NA,NA,48,17785,134,"n_majority",0.455081338501186,"independent",0.772091077247169,0.208763946753286,0.165091698135424,"ok","sampling_rho_0.50",TRUE,FALSE,FALSE,FALSE,"sampling",0.5,NA,NA,40,8,21201.6666666667,4303.66666666667,3577.48338038232,14309.9335215293,0.0002795261063919,0.0167190342541637,26.0083835491504,4.6145857120517,5.19998162483374,"ok",0.0296136937615458,0.00915955665858464,-0.970386306238454
22,"broad",0,"mlma",NA,NA,5000,4999,1,0,2e-04,-0.00109850219706794,-0.00109850219706794,0.00594154772147057,0.0770814356474409,0.0764329946927046,0.991587585917546,0.0770815534436988,0.934786957391478,0.0652130426085217,0.00349206231850169,0.0652130426085217,NA,NA,NA,NA,NA,NA,0.001000200040008,0,0.263174634927303,"broad",NA,NA,24,5162,138,"independent",0,"negative",0.806426519919187,0.127148411708593,0.197819388696109,"ok","sampling_rho_0.50",TRUE,FALSE,FALSE,FALSE,"sampling",0.5,NA,NA,17,7,5678.14413919414,2504.83333333333,1738.09652526537,6952.38610106147,0.000575342039676031,0.0239862885765187,16.7662713917238,6.9741280481206,11.5554312127226,"ok",0.0968336983303115,0.00536620568179454,-0.903166301669688
23,"broad",0,"mlma",NA,NA,5000,5000,0,0,0,0.00186378594317417,0.00186378594317417,0.0190170162276576,0.137902198052307,0.139736333151723,1.01330026007795,0.137901002615841,0.9488,0.0512,0.0031170036894428,0.0512,NA,NA,NA,NA,NA,NA,0,0,0.274530000000006,"broad",NA,NA,48,11204,145,"nk_majority",0.557801624679996,"independent",0.195337073490955,0.2057130501215,0.240227726177021,"ok","sampling_rho_0.50",TRUE,FALSE,FALSE,FALSE,"sampling",0.5,NA,NA,43,5,13930.5857142857,1176,1084.45211312758,4337.8084525103,0.000922124626707568,0.0303665050130496,39.1170335672574,4.60322656759098,4.23441073864947,"ok",0.048489448379734,0.01809489160095,-0.951510551620266
24,"broad",0,"mlma",NA,NA,5000,5000,0,0,0,-0.00030758346005295,-0.00030758346005295,0.00894711385336803,0.0945891846532574,0.0753190964852812,0.796275988226181,0.0945802254077577,0.8788,0.1212,0.00461542110754804,0.1212,NA,NA,NA,NA,NA,NA,0,0,0.450565999999991,"broad",NA,NA,60,7938,475,"n_majority",0.927532995010406,"independent",0.860921317723114,0.139510252764914,0.0755782889822149,"ok","sampling_rho_0.50",TRUE,FALSE,FALSE,FALSE,"sampling",0.5,NA,NA,51,9,13107.1749278499,264.377777777778,259.150590560148,1036.60236224059,0.0038587602591934,0.062118920299643,14.2513991808027,8.92720365936953,8.24821207449342,"ok",0.431285476236655,0.00508835359417463,-0.568714523763345
25,"broad",0,"mlma",NA,NA,5000,5000,0,0,0,0.000532965032495448,0.000532965032495448,0.00399774967355621,0.0632277603079234,0.0637269940383922,1.00789579969364,0.0632236836584785,0.9474,0.0526,0.00315699984162179,0.0526,NA,NA,NA,NA,NA,NA,0,0,0.385738000000054,"broad",NA,NA,72,30933,325,"nk_majority",0.404593055659789,"independent",0.63577596191084,0.143420414433,0.133204529132927,"ok","sampling_rho_0.50",TRUE,FALSE,FALSE,FALSE,"sampling",0.5,NA,NA,62,10,40846.8398431318,4161.96774193548,3777.11027926725,15108.441117069,0.000264752661707827,0.0162712218873638,33.7701439974404,6.58290983827207,6.76661131404841,"ok",0.0662254226319066,0.00373299701184839,-0.933774577368093
26,"broad",0,"mlma",NA,NA,5000,5000,0,0,0,0.000395631490178616,0.000395631490178616,0.000233795362055585,0.015290368277304,0.0158664494873437,1.03767608468233,0.0152939572138539,0.955,0.045,0.00293172304285381,0.045,NA,NA,NA,NA,NA,NA,0,0,0.351824000000069,"broad",NA,NA,96,53599,349,"nk_minority",0.646567449558788,"independent",0.444081783695147,0.0513763091981527,0.0382065360797569,"ok","sampling_rho_0.50",TRUE,FALSE,FALSE,FALSE,"sampling",0.5,NA,NA,70,26,36903.0333333333,47268.8761904762,20723.8367711371,82895.3470845484,4.82536130275229e-05,0.00694648206126835,42.248126773181,15.4485111049482,47.7346786928614,"ok",0.206392516101541,0.000185541749028062,-0.793607483898459
27,"broad",0,"mlma",NA,NA,5000,4994,6,0,0.0012,-0.000563524339213084,-0.000563524339213084,0.0111534741683887,0.105610009792579,0.101763220125641,0.963575520213532,0.105600939168106,0.928714457348819,0.0712855426511814,0.00364097388634289,0.0712855426511814,NA,NA,NA,NA,NA,NA,0.0502603123748498,0,0.307909491389556,"broad",NA,NA,24,8702,62,"nk_minority",0.390402126893168,"independent",0.668099221696612,0.165371831801138,0.243402527937957,"ok","sampling_rho_0.50",TRUE,FALSE,FALSE,FALSE,"sampling",0.5,NA,NA,15,9,5974.13333333333,4820.16117216117,2667.7320612282,10670.9282449128,0.000374850238722853,0.0193610495253448,13.7458115382456,7.4853267744055,15.9043337053948,"ok",0.0336083836357696,0.0107786239296658,-0.96639161636423
28,"broad",0,"mlma",NA,NA,5000,5000,0,0,0,0.000307889848321219,0.000307889848321219,0.00371392227034571,0.0609419582089853,0.0599563893603579,0.983827745651894,0.0609366415389816,0.9392,0.0608,0.00337944847571316,0.0608,NA,NA,NA,NA,NA,NA,0.0056,0,0.296877999999875,"broad",NA,NA,36,11339,200,"nk_majority",0.615763296278455,"independent",0.501674748775549,0.0623919555732282,0.169978652334248,"ok","sampling_rho_0.50",TRUE,FALSE,FALSE,FALSE,"sampling",0.5,NA,NA,32,4,16238.1928571429,2583.56428571429,2228.93191171453,8915.7276468581,0.00044864537796975,0.0211812506233638,23.8805071308118,1.89837886265491,1.20579372819135,"ok",0.120800960631841,0.00326527689237596,-0.879199039368159
29,"broad",0,"mlma",NA,NA,5000,5000,0,0,0,0.000809837258075335,0.000809837258075335,0.00113847424400777,0.0337412839709423,0.033849612569747,1.0032105653981,0.0337476278506139,0.9486,0.0514,0.00312275647465504,0.0514,NA,NA,NA,NA,NA,NA,8e-04,0,0.297415999999905,"broad",NA,NA,96,24182,207,"n_majority",0.429224819510127,"positive",0.308701139867771,0.0934063568943529,0.150944627601013,"ok","sampling_rho_0.50",TRUE,FALSE,FALSE,FALSE,"sampling",0.5,NA,NA,61,35,25445.019047619,9447.96666666667,6889.74264808122,27558.9705923249,0.000145143302308759,0.0120475434138566,27.3026061436199,15.4704148635646,25.2929870017028,"ok",0.127489315698361,0.000993330941699009,-0.872510684301639
30,"broad",0,"mlma",NA,NA,5000,5000,0,0,0,-2.44193929099967e-05,-2.44193929099967e-05,0.00503567924664872,0.0709625200133755,0.069312975055714,0.97675470153328,0.0709554276085074,0.9326,0.0674,0.00354562378150869,0.0674,NA,NA,NA,NA,NA,NA,0.0108,0,0.254960000000009,"broad",NA,NA,30,4193,62,"nk_minority",0.689783707891329,"positive",0.699293283105362,0.123074110157264,0.159079275184253,"ok","sampling_rho_0.50",TRUE,FALSE,FALSE,FALSE,"sampling",0.5,NA,NA,20,10,2819.83333333333,2780.43333333333,1399.99736818088,5599.98947272352,0.000714287057053095,0.0267261493121081,16.3299323641646,8.74637924396851,20.4883798427473,"ok",0.141845225255055,0.00432139218959563,-0.858154774744945
31,"broad",0,"mlma",NA,NA,5000,5000,0,0,0,-0.000538415732355057,-0.000538415732355057,0.00497389480316815,0.0705258449305512,0.0722484511428774,1.02442517652958,0.0705208473836522,0.949,0.051,0.00311123769583746,0.051,NA,NA,NA,NA,NA,NA,0,0.1994,0.463488000000007,"broad",NA,NA,30,15644,111,"independent",0,"negative",0.336679880956653,0.155157143229502,0.0443361531299888,"ok","sampling_rho_0.50",TRUE,FALSE,FALSE,FALSE,"sampling",0.5,NA,NA,23,7,12303.4593406593,5992.5,4029.76847106636,16119.0738842654,0.000248153214553138,0.0157528795638492,12.5778468239604,4.42150851205236,7.07044857344499,"ok",0.0498911264458339,0.00472574158861501,-0.950108873554166
32,"broad",0,"mlma",NA,NA,5000,4996,4,0,8e-04,0.000601418120222398,0.000601418120222398,0.0017650366433855,0.0420123391801207,0.0432127025821515,1.02857168692475,0.0420124393148052,0.951361088871097,0.0486389111289031,0.00304336049871185,0.0486389111289031,NA,NA,NA,NA,NA,NA,0,0,0.731503202562039,"broad",NA,NA,120,14492,820,"nk_minority",0.709691864178021,"negative",0.704492714321241,0.109118884925323,0.203289144102833,"ok","sampling_rho_0.50",TRUE,FALSE,FALSE,FALSE,"sampling",0.5,NA,NA,97,23,15136.1370545189,5079.16111432427,3803.00493746289,15212.0197498516,0.000262949961002978,0.0162157318984675,82.6419870993003,18.3837063051302,30.2818677658336,"ok",0.148977054945792,0.00150208668238252,-0.851022945054208
33,"broad",0,"mlma",NA,NA,5000,4998,2,0,4e-04,-1.59589926906861e-05,-1.59589926906861e-05,0.00128642313866998,0.0358667414002162,0.0361796373158365,1.00872384564098,0.0358631566621883,0.951180472188876,0.0488195278111244,0.00304810640958585,0.0488195278111244,NA,NA,NA,NA,NA,NA,0,0,0.49962184873951,"broad",NA,NA,60,5173,453,"n_minority",0.58221865759624,"negative",0.152681913743727,0.0771792818933609,0.161043396765599,"ok","sampling_rho_0.50",TRUE,FALSE,FALSE,FALSE,"sampling",0.5,NA,NA,38,22,3780.59465133307,3621.32557997558,1849.62329916528,7398.4931966611,0.000540650628942279,0.0232518951688304,32.5536287765866,18.1459843272788,43.8584553364504,"ok",0.420274334851635,0.000745772509727704,-0.579725665148365
34,"broad",0,"mlma",NA,NA,5000,5000,0,0,0,0.00117535711348337,0.00117535711348337,0.00947121229107113,0.0973201535709389,0.0964270453307461,0.990822987763354,0.0973175190443999,0.9384,0.0616,0.00340015999623547,0.0616,NA,NA,NA,NA,NA,NA,0.0014,0,0.271480000000063,"broad",NA,NA,36,5345,63,"independent",0,"positive",0.727511764313094,0.222813236181915,0.178965812379494,"ok","sampling_rho_0.50",TRUE,FALSE,FALSE,FALSE,"sampling",0.5,NA,NA,23,13,4348.96666666667,2638.8,1642.30630291986,6569.22521167946,0.000608899812551468,0.0246758953748687,12.0195241424444,8.94652650512622,16.2114460822142,"ok",0.0642895327270302,0.00886231247851966,-0.93571046727297
35,"broad",0,"mlma",NA,NA,5000,5000,0,0,0,-0.00239427099831154,-0.00239427099831154,0.00394066103000771,0.0627746846269076,0.0631245032549244,1.005572606698,0.0628140544099413,0.9452,0.0548,0.00321860093829602,0.0548,NA,NA,NA,NA,NA,NA,0,6e-04,0.269777999999924,"broad",NA,NA,48,4867,153,"n_minority",0.944746744867152,"negative",0.368760630753823,0.131627704519255,0.114501901405514,"ok","sampling_rho_0.50",TRUE,FALSE,FALSE,FALSE,"sampling",0.5,NA,NA,38,10,4953.25238095238,1647.16666666667,1236.10821595262,4944.43286381047,0.000808990658822974,0.0284427610970344,36.9576550003816,9.93419482715184,15.4399436168478,"ok",0.205293135507621,0.00313167037118474,-0.794706864492379
36,"broad",0,"mlma",NA,NA,5000,5000,0,0,0,-0.000217708757311934,-0.000217708757311934,0.00706507107208543,0.0840539771342524,0.082229100850106,0.978289233343096,0.0840458532883926,0.9374,0.0626,0.00342582077756557,0.0626,NA,NA,NA,NA,NA,NA,0,0,0.28258799999999,"broad",NA,NA,36,12804,137,"n_majority",0.900602563876164,"positive",0.81210922828177,0.189435953683453,0.13503621896432,"ok","sampling_rho_0.50",TRUE,FALSE,FALSE,FALSE,"sampling",0.5,NA,NA,25,11,18772.5246031746,1837,1673.26167682295,6693.04670729179,0.00059763515405356,0.0244465775529737,16.4013186231013,8.53354610684325,9.03775490575497,"ok",0.0845901121101041,0.00646743591803187,-0.915409887889896
37,"broad",0,"mlma",NA,NA,5000,5000,0,0,0,0.00157680728948839,0.00157680728948839,0.00393808353587886,0.0627541515429765,0.062940715681992,1.00297293699984,0.062767684682485,0.9464,0.0536,0.00318518570887162,0.0536,NA,NA,NA,NA,NA,NA,0,0,0.442922000000013,"broad",NA,NA,60,37106,440,"nk_minority",0.462509987986996,"negative",0.390906514199451,0.225731541872432,0.164344575180497,"ok","sampling_rho_0.50",TRUE,FALSE,FALSE,FALSE,"sampling",0.5,NA,NA,36,24,33236.0010133799,25793.2859859095,14522.7178362565,58090.8713450261,6.88576347261572e-05,0.00829805005565507,23.7511571554259,18.4420733585674,37.6398388599576,"ok",0.0174850619847987,0.0038692259011527,-0.982514938015201
38,"broad",0,"mlma",NA,NA,5000,5000,0,0,0,0.000620599664286619,0.000620599664286619,0.00986417975172469,0.0993185770725935,0.0975867382581275,0.982562790713361,0.0993105838252785,0.9402,0.0598,0.00335332551357604,0.0598,NA,NA,NA,NA,NA,NA,0,0,0.353997999999996,"broad",NA,NA,30,14814,152,"independent",0,"negative",0.488871532636695,0.24849709042866,0.0593117249502102,"ok","sampling_rho_0.50",TRUE,FALSE,FALSE,FALSE,"sampling",0.5,NA,NA,20,10,13561.7328056475,6613.03333333333,4445.36459474606,17781.4583789843,0.00022495342703316,0.0149984474874288,19.8026188588779,9.87847330274547,17.6649318595751,"ok",0.0228050818917638,0.00963922632469153,-0.977194918108236
39,"broad",0,"mlma",NA,NA,5000,5000,0,0,0,-0.000488788171083096,-0.000488788171083096,0.00147656663403397,0.0384261191643649,0.0383384689672239,0.997718994292238,0.0384253852886781,0.9456,0.0544,0.0032075111847038,0.0544,NA,NA,NA,NA,NA,NA,0,0,0.283914000000038,"broad",NA,NA,96,38580,257,"n_minority",0.653453153841401,"negative",0.286948142386973,0.174278220593988,0.0707818103544996,"ok","sampling_rho_0.50",TRUE,FALSE,FALSE,FALSE,"sampling",0.5,NA,NA,56,40,30647.6619047619,22199.3333333333,12874.1030487324,51496.4121949298,7.76753142502193e-05,0.00881335998641944,55.8507370782989,39.7907054928346,84.1241800962185,"ok",0.0526053565479877,0.00139889131978375,-0.947394643452012
40,"broad",0,"mlma",NA,NA,5000,5000,0,0,0,-8.40367597070032e-05,-8.40367597070032e-05,0.0101171437438351,0.100584013361146,0.101276090237421,1.00688058522571,0.100573989566206,0.9478,0.0522,0.00314563697841947,0.0522,NA,NA,NA,NA,NA,NA,0,0.002,0.368570000000056,"broad",NA,NA,60,8132,350,"n_minority",0.417800639054331,"independent",0.274321816812735,0.241996149487677,0.0614221795951016,"ok","sampling_rho_0.50",TRUE,FALSE,FALSE,FALSE,"sampling",0.5,NA,NA,53,7,10370.0204184704,2869.42619047619,2247.52658199657,8990.10632798629,0.000444933558521767,0.021093448236876,40.3170238240564,4.22279465526555,5.22030601732497,"ok",0.0439781789986811,0.00967221018531334,-0.956021821001319
41,"broad",0,"mlma",NA,NA,5000,5000,0,0,0,-0.00102562131572255,-0.00102562131572255,0.0168804325815296,0.129924718901099,0.124065239942811,0.95490096874677,0.129915774231217,0.935,0.065,0.00348640215695206,0.065,NA,NA,NA,NA,NA,NA,0,0,0.338192000000071,"broad",NA,NA,48,4679,226,"n_majority",0.958990744604525,"independent",0.643864973161835,0.0403946092121769,0.121462737824477,"ok","sampling_rho_0.50",TRUE,FALSE,FALSE,FALSE,"sampling",0.5,NA,NA,44,4,6314.31488487358,79.3333333333333,78.3489535922248,313.395814368899,0.0127634123258953,0.112975273072895,9.89347229635054,3.92,2.99367979865743,"ok",0.756106945971332,0.00411702025563429,-0.243893054028668
42,"broad",0,"mlma",NA,NA,5000,4994,6,0,0.0012,-0.000449568425398232,-0.000449568425398232,0.0117463861489137,0.108380746209434,0.108336754792429,0.999594103025272,0.108370827075064,0.938926712054465,0.0610732879455346,0.00338857598788667,0.0610732879455346,NA,NA,NA,NA,NA,NA,0,0.780536643972767,0.904833800560616,"broad",NA,NA,24,2868,131,"n_minority",0.408140703479439,"negative",0.292788978281897,0.207262940041488,0.0492448356668465,"ok","sampling_rho_0.50",TRUE,FALSE,FALSE,FALSE,"sampling",0.5,NA,NA,18,6,2295.19918969919,1143.85683760684,763.401138557104,3053.60455422842,0.00130992731015582,0.0361929179558076,12.4961440773313,3.14596361457417,4.60444897673293,"ok",0.111517473846793,0.0104364588387579,-0.888482526153207
43,"broad",0,"mlma",NA,NA,5000,5000,0,0,0,-0.000455995302547165,-0.000455995302547165,0.000499259693762847,0.0223441198923307,0.0219600705033559,0.982812060138175,0.0223465382898569,0.9396,0.0604,0.00336903072114221,0.0604,NA,NA,NA,NA,NA,NA,0.0432,0,0.314033999999753,"broad",NA,NA,30,11839,225,"nk_minority",0.80417313663027,"positive",0.128321844791062,0.033191065131221,0.107813337115222,"ok","sampling_rho_0.50",TRUE,FALSE,FALSE,FALSE,"sampling",0.5,NA,NA,17,13,5674.89047619048,15451.7585581086,4150.54168502754,16602.1667401102,0.000240932407354768,0.0155219975310772,13.2003496868931,8.55078509849028,18.7262738520267,"ok",0.482579327681944,0.000258327286408079,-0.517420672318056
44,"broad",0,"mlma",NA,NA,5000,5000,0,0,0,-0.00264467256235042,-0.00264467256235042,0.0107268105687754,0.103570317025562,0.105238100127299,1.01610290621516,0.10359372326364,0.949,0.051,0.00311123769583746,0.051,NA,NA,NA,NA,NA,NA,0,0,0.263260000000008,"broad",NA,NA,30,6831,121,"n_minority",0.546283832488261,"independent",0.717263656293508,0.235035443684785,0.21995771293994,"ok","sampling_rho_0.50",TRUE,FALSE,FALSE,FALSE,"sampling",0.5,NA,NA,21,9,7359.8,3440,2344.27600511121,9377.10402044482,0.000426570931844078,0.0206535936786816,20.9017064454902,8.95961823982509,15.7620364619015,"ok",0.0397668001228419,0.0103002396369313,-0.960233199877158
45,"broad",0,"mlma",NA,NA,5000,4998,2,0,4e-04,0.000214837333598285,0.000214837333598285,0.00416796953827466,0.0645598136480788,0.0662049967297861,1.02548308287684,0.0645537122548032,0.941376550620248,0.0586234493797519,0.00332291510852169,0.0586234493797519,NA,NA,NA,NA,NA,NA,0.0324129651860744,0,0.325874349739855,"broad",NA,NA,24,3128,170,"n_minority",0.682867921954748,"positive",0.532821686947718,0.0578786345579429,0.224547301560757,"ok","sampling_rho_0.50",TRUE,FALSE,FALSE,FALSE,"sampling",0.5,NA,NA,16,8,903.192063492064,4803.97538072301,760.256726211584,3041.02690484634,0.00131534515318671,0.0362676874529754,11.8722091489193,1.58267033100471,9.2462326243001,"ok",0.315584157011665,0.00285262438508795,-0.684415842988335
46,"broad",0,"mlma",NA,NA,5000,5000,0,0,0,-0.000980750900732325,-0.000980750900732325,0.00145047594426984,0.0380851144710087,0.0368408148234479,0.967328451946546,0.0380939328687689,0.9382,0.0618,0.00340531232047811,0.0618,NA,NA,NA,NA,NA,NA,0,0,0.503474000000002,"broad",NA,NA,120,22299,585,"n_majority",0.358030616192118,"negative",0.139815547391772,0.0980491817670409,0.248308668094222,"ok","sampling_rho_0.50",TRUE,FALSE,FALSE,FALSE,"sampling",0.5,NA,NA,93,27,21998.7833333333,5109.22443593336,4146.25531776992,16585.0212710797,0.000241181481447663,0.0155300187201324,72.074715897701,11.040135374847,15.1300653208613,"ok",0.166277477679282,0.00120929446282217,-0.833722522320718
47,"broad",0,"mlma",NA,NA,5000,5000,0,0,0,-0.00079955408476065,-0.00079955408476065,0.0034489326171235,0.0587276137530166,0.0598943531349263,1.01986696389226,0.0587271838021758,0.954,0.046,0.00296256645495084,0.046,NA,NA,NA,NA,NA,NA,0,0,0.559083999999904,"broad",NA,NA,96,13786,628,"n_minority",0.975317383124056,"independent",0.180916420351714,0.220655136180809,0.100642850187607,"ok","sampling_rho_0.50",TRUE,FALSE,FALSE,FALSE,"sampling",0.5,NA,NA,77,19,8234.93130044634,14395.7437908497,5238.37493394392,20953.4997357757,0.000190898897579886,0.0138166167197287,53.5643725202091,11.6453929235615,49.6612333589288,"ok",0.0553501383680556,0.00325803371954362,-0.944649861631944
48,"broad",0,"mlma",NA,NA,5000,5000,0,0,0,0.000644698325085209,0.000644698325085209,0.0178647061207262,0.133658917101427,0.134416349640764,1.00566690615009,0.13364710552583,0.9464,0.0536,0.00318518570887162,0.0536,NA,NA,NA,NA,NA,NA,0,0,0.279987999999928,"broad",NA,NA,36,3313,116,"nk_minority",0.592951685863518,"independent",0.618860845749732,0.198264266663173,0.152062931929657,"ok","sampling_rho_0.50",TRUE,FALSE,FALSE,FALSE,"sampling",0.5,NA,NA,32,4,3915.6,980.4,784.079705882353,3136.31882352941,0.00127538054166912,0.0357124703943751,13.8550681418466,2.11437328982504,1.73285830928805,"ok",0.0713910731612569,0.0165893255790571,-0.928608926838743
49,"broad",0,"mlma",NA,NA,5000,5000,0,0,0,0.00116482828929553,0.00116482828929553,0.00715844825683619,0.0846076134685064,0.0833702681205736,0.985375484578661,0.0846071710443528,0.938,0.062,0.00341045451516363,0.062,NA,NA,NA,NA,NA,NA,0.0032,0,0.262372000000026,"broad",NA,NA,36,25568,68,"independent",0,"positive",0.111598732480779,0.191422047653585,0.192527133278258,"ok","sampling_rho_0.50",TRUE,FALSE,FALSE,FALSE,"sampling",0.5,NA,NA,20,16,25268.2,9613,6963.72850131303,27854.9140052521,0.000143601233134153,0.0119833731951464,12.8988810571842,9.9740808167002,15.4181058896958,"ok",0.0200603857123667,0.00701484702370204,-0.979939614287633
50,"broad",0,"mlma",NA,NA,5000,5000,0,0,0,5.36716618358422e-05,5.36716618358422e-05,0.00101664073817746,0.0318848041891032,0.0313284200679295,0.982550179142579,0.03188166072646,0.941,0.059,0.00333223648620562,0.059,NA,NA,NA,NA,NA,NA,0,0,0.396967999999912,"broad",NA,NA,60,41074,415,"n_minority",0.377674776375643,"negative",0.658202709793113,0.088919751532143,0.0714645735999802,"ok","sampling_rho_0.50",TRUE,FALSE,FALSE,FALSE,"sampling",0.5,NA,NA,47,13,52814.6687691394,15898.6588744589,12220.0806033342,48880.3224133369,8.18325207877232e-05,0.00904613291897279,45.9648720781431,12.6051253649932,19.1947502544557,"ok",0.0804930569027023,0.000934808217389733,-0.919506943097298
51,"broad",0,"mlma",NA,NA,5000,4995,5,0,0.001,0.00128946350390023,0.00128946350390023,0.00168680851008958,0.0410707744033343,0.041126179798687,1.00134902241698,0.04108690213214,0.951151151151151,0.0488488488488488,0.00304989009516586,0.0488488488488488,NA,NA,NA,NA,NA,NA,0.0766766766766767,0,0.473827827827815,"broad",NA,NA,120,38250,423,"nk_minority",0.634302391583042,"negative",0.466436469387263,0.0421802866184153,0.210435306443425,"ok","sampling_rho_0.50",TRUE,FALSE,FALSE,FALSE,"sampling",0.5,NA,NA,110,10,53818.8,4985.6,4562.90701512132,18251.6280604853,0.000219158531323569,0.0148040038950133,109.944433216419,9.99606497101692,10.7323930145429,"ok",0.129924961851141,0.00146764997876601,-0.870075038148859
52,"broad",0,"mlma",NA,NA,5000,5000,0,0,0,-0.000308653685575658,-0.000308653685575658,0.0017275120358073,0.0415633496701998,0.0409972735888861,0.986380402787422,0.041560339273131,0.9446,0.0554,0.00323514574633045,0.0554,NA,NA,NA,NA,NA,NA,0,0.9986,1.33689399999992,"broad",NA,NA,72,11544,554,"independent",0,"negative",0.849764391928911,0.117962273352721,0.0319425661808928,"ok","sampling_rho_0.50",TRUE,FALSE,FALSE,FALSE,"sampling",0.5,NA,NA,41,31,10676.0403152403,8618.74783549784,4768.85771638519,19075.4308655407,0.000209693821764513,0.0144808087400018,12.6603174715584,15.2865283699409,25.9460788090663,"ok",0.121384868769681,0.00151781821404278,-0.878615131230319
53,"broad",0,"mlma",NA,NA,5000,5000,0,0,0,-0.00095259718226322,-0.00095259718226322,0.00565096791077968,0.0751729200628769,0.0755771905133228,1.00537787344309,0.0751714384496477,0.9496,0.0504,0.00309385972532693,0.0504,NA,NA,NA,NA,NA,NA,0.0062,0,0.30992600000012,"broad",NA,NA,48,12531,150,"n_minority",0.887643698381144,"negative",0.226428564784583,0.132502243192983,0.215038244428462,"ok","sampling_rho_0.50",TRUE,FALSE,FALSE,FALSE,"sampling",0.5,NA,NA,34,14,3243.04848484848,9894.83333333333,2442.51125817601,9770.04503270403,0.000409414694262973,0.0202339984744235,28.6632990451995,5.73138517790543,29.954742063583,"ok",0.072450366154439,0.00524155321651671,-0.927549633845561
54,"broad",0,"mlma",NA,NA,5000,5000,0,0,0,-0.000751450425038091,-0.000751450425038091,0.00617635183449589,0.0785897692737158,0.0773937104038349,0.98478098509597,0.0785855027461827,0.9422,0.0578,0.00330027756408457,0.0578,NA,NA,NA,NA,NA,NA,0,0,0.30429800000001,"broad",NA,NA,24,10924,136,"nk_majority",0.998285964026873,"positive",0.388472439916804,0.105794934902806,0.0499364083755063,"ok","sampling_rho_0.50",TRUE,FALSE,FALSE,FALSE,"sampling",0.5,NA,NA,19,5,18997.811827957,346.666666666667,340.454156062611,1361.81662425044,0.00293725302567931,0.0541964300086206,6.32974837907241,4.71671783421714,3.85270402975354,"ok",0.475564395356219,0.00323909880881658,-0.524435604643781
55,"broad",0,"mlma",NA,NA,5000,5000,0,0,0,3.99073819297504e-05,3.99073819297504e-05,0.00713218339842321,0.0844522551411341,0.083852038017019,0.992892823014471,0.0844438189232501,0.939,0.061,0.00338464178311383,0.061,NA,NA,NA,NA,NA,NA,0,0,0.32206000000007,"broad",NA,NA,36,16955,229,"independent",0,"independent",0.238304410446435,0.245371027423302,0.083682088773814,"ok","sampling_rho_0.50",TRUE,FALSE,FALSE,FALSE,"sampling",0.5,NA,NA,20,16,19086.5674603175,9920.13095238095,6527.50085321373,26110.0034128549,0.000153197988401283,0.0123773174961816,11.624321743971,7.5151577136899,12.9091033359119,"ok",0.0214798161857633,0.00697898541002193,-0.978520183814237
56,"broad",0,"mlma",NA,NA,5000,4999,1,0,2e-04,0.000614166571462526,0.000614166571462526,0.0271380730115043,0.164736374281773,0.16067315270001,0.975335006616007,0.164721041496645,0.938187637527505,0.0618123624724945,0.00340597107906262,0.0618123624724945,NA,NA,NA,NA,NA,NA,0,0,0.360822164432849,"broad",NA,NA,36,7960,225,"n_majority",0.5431327748482,"positive",0.577102429603692,0.240351655793202,0.207334276292822,"ok","sampling_rho_0.50",TRUE,FALSE,FALSE,FALSE,"sampling",0.5,NA,NA,31,5,14168.6837648941,140.666666666667,139.283856789604,557.135427158417,0.0071795829254682,0.0847324195657613,6.40307075786094,4.21740160090939,3.28141084247143,"ok",0.264557580135651,0.0199584900860361,-0.735442419864349
57,"broad",0,"mlma",NA,NA,5000,4987,13,0,0.0026,3.24516504117925e-06,3.24516504117925e-06,0.00144947557545961,0.0380719788750153,0.0381568334504449,1.00222879340494,0.0380681616995557,0.946460798074995,0.053539201925005,0.00318762759393401,0.053539201925005,NA,NA,NA,NA,NA,NA,0.153599358331662,0,0.380946460798349,"broad",NA,NA,120,74049,233,"nk_minority",0.474315912885795,"positive",0.452889396594837,0.0667798782069585,0.226611853538663,"ok","sampling_rho_0.50",TRUE,FALSE,FALSE,FALSE,"sampling",0.5,NA,NA,100,20,70975.3333333333,26600.1388888889,19348.6506532313,77394.6026129252,5.16831906225459e-05,0.0071891022125538,79.9191361606099,15.1848265303287,26.1494366268952,"ok",0.0356564756920155,0.00139779238483707,-0.964343524307985
58,"broad",0,"mlma",NA,NA,5000,4994,6,0,0.0012,-0.00056999520706465,-0.00056999520706465,0.00857626566602119,0.0926081295892601,0.0893878940786128,0.965227291330364,0.0926006114809582,0.924309171005206,0.0756908289947937,0.00374288077126916,0.0756908289947937,NA,NA,NA,NA,NA,NA,0.26431718061674,0,0.451800160192156,"broad",NA,NA,24,9313,39,"n_majority",0.433208510180266,"negative",0.730740077148657,0.0870168253126321,0.200678958413657,"ok","sampling_rho_0.50",TRUE,FALSE,FALSE,FALSE,"sampling",0.5,NA,NA,19,5,8086.5,2327,1807.00873865655,7228.03495462621,0.000553400754853828,0.0235244714043446,18.6596833998998,4.84084583156586,6.25672489472851,"ok",0.0645270070219932,0.00802286491116736,-0.935472992978007
59,"broad",0,"mlma",NA,NA,5000,5000,0,0,0,8.33071946229354e-05,8.33071946229354e-05,0.00247102779082677,0.0497094336200561,0.0480777612163218,0.967175799744457,0.0497045322416103,0.9412,0.0588,0.00332693733033852,0.0588,NA,NA,NA,NA,NA,NA,0,0,0.400987999999965,"broad",NA,NA,72,6330,436,"n_majority",0.397347981903586,"independent",0.873216608576477,0.0913032407094724,0.237097826120909,"ok","sampling_rho_0.50",TRUE,FALSE,FALSE,FALSE,"sampling",0.5,NA,NA,45,27,7600.02965367965,2660.89206349206,1970.86179440756,7883.44717763023,0.000507392249846012,0.0225253690279652,18.7014662012093,13.546112679436,21.0411482253695,"ok",0.205336520993253,0.00196363554098075,-0.794663479006747
60,"broad",0,"mlma",NA,NA,5000,5000,0,0,0,0.000117566907245858,0.000117566907245858,0.000677527628247834,0.0260293608881938,0.0261455637063279,1.00446429778408,0.0260270233545802,0.9512,0.0488,0.00304691844328003,0.0488,NA,NA,NA,NA,NA,NA,2e-04,0,0.415653999999951,"broad",NA,NA,120,58417,504,"nk_minority",0.903121826498973,"positive",0.797499532529619,0.0717112309009535,0.218780506858486,"ok","sampling_rho_0.50",TRUE,FALSE,FALSE,FALSE,"sampling",0.5,NA,NA,74,46,21447.4333333333,75935.0761904762,16723.8705617731,66895.4822470924,5.9794770373658e-05,0.00773270782932201,53.6277324845007,29.0660065239942,75.2920453973458,"ok",0.0882543646644998,0.000617732857874176,-0.9117456353355
61,"broad",0,"mlma",NA,NA,5000,4992,8,0,0.0016,-0.00152460883419835,-0.00152460883419835,0.00403434012975287,0.0635164555824148,0.0620017483837279,0.976152523235156,0.0635283905098067,0.934495192307692,0.0655048076923077,0.00350177175455138,0.0655048076923077,NA,NA,NA,NA,NA,NA,0.0675080128205128,0,0.379977964743562,"broad",NA,NA,30,17657,153,"nk_minority",0.835937451204663,"positive",0.315327940878924,0.0837493490126217,0.245047858642763,"ok","sampling_rho_0.50",TRUE,FALSE,FALSE,FALSE,"sampling",0.5,NA,NA,24,6,23226.2,6130.14285714286,4850.05658645686,19400.2263458274,0.000206183161407306,0.0143590794066787,23.9891347724847,5.996899139521,7.86360465738881,"ok",0.0511070348002453,0.00382815696834556,-0.948892965199755
62,"broad",0,"mlma",NA,NA,5000,4999,1,0,2e-04,0.000491598842387406,0.000491598842387406,0.0024307429592348,0.0493025654427313,0.0493354253901603,1.00066649569112,0.0493000850183407,0.9499899979996,0.0500100020004001,0.00308280733752209,0.0500100020004001,NA,NA,NA,NA,NA,NA,0,0,0.345023004600912,"broad",NA,NA,120,15215,187,"n_majority",0.92572281611283,"positive",0.829022548573557,0.182911875799531,0.181677785408159,"ok","sampling_rho_0.50",TRUE,FALSE,FALSE,FALSE,"sampling",0.5,NA,NA,71,49,13132.0571428571,4492,3347.08405718158,13388.3362287263,0.000298767519104989,0.0172848927999276,59.4719576928973,44.8331681738396,72.5829102948604,"ok",0.122912016661375,0.00213197544012981,-0.877087983338625
63,"broad",0,"mlma",NA,NA,5000,5000,0,0,0,9.85027014380415e-05,9.85027014380415e-05,0.000635014433337096,0.0251994927198366,0.0250032436097124,0.992212180129736,0.0251971651824688,0.9466,0.0534,0.00317957355631223,0.0534,NA,NA,NA,NA,NA,NA,0,0.0296,0.500302000000156,"broad",NA,NA,120,13165,464,"nk_minority",0.825101711107563,"negative",0.560433143645059,0.075437255828816,0.0981575024570921,"ok","sampling_rho_0.50",TRUE,FALSE,FALSE,FALSE,"sampling",0.5,NA,NA,67,53,8646.5882886934,7591.28892480069,4042.32333144643,16169.2933257857,0.000247382487249524,0.0157283974787492,66.5360938896752,52.5113556806668,113.127295166995,"ok",0.389569865285568,0.000387631946087572,-0.610430134714432
64,"broad",0,"mlma",NA,NA,5000,5000,0,0,0,0.00265893605350597,0.00265893605350597,0.0130287200089261,0.114143418596633,0.114515750779359,1.00326196803376,0.114162972131339,0.9438,0.0562,0.00325704037432759,0.0562,NA,NA,NA,NA,NA,NA,4e-04,0,0.216536000000127,"broad",NA,NA,30,8834,63,"independent",0,"positive",0.340607614526525,0.149962338633835,0.147841069786751,"ok","sampling_rho_0.50",TRUE,FALSE,FALSE,FALSE,"sampling",0.5,NA,NA,27,3,11059.1666666667,1081.33333333333,985.020843915453,3940.08337566181,0.00101520694326123,0.0318623122711021,13.4436335981023,2.95057264493322,2.34714606948043,"ok",0.0779206969345953,0.0120135130656649,-0.922079303065405
65,"broad",0,"mlma",NA,NA,5000,5000,0,0,0,-0.00040232157218625,-0.00040232157218625,0.00399736241508799,0.0632246978252011,0.0625356589656263,0.989101745310356,0.0632196552130144,0.9454,0.0546,0.00321306209090332,0.0546,NA,NA,NA,NA,NA,NA,0,0,0.275275999999998,"broad",NA,NA,120,39422,281,"independent",0,"negative",0.478952641701326,0.217219139073335,0.0950645271357498,"ok","sampling_rho_0.50",TRUE,FALSE,FALSE,FALSE,"sampling",0.5,NA,NA,104,16,43322.9833333333,6128.80952380952,5369.2353201472,21476.9412805888,0.00018624626047729,0.0136472070577569,93.5180374401622,13.5031932724414,16.247078909766,"ok",0.0465922878982166,0.0038111161546107,-0.953407712101783
66,"broad",0,"mlma",NA,NA,5000,5000,0,0,0,-0.000482095243230151,-0.000482095243230151,0.00127121674818738,0.0356541266642079,0.0376838328093793,1.05692766406221,0.0356538205619158,0.9604,0.0396,0.00275796446677618,0.0396,NA,NA,NA,NA,NA,NA,0,0,0.440594000000005,"broad",NA,NA,60,12121,468,"nk_minority",0.515959765618172,"positive",0.899775013492908,0.0643432755535469,0.0891852131107007,"ok","sampling_rho_0.50",TRUE,FALSE,FALSE,FALSE,"sampling",0.5,NA,NA,46,14,10809.4748917749,10930.9174048174,5434.92847872665,21739.7139149066,0.000183995061556779,0.0135644779315969,23.7032652597482,7.64854493017525,20.6960967360828,"ok",0.144739330896274,0.0010872216866306,-0.855260669103726
67,"broad",0,"mlma",NA,NA,5000,5000,0,0,0,-0.00070138111920689,-0.00070138111920689,0.0171869659844108,0.131099069349903,0.131676668208173,1.00440581966855,0.131087835159058,0.9428,0.0572,0.00328414859590732,0.0572,NA,NA,NA,NA,NA,NA,0,0,0.322840000000011,"broad",NA,NA,30,17358,215,"nk_minority",0.965631506986683,"negative",0.835111230243929,0.196923574743734,0.14005983297393,"very_low_df","sampling_rho_0.50",TRUE,FALSE,FALSE,FALSE,"sampling",0.5,NA,NA,27,3,21487.9190218278,4497.2,3718.8773060377,14875.5092241508,0.000268898357678128,0.0163981205532259,10.6641689857415,1.52328675903397,0.763434225798189,"very_low_df",0.0156454814608948,0.0169180676267326,-0.984354518539105
68,"broad",0,"mlma",NA,NA,5000,5000,0,0,0,-0.000337497117712454,-0.000337497117712454,0.000478224362064137,0.021868341548095,0.0215320815948647,0.984623436007221,0.0218687590296338,0.9494,0.0506,0.00309966578843591,0.0506,NA,NA,NA,NA,NA,NA,0,0,0.466492000000062,"broad",NA,NA,96,75450,535,"independent",0,"positive",0.174440973286983,0.0364305123803206,0.0538877677897108,"ok","sampling_rho_0.50",TRUE,FALSE,FALSE,FALSE,"sampling",0.5,NA,NA,88,8,123216.102491952,5907.77777777778,5637.48046175306,22549.9218470122,0.000177384206789612,0.0133185662437671,49.403546269573,4.77123793333112,4.14080096943768,"ok",0.370922564513395,0.000300840155274525,-0.629077435486605
69,"broad",0,"mlma",NA,NA,5000,5000,0,0,0,0.000348142025439228,0.000348142025439228,0.000671115984340091,0.0259059063601352,0.0255509033597596,0.986296445473075,0.0259056550585601,0.9456,0.0544,0.0032075111847038,0.0544,NA,NA,NA,NA,NA,NA,0,0,0.553316000000064,"broad",NA,NA,120,9843,722,"independent",0,"positive",0.354555232615676,0.0471127180070034,0.138265020957915,"ok","sampling_rho_0.50",TRUE,FALSE,FALSE,FALSE,"sampling",0.5,NA,NA,99,21,13482.8095238095,2780.66666666667,2305.23896470717,9220.95585882867,0.00043379450690789,0.0208277340800167,97.8814656752358,20.9220511102754,28.7354498888891,"ok",0.646377849775759,0.000237321477432201,-0.353622150224241
70,"broad",0,"mlma",NA,NA,5000,5000,0,0,0,-0.00200897209966028,-0.00200897209966028,0.00364210605031571,0.0603498637141436,0.0600714250179493,0.995386258078177,0.0603772606036648,0.9392,0.0608,0.00337944847571316,0.0608,NA,NA,NA,NA,NA,NA,0,0,0.313042000000054,"broad",NA,NA,24,3759,191,"nk_majority",0.533540162603313,"negative",0.781375711171422,0.0543217562597129,0.129048731125949,"ok","sampling_rho_0.50",TRUE,FALSE,FALSE,FALSE,"sampling",0.5,NA,NA,18,6,3810.82715650363,1467.875,1059.69568778585,4238.7827511434,0.000943667140978388,0.0307191656946993,14.9892675616206,5.26198749415077,7.82398101040166,"ok",0.259099303518795,0.00269843890933732,-0.740900696481205
71,"broad",0,"mlma",NA,NA,5000,5000,0,0,0,-0.00159778711806262,-0.00159778711806262,0.00456854262948157,0.0675909951804349,0.0689292376828428,1.01979912411166,0.0676031200805874,0.9534,0.0466,0.00298088711627931,0.0466,NA,NA,NA,NA,NA,NA,0,0,0.491099999999779,"broad",NA,NA,96,8113,693,"nk_majority",0.910625470752275,"independent",0.205308859641664,0.213575162371213,0.228681360768736,"ok","sampling_rho_0.50",TRUE,FALSE,FALSE,FALSE,"sampling",0.5,NA,NA,80,16,12589.7333222333,1049.37777777778,968.639838742078,3874.55935496831,0.0010323754609336,0.032130600071172,62.9417343434876,14.7581331778552,16.1223712856185,"ok",0.225974789919111,0.00353616716854797,-0.774025210080889
72,"broad",0,"mlma",NA,NA,5000,5000,0,0,0,-0.000451016391466565,-0.000451016391466565,0.0124902973026992,0.111759998669914,0.110269384071658,0.986662360272046,0.11174973225482,0.937,0.063,0.00343601513384327,0.063,NA,NA,NA,NA,NA,NA,0,0,0.273998000000018,"broad",NA,NA,24,17781,184,"independent",0,"positive",0.75656509864144,0.194683352707478,0.143349958365085,"ok","sampling_rho_0.50",TRUE,FALSE,FALSE,FALSE,"sampling",0.5,NA,NA,20,4,25734.8682539683,5629,4618.74065496557,18474.9626198623,0.000216509233729092,0.0147142527411042,19.144856627048,3.80850055720611,4.14081329381669,"ok",0.0173341937731381,0.0122737880689701,-0.982665806226862
73,"broad",0,"mlma",NA,NA,5000,5000,0,0,0,-0.000897661838206495,-0.000897661838206495,0.00795026457123907,0.089164256130128,0.0883501138739375,0.990869185797924,0.0891598582048031,0.9398,0.0602,0.00336380617753164,0.0602,NA,NA,NA,NA,NA,NA,0,4e-04,0.33298799999996,"broad",NA,NA,36,27253,129,"nk_minority",0.731284637813515,"positive",0.14695989865344,0.23671525384672,0.0350981061042985,"ok","sampling_rho_0.50",TRUE,FALSE,FALSE,FALSE,"sampling",0.5,NA,NA,26,10,18898.4,24128.3,10597.7512735116,42391.0050940463,9.43596404738654e-05,0.00971388904990506,19.2407851826532,7.87955330162755,22.0837461375377,"ok",0.0118687421818918,0.0078559049307652,-0.988131257818108
74,"broad",0,"mlma",NA,NA,5000,5000,0,0,0,0.00090363927400585,0.00090363927400585,0.00125784711819074,0.0354661404467803,0.0353466861155158,0.996631876777128,0.0354741048189328,0.9366,0.0634,0.00344617004803884,0.0634,NA,NA,NA,NA,NA,NA,2e-04,0.0022,0.27964600000006,"broad",NA,NA,24,4419,161,"independent",0,"negative",0.105964556003455,0.0571625884140958,0.0549497176372679,"ok","sampling_rho_0.50",TRUE,FALSE,FALSE,FALSE,"sampling",0.5,NA,NA,19,5,5961.15476190476,1539.71666666667,1223.65640137791,4894.62560551166,0.000817222873082621,0.0285871102611408,18.7186782302202,4.90292940509065,6.09000530011293,"ok",0.649699682309638,0.000440624245108124,-0.350300317690362
75,"broad",0,"mlma",NA,NA,5000,5000,0,0,0,0.000835143788756399,0.000835143788756399,0.00320911120631565,0.0566490176994769,0.0564584707943168,0.996636359942357,0.0566495088171317,0.9484,0.0516,0.00312849612433834,0.0516,NA,NA,NA,NA,NA,NA,0,0.0106,0.392611999999995,"broad",NA,NA,120,12570,341,"nk_majority",0.439426729340485,"positive",0.552497545813676,0.142118609268218,0.0394588745055953,"ok","sampling_rho_0.50",TRUE,FALSE,FALSE,FALSE,"sampling",0.5,NA,NA,99,21,19217.0436507937,925.166666666667,882.672156500166,3530.68862600066,0.0011329234672645,0.0336589284925189,24.2802815196326,5.73365796074959,5.19796497855446,"ok",0.353033408451183,0.00207618773905115,-0.646966591548817
76,"broad",0,"mlma",NA,NA,5000,4989,11,0,0.0022,0.000171029606997041,0.000171029606997041,0.00255621251412655,0.0505590003276029,0.0507538208839001,1.00385333086166,0.0505542223314416,0.943275205451994,0.0567247945480056,0.00327490663621812,0.0567247945480056,NA,NA,NA,NA,NA,NA,0.264381639607136,0,0.491657646822991,"broad",NA,NA,24,8115,80,"independent",0,"positive",0.76235441515455,0.0313441957726609,0.192073641190422,"ok","sampling_rho_0.50",TRUE,FALSE,FALSE,FALSE,"sampling",0.5,NA,NA,14,10,7969.5,4499.5,2875.83328655065,11503.3331462026,0.000347725302671988,0.0186473939914399,12.6081532265842,7.62381259981624,13.719292093334,"ok",0.136031453077681,0.00220848721145457,-0.863968546922319
77,"broad",0,"mlma",NA,NA,5000,5000,0,0,0,0.00153675289662545,0.00153675289662545,0.00224252918507935,0.0473553501209668,0.0468070840929519,0.988422300191755,0.0473755452602672,0.942,0.058,0.00330563155841664,0.058,NA,NA,NA,NA,NA,NA,0,0,0.510819999999978,"broad",NA,NA,72,47017,505,"n_minority",0.750535186187044,"positive",0.498734739669599,0.176490553306649,0.171848928212712,"ok","sampling_rho_0.50",TRUE,FALSE,FALSE,FALSE,"sampling",0.5,NA,NA,43,29,31553.7976190476,47845.4781828764,19014.109641696,76056.4385667838,5.25925230707151e-05,0.00725207026101616,37.771450561126,26.2474505606859,61.9948029568383,"ok",0.023452324910926,0.00218993666200864,-0.976547675089074
78,"broad",0,"mlma",NA,NA,5000,5000,0,0,0,-0.00032478043799548,-0.00032478043799548,0.00166501859051768,0.0408046393259109,0.0398876697374448,0.977527810474141,0.0408018512954067,0.942,0.058,0.00330563155841664,0.058,NA,NA,NA,NA,NA,NA,0.0012,0,0.281043999999866,"broad",NA,NA,72,48381,120,"nk_majority",0.982951246714801,"negative",0.68471891913563,0.0804864643044421,0.10321317812975,"ok","sampling_rho_0.50",TRUE,FALSE,FALSE,FALSE,"sampling",0.5,NA,NA,59,13,48496.3333333333,5084.33333333333,4601.87488231659,18407.4995292664,0.000217302735422611,0.0147411917911209,37.7616290539837,8.96587146749691,9.70059959425048,"ok",0.130510696192917,0.00144771585509507,-0.869489303807083
79,"broad",0,"mlma",NA,NA,5000,5000,0,0,0,0.00154699472625609,0.00154699472625609,0.00934353723987669,0.0966619741153505,0.0974087137580844,1.00772526786845,0.0966646870636417,0.9496,0.0504,0.00309385972532693,0.0504,NA,NA,NA,NA,NA,NA,0,1,1.21629999999986,"broad",NA,NA,60,5571,386,"independent",0,"negative",0.885474214099813,0.214808533654199,0.0641132303139893,"ok","sampling_rho_0.50",TRUE,FALSE,FALSE,FALSE,"sampling",0.5,NA,NA,53,7,7424.74897152656,905.238095238095,806.86387178464,3227.45548713856,0.0012393664346232,0.0352046365500796,52.3933465740878,6.77226744692081,7.25349096017935,"ok",0.132644244123498,0.00810417080525349,-0.867355755876502
80,"broad",0,"mlma",NA,NA,5000,5000,0,0,0,-0.0001327127700446,-0.0001327127700446,0.00686037494312701,0.0828273803951749,0.0815949775132998,0.985120827484882,0.0828192035751233,0.9366,0.0634,0.00344617004803884,0.0634,NA,NA,NA,NA,NA,NA,0.0064,6e-04,0.263559999999996,"broad",NA,NA,30,3421,72,"nk_majority",0.369360870762466,"negative",0.269956668626983,0.156783523437567,0.173128214054042,"ok","sampling_rho_0.50",TRUE,FALSE,FALSE,FALSE,"sampling",0.5,NA,NA,18,12,2413.56666666667,1589.26666666667,958.271487141053,3833.08594856421,0.00104354560624927,0.032303956510763,11.8570611765215,10.3137476188958,18.6724756605543,"ok",0.152112036863923,0.00581682933687774,-0.847887963136077
81,"targeted",0,"mlma",1,"A",5000,5000,0,0,0,0.00104209053738333,0.00104209053738333,0.0276360379513285,0.16624090336415,0.136235862132026,0.819508673106778,0.166227544938937,0.8838,0.1162,0.00453205383904472,0.1162,NA,NA,NA,NA,NA,NA,0,0,0.306784000000012,"targeted",1,"A",24,10325,140,"n_majority",1,"negative",0.759001535363495,0.189456066531129,0.177847274914384,"ok","sampling_rho_0.50",TRUE,FALSE,FALSE,FALSE,"sampling",0.5,NA,NA,21,3,12691.9091186591,118.769892473118,117.668757447737,470.675029790948,0.00849843256349634,0.0921869435630466,14.455492196387,2.85356743813363,1.88839805405328,"ok",0.30751269695256,0.0191376053878322,-0.69248730304744
82,"targeted",0,"mlma",1,"A",5000,4999,1,0,2e-04,0.00209352986933863,0.00209352986933863,0.0258894524536913,0.160901996425437,0.159853674241138,0.993484716115471,0.16089952266781,0.940588117623525,0.0594118823764753,0.00334344999265168,0.0594118823764753,NA,NA,NA,NA,NA,NA,0,0,0.311468293658748,"targeted",1,"A",24,10325,140,"n_minority",1,"negative",0.759001535363495,0.189456066531129,0.177847274914384,"ok","sampling_rho_0.50",TRUE,FALSE,FALSE,FALSE,"sampling",0.5,NA,NA,21,3,8919.67901113224,3891,2709.1827843127,10836.7311372508,0.000369114998733351,0.0192123657765865,15.0338364974304,2.58522048227889,3.20110029101686,"ok",0.0142573505327542,0.025520337454958,-0.985742649467246
83,"targeted",0,"mlma",2,"A",5000,4998,2,0,4e-04,-0.00135377324903087,-0.00135377324903087,0.00740521807741711,0.0860535767845655,0.0862711503011491,1.00252834948544,0.0860556165695006,0.95218087234894,0.0478191276510604,0.00301830014920098,0.0478191276510604,NA,NA,NA,NA,NA,NA,0,0,0.349221688675589,"targeted",2,"A",60,20006,224,"n_majority",1,"independent",0.207200364582241,0.243872763770632,0.176301120710559,"ok","sampling_rho_0.50",TRUE,FALSE,FALSE,FALSE,"sampling",0.5,NA,NA,47,13,30426.9,786.733333333333,766.903878326671,3067.61551330669,0.001303944377204,0.0361101699968858,18.231049720219,11.4800801523977,11.0245603755039,"ok",0.176084534388055,0.00610127370021311,-0.823915465611945
84,"targeted",0,"mlma",2,"A",5000,5000,0,0,0,0.000605748204028034,0.000605748204028034,0.00670902806401662,0.0819086568319651,0.0830269945206462,1.01365347366122,0.0819027056286329,0.9484,0.0516,0.00312849612433834,0.0516,NA,NA,NA,NA,NA,NA,0,0,0.353094000000029,"targeted",2,"A",60,20006,224,"n_minority",1,"independent",0.207200364582241,0.243872763770632,0.176301120710559,"ok","sampling_rho_0.50",TRUE,FALSE,FALSE,FALSE,"sampling",0.5,NA,NA,47,13,10781,20432.6333333333,7057.30786333749,28229.23145335,0.000141697091775601,0.0119036587558448,29.2286519040225,8.90961824293529,33.0442459558731,"ok",0.0211203605684083,0.00656733097224102,-0.978879639431592
85,"targeted",0,"mlma",3,"B",5000,5000,0,0,0,0.00109811671766015,0.00109811671766015,0.00937987705740456,0.0968497653967451,0.0953370951691547,0.984381271122406,0.0968463057752782,0.9466,0.0534,0.00317957355631223,0.0534,NA,NA,NA,NA,NA,NA,0,0,0.444913999999946,"targeted",3,"B",72,20367,467,"nk_majority",1,"independent",0.218825042247772,0.192395098721609,0.223085797922686,"ok","sampling_rho_0.50",TRUE,FALSE,FALSE,FALSE,"sampling",0.5,NA,NA,64,8,33251.648208796,549.666666666667,540.728155086344,2162.91262034538,0.00184935811200791,0.0430041638915106,26.0118295313756,6.46828952673651,5.65023344121253,"ok",0.197162297617538,0.00753051894539665,-0.802837702382462
86,"targeted",0,"mlma",3,"B",5000,5000,0,0,0,0.000433358447700361,0.000433358447700361,0.00588108800825004,0.0766882520875919,0.0785408882570303,1.02415801793634,0.0766818074264854,0.954,0.046,0.00296256645495084,0.046,NA,NA,NA,NA,NA,NA,0,0,0.433280000000204,"targeted",3,"B",72,20367,467,"nk_minority",1,"independent",0.218825042247772,0.192395098721609,0.223085797922686,"ok","sampling_rho_0.50",TRUE,FALSE,FALSE,FALSE,"sampling",0.5,NA,NA,64,8,23261.4733322233,10539.8415432394,7253.33448971535,29013.3379588614,0.00013786762507891,0.0117417045218703,25.2968965084358,5.2490749619427,8.66099577131631,"ok",0.0234425373137603,0.00574322038317113,-0.97655746268624
87,"targeted",0,"mlma",4,"B",5000,4984,16,0,0.0032,-0.000218006519367257,-0.000218006519367257,0.00622443098126267,0.0788950630981601,0.0783447048714027,0.993024174071922,0.0788874490998696,0.94723113964687,0.05276886035313,0.0031668524120127,0.05276886035313,NA,NA,NA,NA,NA,NA,0.117776886035313,0,0.501978330658144,"targeted",4,"B",72,47078,315,"nk_majority",1,"positive",0.168927123770118,0.0367742032231763,0.160793902841397,"ok","sampling_rho_0.50",TRUE,FALSE,FALSE,FALSE,"sampling",0.5,NA,NA,65,7,78364.7156519108,520,516.572213035626,2066.2888521425,0.00193583776820577,0.0439981564182611,27.9054951012997,6.12929549369843,5.19755002701375,"ok",0.311006383400057,0.0042885932130569,-0.688993616599943
88,"targeted",0,"mlma",4,"B",5000,4975,25,0,0.005,0.000128319237398251,0.000128319237398251,0.000651327675033118,0.0255211221350692,0.0253067189515975,0.991598990736499,0.0255188796917913,0.938894472361809,0.061105527638191,0.00339587814385165,0.061105527638191,NA,NA,NA,NA,NA,NA,0.119396984924623,0,0.512826130653319,"targeted",4,"B",72,47078,315,"nk_minority",1,"positive",0.168927123770118,0.0367742032231763,0.160793902841397,"ok","sampling_rho_0.50",TRUE,FALSE,FALSE,FALSE,"sampling",0.5,NA,NA,65,7,46347.0007936508,32537.71485826,19116.8274347812,76467.3097391247,5.23099349728187e-05,0.00723256074795219,34.6949410943442,6.69230693026384,15.2228747760849,"ok",0.0803127780040344,0.000599017740060299,-0.919687221995966
89,"targeted",0,"mlma",5,"C",5000,5000,0,0,0,0.000274358586480489,0.000274358586480489,0.0019434108367926,0.0440841336173527,0.0433187092001482,0.982637190426645,0.0440805787990496,0.9412,0.0588,0.00332693733033852,0.0588,NA,NA,NA,NA,NA,NA,0,8e-04,0.233389999999866,"targeted",5,"C",36,7920,108,"independent",0,"independent",0.5,0.1,0.08,"ok","sampling_rho_0.50",TRUE,FALSE,FALSE,FALSE,"sampling",0.5,NA,NA,24,12,7812,3906,2604,10416,0.000384024577572965,0.0195965450417405,24,12,22.1067961165049,"ok",0.197603394147352,0.00155938625921964,-0.802396605852647
90,"targeted",0,"mlma",5,"C",5000,5000,0,0,0,-0.000537643652955507,-0.000537643652955507,0.00353893475162927,0.0594889464659551,0.0548231052760337,0.921567930395413,0.0594854270000351,0.923,0.077,0.00377017240985078,0.077,NA,NA,NA,NA,NA,NA,0,0.0064,0.271751999999996,"targeted",5,"C",36,7920,108,"independent",0,"independent",0.5,0.1,0.08,"very_low_df","sampling_rho_0.50",TRUE,FALSE,FALSE,FALSE,"sampling",0.5,NA,NA,24,12,7812,3906,2604,10416,0.000384024577572965,0.0195965450417405,5.57467625757331,1.2580984516119,0.572644514919305,"very_low_df",0.108514172914933,0.0031549101740563,-0.891485827085067
91,"targeted",0,"mlma",6,"C",5000,5000,0,0,0,-0.000464443718380858,-0.000464443718380858,0.00166257456106785,0.0407746803919767,0.0407927130813461,1.00044225213284,0.0407732480202789,0.9504,0.0496,0.00307049963361014,0.0496,NA,NA,NA,NA,NA,NA,0,0,0.355660000000242,"targeted",6,"C",72,21600,288,"independent",0,"independent",0.7,0.12,0.15,"ok","sampling_rho_0.50",TRUE,FALSE,FALSE,FALSE,"sampling",0.5,NA,NA,54,18,25660.8,8553.6,6415.2,25660.8,0.000155879785509415,0.0124851826382082,54,18,29.1821862348178,"ok",0.0937580720646269,0.00150669477555844,-0.906241927935373
92,"targeted",0,"mlma",6,"C",5000,5000,0,0,0,0.000450568361504947,0.000450568361504947,0.00181280291321409,0.042577023301472,0.0419790031596248,0.985954392874936,0.042575149611949,0.9428,0.0572,0.00328414859590732,0.0572,NA,NA,NA,NA,NA,NA,0,0,0.343124000000116,"targeted",6,"C",72,21600,288,"independent",0,"independent",0.7,0.12,0.15,"ok","sampling_rho_0.50",TRUE,FALSE,FALSE,FALSE,"sampling",0.5,NA,NA,54,18,25660.8,8553.6,6415.2,25660.8,0.000155879785509415,0.0124851826382082,21.0992456957013,3.07091234725337,3.63995085032142,"ok",0.0859882695317611,0.00165692312770468,-0.914011730468239
93,"targeted",0,"mlma",7,"D",5000,5000,0,0,0,0.000300372389186415,0.000300372389186415,0.00165535941268576,0.040686108350219,0.040156939466057,0.986993868285288,0.0406831484078532,0.941,0.059,0.00333223648620562,0.059,NA,NA,NA,NA,NA,NA,0.003,0.0072,0.262521999999899,"targeted",7,"D",48,5760,96,"independent",0,"independent",0.4,0.08,0.1,"ok","sampling_rho_0.50",TRUE,FALSE,FALSE,FALSE,"sampling",0.5,NA,NA,32,16,4992,2496,1664,6656,0.000600961538461538,0.024514516892273,32,16,30.1079136690648,"ok",0.363039913783134,0.00105439787422422,-0.636960086216866
94,"targeted",0,"mlma",7,"D",5000,5000,0,0,0,-0.0004413551180131,-0.0004413551180131,0.00119733465505168,0.0346025238248843,0.0345308705302903,0.997929246578758,0.0346018783082779,0.9416,0.0584,0.00331630637909105,0.0584,NA,NA,NA,NA,NA,NA,0.0026,0,0.245918000000008,"targeted",7,"D",48,23040,96,"independent",0,"independent",0.4,0.08,0.1,"ok","sampling_rho_0.50",TRUE,FALSE,FALSE,FALSE,"sampling",0.5,NA,NA,32,16,20352,10176,6784,27136,0.000147405660377358,0.0121410732794658,32,16,30.1079136690648,"ok",0.123111495817345,0.00104992899467433,-0.876888504182655
95,"targeted",0,"mlma",8,"D",5000,4881,119,0,0.0238,0.00191091669987056,0.00191091669987056,0.00178278442901384,0.042223031973247,0.0416498809330899,0.986425630435061,0.0422619306446817,0.947756607252612,0.0522433927473878,0.00318500187947604,0.0522433927473878,NA,NA,NA,NA,NA,NA,0,0.777709485761115,0.919674247080591,"targeted",8,"D",96,9600,288,"independent",0,"independent",0.55,0.15,0.07,"ok","sampling_rho_0.50",TRUE,FALSE,FALSE,FALSE,"sampling",0.5,NA,NA,72,24,10476,3492,2619,10476,0.000381825124093165,0.019540346058685,72,24,39.4682779456193,"ok",0.214173468131744,0.00140095930492068,-0.785826531868256
96,"targeted",0,"mlma",8,"D",5000,5000,0,0,0,0.000432981006779104,0.000432981006779104,0.0014185507455358,0.037663652843767,0.0378254512673608,1.00429587709575,0.0376623752296496,0.948,0.052,0.00313993630508646,0.052,NA,NA,NA,NA,NA,NA,0,0,0.304838000000041,"targeted",8,"D",96,38400,288,"independent",0,"independent",0.55,0.15,0.07,"ok","sampling_rho_0.50",TRUE,FALSE,FALSE,FALSE,"sampling",0.5,NA,NA,72,24,42876,14292,10719,42876,9.3292284728053e-05,0.00965879312999574,72,24,39.4682779456193,"ok",0.0657659128668082,0.00132525846080774,-0.934234087133192
97,"targeted",0,"mlma",9,"E",5000,5000,0,0,0,-0.000933150019974928,-0.000933150019974928,0.00937347277099156,0.0968166967572823,0.096142448940417,0.993035831220769,0.0968115119466541,0.9482,0.0518,0.0031342227106573,0.0518,NA,NA,NA,NA,NA,NA,0,0,0.455320000000024,"targeted",9,"E",72,11324,428,"n_majority",1,"positive",0.547079941630363,0.193165936646983,0.1666871222388,"ok","sampling_rho_0.50",TRUE,FALSE,FALSE,FALSE,"sampling",0.5,NA,NA,60,12,19566.2707319878,240.666666666667,237.742416275065,950.96966510026,0.00420623301330888,0.0648554778974673,25.5020531419694,11.7221497638858,10.9868111178369,"ok",0.448737956152822,0.00516723975768268,-0.551262043847178
98,"targeted",0,"mlma",9,"E",5000,5000,0,0,0,0.00118223655823007,0.00118223655823007,0.00442285707173944,0.0665045642925314,0.068258449695708,1.02637240649321,0.0665084218998219,0.9528,0.0472,0.00299907185642492,0.0472,NA,NA,NA,NA,NA,NA,0,0,0.462927999999985,"targeted",9,"E",72,11324,428,"n_minority",1,"positive",0.547079941630363,0.193165936646983,0.1666871222388,"ok","sampling_rho_0.50",TRUE,FALSE,FALSE,FALSE,"sampling",0.5,NA,NA,60,12,8157.09841269841,11649.8389859561,4797.75753251938,19191.0301300775,0.000208430708142703,0.0144371294980236,33.0254681839662,10.4380820769546,34.7556008422942,"ok",0.0471258068623796,0.00421442636359674,-0.95287419313762
99,"targeted",0,"mlma",10,"E",5000,5000,0,0,0,-0.000293824345818526,-0.000293824345818526,0.00193091345158481,0.0439421602971999,0.0380692117821381,0.866348206930644,0.0439387482939681,0.904,0.096,0.00416614930121329,0.096,NA,NA,NA,NA,NA,NA,0,0,0.721264000000124,"targeted",10,"E",120,17509,913,"n_majority",1,"negative",0.537568972632289,0.116660372591577,0.159851131173782,"ok","sampling_rho_0.50",TRUE,FALSE,FALSE,FALSE,"sampling",0.5,NA,NA,95,25,24532.473015873,1127.06357136854,1077.55869081128,4310.23476324513,0.000928023697017477,0.030463481367327,57.8368427970475,22.9130164892834,23.9532178137361,"ok",0.480613823605505,0.00100288975456733,-0.519386176394495
100,"targeted",0,"mlma",10,"E",5000,5000,0,0,0,0.000191185063501057,0.000191185063501057,0.00138499519727231,0.037215523606048,0.0403643506169963,1.08461057929161,0.0372122929952101,0.9656,0.0344,0.00257746542168852,0.0344,NA,NA,NA,NA,NA,NA,0,0,0.519486000000092,"targeted",10,"E",120,17509,913,"n_minority",1,"negative",0.537568972632289,0.116660372591577,0.159851131173782,"ok","sampling_rho_0.50",TRUE,FALSE,FALSE,FALSE,"sampling",0.5,NA,NA,95,25,12363.0365872416,13296.5,6406.39457471703,25625.5782988681,0.000156094038282706,0.0124937599737912,68.6618396724558,21.4683073687518,65.3164890594968,"ok",0.112703667557928,0.00122890115898961,-0.887296332442072
