"condition_id","J","k_imbalance","moderator_split","n_imbalance","beta1_true","allocation_pattern","stress_cell_id","reuses_core_condition","condition_set","method","n_attempted","n_success","n_error","n_invalid","error_rate","warning_rate","mean_estimate","bias","absolute_bias","empirical_sd","mean_se","se_ratio","rmse","coverage","mcse_coverage","mean_ci_width","reject_rate","mcse_reject_rate","mcse_bias","mcse_empirical_sd","type1_error","power","mean_df","median_df","sd_df","min_df","q05_df","q10_df","max_df","prop_df_lt_2","prop_df_lt_4","prop_df_lt_10","mean_variance_study","mean_variance_effect","mean_variance_residual","boundary_study_rate","boundary_effect_rate","boundary_residual_rate","mean_fit_runtime_sec"
71,20,"severe","85_15","extreme",0,"independent",1,TRUE,"core","aggregate_hksj",5000,5000,0,0,0,0,0.000228049848436641,0.000228049848436641,0.000228049848436641,0.0986384944441788,0.0966563053616154,0.979904507933411,0.0986288937504138,0.946,0.00319637294444813,0.406134724524972,0.054,0.00319637294444813,0.00139495896615021,0.000986483597734472,0.054,NA,18,18,0,18,18,18,18,0,0,0,NA,NA,0.016089181156507,0,0,4e-04,0.0313759999999816
71,20,"severe","85_15","extreme",0,"independent",1,TRUE,"core","che_rve",5000,5000,0,0,0,0,0.000390750084895705,0.000390750084895705,0.000390750084895705,0.0975994535206651,0.0885360920238555,0.907137169626769,0.097590475367711,0.9776,0.00209276085590303,0.673971100355893,0.0224,0.00209276085590303,0.00138026470849127,0.00097609214930253,0.0224,NA,2.38766092436208,2.38424967698361,0.383743294768266,1.3650401385702,1.78730845988464,1.89130338430789,5.32475609430394,0.174,0.9984,1,0.0101167555949054,0.00996901154442047,NA,0.0734,2e-04,0,0.368898000000001
71,20,"severe","85_15","extreme",0,"independent",1,TRUE,"core","mlma",5000,5000,0,0,0,0,0.000616030170607709,0.000616030170607709,0.000616030170607709,0.0991008762288284,0.0971306697925218,0.980119182480714,0.0990928804998563,0.926,0.00370199945975144,0.38074522917519,0.074,0.00370199945975145,0.00140149803205867,0.000991107878032123,0.074,NA,NA,NA,NA,NA,NA,NA,NA,NA,NA,NA,0.0145979123583918,0.00734905886130246,NA,0.009,0.0042,0,0.282585999999998
71,20,"severe","85_15","extreme",0,"independent",1,TRUE,"core","mlma_cr2",5000,5000,0,0,0,0,0.000616030170607709,0.000616030170607709,0.000616030170607709,0.0991008762288284,0.0899398859129558,0.907558937271962,0.0990928804998563,0.9788,0.00203718236787971,0.673557268460399,0.0212,0.00203718236787971,0.00140149803205867,0.000991107878032123,0.0212,NA,2.43210801429028,2.46912243248329,0.376706754880236,1.36588124971452,1.79929582103394,1.91211809305553,4.61083138834297,0.1522,0.999,1,0.0145979123583918,0.00734905886130246,NA,0.009,0.0042,0,0.300861999999993
217,20,"severe","85_15","extreme",0,"n_majority",2,FALSE,"alignment","aggregate_hksj",5000,5000,0,0,0,0,-0.00114346356587649,-0.00114346356587649,0.00114346356587649,0.143823251511123,0.144612797099639,1.00548969363591,0.143813414390394,0.9632,0.00266254614983478,0.607640425455074,0.0368,0.00266254614983478,0.00203396792871627,0.00143837635993982,0.0368,NA,18,18,0,18,18,18,18,0,0,0,NA,NA,0.0160222641816571,0,0,2e-04,0.0321860000000046
217,20,"severe","85_15","extreme",0,"n_majority",2,FALSE,"alignment","che_rve",5000,5000,0,0,0,0,-0.000965038902638691,-0.000965038902638691,0.000965038902638691,0.143483684492118,0.129190371152469,0.900383702925926,0.143472581011057,0.9716,0.00234918879615922,1.04712639843632,0.0284,0.00234918879615922,0.00202916572588016,0.00143498035013182,0.0284,NA,2.13813852829515,2.14644917043233,0.118931147249926,1.71745169342303,1.92444079536332,1.98109328207645,2.53230674047402,0.124,1,1,0.0100497019811145,0.00996396174719867,NA,0.0572,0,0,0.374338000000004
217,20,"severe","85_15","extreme",0,"n_majority",2,FALSE,"alignment","mlma",5000,5000,0,0,0,0,-0.00132584074996357,-0.00132584074996357,0.00132584074996357,0.148141202590992,0.124815170358938,0.842541900402575,0.14813232123888,0.89,0.00442492937796752,0.489266477255498,0.11,0.00442492937796752,0.00209503297850442,0.0014815601893374,0.11,NA,NA,NA,NA,NA,NA,NA,NA,NA,NA,NA,0.0138518273958651,0.00739610193284482,NA,0.0092,0.0012,0,0.296305999999993
217,20,"severe","85_15","extreme",0,"n_majority",2,FALSE,"alignment","mlma_cr2",5000,5000,0,0,0,0,-0.00132584074996357,-0.00132584074996357,0.00132584074996357,0.148141202590992,0.124134036237318,0.837944029521908,0.14813232123888,0.9736,0.00226729089443768,1.07080281679138,0.0264,0.00226729089443768,0.00209503297850442,0.0014815601893374,0.0264,NA,2.00691521492798,2.03619848502298,0.238752534906192,1.24268309149059,1.59081853321653,1.68508545660496,3.10823824490425,0.4466,1,1,0.0138518273958651,0.00739610193284482,NA,0.0092,0.0012,0,0.315067999999992
218,20,"severe","85_15","extreme",0,"n_minority",3,FALSE,"alignment","aggregate_hksj",5000,5000,0,0,0,0,-0.00065753910643114,-0.00065753910643114,0.00065753910643114,0.0852058568222311,0.0825736369311027,0.969107523950845,0.085199873162345,0.9338,0.00351617860752266,0.34696154754283,0.0662,0.00351617860752266,0.00120499278311619,0.000852143786862143,0.0662,NA,18,18,0,18,18,18,18,0,0,0,NA,NA,0.0160960417292952,0,0,4e-04,0.0309320000000051
218,20,"severe","85_15","extreme",0,"n_minority",3,FALSE,"alignment","che_rve",5000,5000,0,0,0,0,-0.000493276000491936,-0.000493276000491936,0.000493276000491936,0.0844675074216883,0.0773053814114395,0.915208507639592,0.0844605007046703,0.9594,0.00279111590586991,0.489566170287744,0.0406,0.00279111590586991,0.00119455094575602,0.000844759554396543,0.0406,NA,3.09228243929216,3.02003557214492,0.387395150386178,2.19256698730953,2.71214414815214,2.80273374499141,10.0209395676571,0,0.9742,0.9998,0.0101577142384491,0.0100029770277719,NA,0.0788,0,0,0.36764200000001
218,20,"severe","85_15","extreme",0,"n_minority",3,FALSE,"alignment","mlma",5000,5000,0,0,0,0,-0.000258615135508374,-0.000258615135508374,0.000258615135508374,0.0847373310019068,0.0871679276454038,1.02868389427373,0.0847292515254441,0.932,0.00356022471200906,0.341691997583969,0.068,0.00356022471200906,0.00119836682742195,0.000847458060062788,0.068,NA,NA,NA,NA,NA,NA,NA,NA,NA,NA,NA,0.0146919106599075,0.00740194820001343,NA,0.01,0.0022,0,0.28046
218,20,"severe","85_15","extreme",0,"n_minority",3,FALSE,"alignment","mlma_cr2",5000,5000,0,0,0,0,-0.000258615135508374,-0.000258615135508374,0.000258615135508374,0.0847373310019068,0.078480758914539,0.926165103226735,0.0847292515254441,0.9674,0.00251146331846595,0.508314928102599,0.0326,0.00251146331846595,0.00119836682742195,0.000847458060062788,0.0326,NA,2.92808451917745,2.91649743189438,0.209785970287828,1.91137565790534,2.64249354097145,2.74341547464935,5.2288372120659,6e-04,0.9964,1,0.0146919106599075,0.00740194820001343,NA,0.01,0.0022,0,0.298299999999989
219,20,"severe","85_15","extreme",0,"nk_majority",4,FALSE,"alignment","aggregate_hksj",5000,5000,0,0,0,2e-04,0.00112546716665566,0.00112546716665566,0.00112546716665566,0.160647792166693,0.157052398365478,0.977619401096503,0.160635669332035,0.9578,0.00284320804725929,0.659909690397498,0.0422,0.00284320804725929,0.00227190286447432,0.00160663859356029,0.0422,NA,18,18,0,18,18,18,18,0,0,0,NA,NA,0.0143514520903201,0,0,4e-04,0.0310599999999886
219,20,"severe","85_15","extreme",0,"nk_majority",4,FALSE,"alignment","che_rve",5000,5000,0,0,0,0,0.00123373140747265,0.00123373140747265,0.00123373140747265,0.160533812505357,0.143603490548354,0.894537345791637,0.160522499450075,0.962,0.0027039230758289,1.1514711928005,0.038,0.0027039230758289,0.00227029094864535,0.00160549868295016,0.038,NA,2.16052356145103,2.16122888849323,0.0624962550369207,2.00953650810714,2.05431292352438,2.07925429465329,2.41042415109492,0,1,1,0.010116071253799,0.0100402189057416,NA,0.0202,0,0,0.333735999999988
219,20,"severe","85_15","extreme",0,"nk_majority",4,FALSE,"alignment","mlma",5000,5000,0,0,0,0,0.00123475554365153,0.00123475554365153,0.00123475554365153,0.160540047627585,0.160634222536325,1.00058661318551,0.160528741638815,0.9494,0.00309966578843591,0.629674581711579,0.0506,0.00309966578843591,0.00227037912658953,0.0016055610404085,0.0506,NA,NA,NA,NA,NA,NA,NA,NA,NA,NA,NA,0.0111306112177845,0.00932493410732411,NA,0.0076,0,0,0.277772
219,20,"severe","85_15","extreme",0,"nk_majority",4,FALSE,"alignment","mlma_cr2",5000,5000,0,0,0,0,0.00123475554365153,0.00123475554365153,0.00123475554365153,0.160540047627585,0.143636552345045,0.894708544488836,0.160528741638815,0.9616,0.00271755183943195,1.15164705418917,0.0384,0.00271755183943195,0.00227037912658953,0.0016055610404085,0.0384,NA,2.16075384005141,2.16092274302749,0.0619855378088127,1.99291149416178,2.0572622858605,2.08127862233367,2.40696460422815,6e-04,1,1,0.0111306112177845,0.00932493410732411,NA,0.0076,0,0,0.295607999999994
220,20,"severe","85_15","extreme",0,"nk_minority",5,FALSE,"alignment","aggregate_hksj",5000,5000,0,0,0,0,0.00018698300496983,0.00018698300496983,0.00018698300496983,0.0724159602283959,0.0795109381780596,1.09797533481965,0.0724089596955073,0.9552,0.00292550713552368,0.334092564917056,0.0448,0.00292550713552369,0.00102411633087268,0.000724232029108392,0.0448,NA,18,18,0,18,18,18,18,0,0,0,NA,NA,0.0145362307989635,0,0,6e-04,0.031328000000009
220,20,"severe","85_15","extreme",0,"nk_minority",5,FALSE,"alignment","che_rve",5000,5000,0,0,0,0,5.73367498516362e-05,5.73367498516362e-05,5.73367498516362e-05,0.0722715765935521,0.0685435001899722,0.9484157316154,0.0722643718208627,0.9526,0.00300510365877785,0.38649943451591,0.0474,0.00300510365877785,0.00102207443792687,0.000722788048354658,0.0474,NA,4.16237581250779,3.90552863801004,0.827257092873089,3.07821937784335,3.32961840407475,3.40586682050528,6.88754280069395,0,0.5592,1,0.0100226771459548,0.0100395138117327,NA,0.0312,0,0,0.341838000000018
220,20,"severe","85_15","extreme",0,"nk_minority",5,FALSE,"alignment","mlma",5000,5000,0,0,0,0,5.92025388926081e-05,5.92025388926081e-05,5.92025388926081e-05,0.0723136429481219,0.0710143876053998,0.982033053656911,0.0723064354589396,0.915,0.003943982758583,0.278371284181502,0.085,0.003943982758583,0.0010226693460184,0.000723208753973022,0.085,NA,NA,NA,NA,NA,NA,NA,NA,NA,NA,NA,0.0110666616715518,0.00931653798730005,NA,0.0112,0,0,0.279777999999999
220,20,"severe","85_15","extreme",0,"nk_minority",5,FALSE,"alignment","mlma_cr2",5000,5000,0,0,0,0,5.92025388926081e-05,5.92025388926081e-05,5.92025388926081e-05,0.0723136429481219,0.0685689764020138,0.948216319999332,0.0723064354589396,0.9556,0.00291302729132427,0.391548556018912,0.0444,0.00291302729132427,0.0010226693460184,0.000723208753973022,0.0444,NA,3.9590636861602,3.78212294844135,0.624321663910152,3.05800769037988,3.28861646271455,3.35884946818433,6.00501574768399,0,0.6548,1,0.0110666616715518,0.00931653798730005,NA,0.0112,0,0,0.297789999999995
72,20,"severe","85_15","extreme",0.1,"independent",6,TRUE,"core","aggregate_hksj",5000,5000,0,0,0,0,0.0980312170693738,-0.00196878293062619,0.00196878293062619,0.100464002285451,0.0974820923024925,0.97031862244064,0.100473246480285,0.9488,0.0031170036894428,0.409604552494236,0.1634,0.00522877499994023,0.00142077554562367,0.00100474050192891,NA,0.1634,18,18,0,18,18,18,18,0,0,0,NA,NA,0.0163245079347696,0,0,0,0.0315939999999922
72,20,"severe","85_15","extreme",0.1,"independent",6,TRUE,"core","che_rve",5000,5000,0,0,0,0,0.0983917427387247,-0.00160825726127529,0.00160825726127529,0.0998597246716327,0.0890571854544342,0.891822861992457,0.0998626892787814,0.9776,0.00209276085590303,0.677256643183878,0.0722,0.0036602502646677,0.00141222976965466,0.000998697121422454,NA,0.0722,2.38861528768983,2.38418644934803,0.377546817118579,1.39573220804198,1.7825883414873,1.90598390239154,5.3059461895641,0.1676,0.9992,1,0.0102744297813049,0.00996250741323074,NA,0.0712,0,0,0.373488000000007
72,20,"severe","85_15","extreme",0.1,"independent",6,TRUE,"core","mlma",5000,5000,0,0,0,0,0.0987193908304454,-0.00128060916955465,0.00128060916955465,0.100724714349476,0.0975048133347866,0.968032661740618,0.100722782661186,0.928,0.00365557109081467,0.382211844910965,0.2004,0.00566109247407247,0.00142446257099185,0.00100734788332033,NA,0.2004,NA,NA,NA,NA,NA,NA,NA,NA,NA,NA,0.0148271500429536,0.00730147535715147,NA,0.0076,0.0028,0,0.285382000000001
72,20,"severe","85_15","extreme",0.1,"independent",6,TRUE,"core","mlma_cr2",5000,5000,0,0,0,0,0.0987193908304454,-0.00128060916955465,0.00128060916955465,0.100724714349476,0.0908283066058822,0.901747969130426,0.100722782661186,0.9784,0.00205589104769684,0.679104548885003,0.0708,0.00362732297982962,0.00142446257099185,0.00100734788332033,NA,0.0708,2.43916029571973,2.47308449873569,0.37583914104974,1.37832541617136,1.8040349488005,1.9316178433295,4.09829879235806,0.1456,0.9996,1,0.0148271500429536,0.00730147535715147,NA,0.0076,0.0028,0,0.303371999999983
221,20,"severe","85_15","extreme",0.1,"n_majority",7,FALSE,"alignment","aggregate_hksj",5000,5000,0,0,0,0,0.0997710322946523,-0.00022896770534768,0.00022896770534768,0.146208519538628,0.145227963603191,0.993293441869659,0.146194077259136,0.9608,0.0027445713690848,0.610225259186536,0.0876,0.00399815557476194,0.0020677007126602,0.00146223142584075,NA,0.0876,18,18,0,18,18,18,18,0,0,0,NA,NA,0.0162866094215197,0,0,4e-04,0.0313260000000046
221,20,"severe","85_15","extreme",0.1,"n_majority",7,FALSE,"alignment","che_rve",5000,5000,0,0,0,0,0.0998939116573009,-0.000106088342699123,0.000106088342699123,0.146130020065918,0.130741789546602,0.894694940078881,0.146115444846359,0.9686,0.00246633493264804,1.05948136599552,0.0562,0.00325704037432759,0.00206659056247074,0.00146144635260241,NA,0.0562,2.13982195231473,2.14971759607095,0.119435600769449,1.72452780421833,1.9292139660832,1.98096099322278,2.58971955387573,0.1186,1,1,0.0101897928253603,0.00999314582653472,NA,0.0626,0,0,0.364619999999936
221,20,"severe","85_15","extreme",0.1,"n_majority",7,FALSE,"alignment","mlma",5000,5000,0,0,0,0,0.100317898339758,0.000317898339758052,0.000317898339758052,0.150590117474586,0.12519200862536,0.831342791445049,0.150575393287442,0.879,0.00461213616451206,0.490743656115868,0.191,0.0055591186351795,0.00212966586491917,0.00150605178745562,NA,0.191,NA,NA,NA,NA,NA,NA,NA,NA,NA,NA,0.0140848043345727,0.00736464507150694,NA,0.0074,0.0024,0,0.284567999999977
221,20,"severe","85_15","extreme",0.1,"n_majority",7,FALSE,"alignment","mlma_cr2",5000,5000,0,0,0,0,0.100317898339758,0.000317898339758052,0.000317898339758052,0.150590117474586,0.12507234923047,0.830548188207483,0.150575393287442,0.9676,0.0025040063897682,1.0762824655941,0.0532,0.00317394895989208,0.00212966586491917,0.00150605178745562,NA,0.0532,2.0124764453873,2.04030057868629,0.239445460867614,1.25166733094629,1.59182542155345,1.68811783311233,3.16376851226773,0.4376,1,1,0.0140848043345727,0.00736464507150694,NA,0.0074,0.0024,0,0.302714000000006
222,20,"severe","85_15","extreme",0.1,"n_minority",8,FALSE,"alignment","aggregate_hksj",5000,5000,0,0,0,0,0.100092254699221,9.22546992210976e-05,9.22546992210976e-05,0.0857732352227292,0.0821309698901069,0.957536108750424,0.0857647070882135,0.9328,0.00354073890593475,0.345101529656998,0.2226,0.00588301351349799,0.00121301672540601,0.000857818138330645,NA,0.2226,18,18,0,18,18,18,18,0,0,0,NA,NA,0.0158940985274784,0,0,6e-04,0.0314640000000458
222,20,"severe","85_15","extreme",0.1,"n_minority",8,FALSE,"alignment","che_rve",5000,5000,0,0,0,0,0.100727112662254,0.000727112662254004,0.000727112662254004,0.0846244218806659,0.0768900548972814,0.908603606246301,0.0846190830303946,0.9606,0.00275127752144345,0.486850016948007,0.1306,0.00476536756189908,0.0011967700513162,0.000846328855924319,NA,0.1306,3.09440009455868,3.01605934930216,0.385347054126178,2.21995633462783,2.71311708592264,2.79990898762509,7.18053836539622,0,0.9686,1,0.00993721851187467,0.00998029269909884,NA,0.0762,0,0,0.376678000000026
222,20,"severe","85_15","extreme",0.1,"n_minority",8,FALSE,"alignment","mlma",5000,5000,0,0,0,0,0.100453018474783,0.000453018474782504,0.000453018474782504,0.084698570061215,0.0870103314162578,1.02729398327943,0.0846913113996882,0.9348,0.00349138826256834,0.341074231717518,0.2266,0.00592034526020231,0.00119781866494178,0.000847070411889115,NA,0.2266,NA,NA,NA,NA,NA,NA,NA,NA,NA,NA,0.0145933899615956,0.00736072041256253,NA,0.009,0.0032,0,0.285019999999998
222,20,"severe","85_15","extreme",0.1,"n_minority",8,FALSE,"alignment","mlma_cr2",5000,5000,0,0,0,0,0.100453018474783,0.000453018474782504,0.000453018474782504,0.084698570061215,0.0782202535490601,0.923513271741509,0.0846913113996882,0.971,0.00237314137800511,0.506622942886836,0.1114,0.004449495252273,0.00119781866494178,0.000847070411889115,NA,0.1114,2.92792827059776,2.91577325307042,0.20636575725798,1.82483634323223,2.65580870663557,2.74898833375652,5.17004820287252,6e-04,0.9974,1,0.0145933899615956,0.00736072041256253,NA,0.009,0.0032,0,0.302989999999985
223,20,"severe","85_15","extreme",0.1,"nk_majority",9,FALSE,"alignment","aggregate_hksj",5000,5000,0,0,0,0,0.0990853224374961,-0.000914677562503949,0.000914677562503949,0.162280373888312,0.15672963543855,0.965795380447039,0.162266723022387,0.9558,0.00290676314824583,0.658553490903587,0.0864,0.00397328680062238,0.00229499105659828,0.00162296604360313,NA,0.0864,18,18,0,18,18,18,18,0,0,0,NA,NA,0.0141928047895764,0,0,4e-04,0.0317200000000114
223,20,"severe","85_15","extreme",0.1,"nk_majority",9,FALSE,"alignment","che_rve",5000,5000,0,0,0,0,0.0990186287686742,-0.000981371231325787,0.000981371231325787,0.162223352658706,0.143955960542633,0.887393573017163,0.162210098187798,0.9596,0.00278452293939195,1.15490830532997,0.0608,0.00337944847571316,0.00229418465463576,0.00162239577427728,NA,0.0608,2.159316998944,2.15821485384813,0.0638025148243435,2.01230500790648,2.05000619148741,2.07638607715467,2.41652930319955,0,1,1,0.0100494226628186,0.00998064140982572,NA,0.0212,0,0,0.34149400000003
223,20,"severe","85_15","extreme",0.1,"nk_majority",9,FALSE,"alignment","mlma",5000,5000,0,0,0,0,0.0990040732096353,-0.000995926790364698,0.000995926790364698,0.16222421451191,0.160460704723535,0.989129182756834,0.162211048652745,0.9486,0.00312275647465504,0.628994404384089,0.1014,0.00426891180513254,0.00229419684308066,0.0016224043936713,NA,0.1014,NA,NA,NA,NA,NA,NA,NA,NA,NA,NA,0.0110623304299472,0.00925938411768167,NA,0.0082,0,0,0.284711999999997
223,20,"severe","85_15","extreme",0.1,"nk_majority",9,FALSE,"alignment","mlma_cr2",5000,5000,0,0,0,0,0.0990040732096353,-0.000995926790364698,0.000995926790364698,0.16222421451191,0.14398566567703,0.887571970129398,0.162211048652745,0.96,0.0027712812921102,1.15499360866679,0.0608,0.00337944847571316,0.00229419684308066,0.0016224043936713,NA,0.0608,2.15959589106627,2.15853668075156,0.0631431362942641,1.99292535185907,2.05521748460221,2.07810747876363,2.41426565134865,8e-04,1,1,0.0110623304299472,0.00925938411768167,NA,0.0082,0,0,0.302837999999963
224,20,"severe","85_15","extreme",0.1,"nk_minority",10,FALSE,"alignment","aggregate_hksj",5000,5000,0,0,0,0,0.0995811017588249,-0.000418898241175081,0.000418898241175081,0.0728155062395274,0.079536367212379,1.0922998591913,0.0728094293691781,0.9574,0.00285605462132642,0.334199413754384,0.216,0.00581969071343143,0.00102976676475002,0.00072822788882566,NA,0.216,18,18,0,18,18,18,18,0,0,0,NA,NA,0.0145730615077504,0,0,4e-04,0.0319079999999747
224,20,"severe","85_15","extreme",0.1,"nk_minority",10,FALSE,"alignment","che_rve",5000,5000,0,0,0,0,0.0996239499024588,-0.000376050097541214,0.000376050097541214,0.0726716256884915,0.0684881348181461,0.942432953292141,0.0726653312168054,0.9542,0.00295642892693195,0.38640166814141,0.184,0.00547985401265399,0.00102773198648366,0.000726788939413165,NA,0.184,4.15132121135752,3.89525209722004,0.818466024331386,3.04291182975165,3.3208318109401,3.41224439534349,6.81501050764739,0,0.5728,1,0.0100936766007976,0.00998023894218636,NA,0.033,0,0,0.348656000000009
224,20,"severe","85_15","extreme",0.1,"nk_minority",10,FALSE,"alignment","mlma",5000,5000,0,0,0,0,0.0996565523946096,-0.000343447605390429,0.000343447605390429,0.0726879037924266,0.0711344598411168,0.978628576829702,0.0726814461036871,0.915,0.003943982758583,0.278841958696599,0.314,0.00656359657504938,0.0010279621936372,0.000726951736733062,NA,0.314,NA,NA,NA,NA,NA,NA,NA,NA,NA,NA,0.011132192102358,0.00926560997491436,NA,0.0134,0,0,0.286198000000041
224,20,"severe","85_15","extreme",0.1,"nk_minority",10,FALSE,"alignment","mlma_cr2",5000,5000,0,0,0,0,0.0996565523946096,-0.000343447605390429,0.000343447605390429,0.0726879037924266,0.0684879232900514,0.942218989911044,0.0726814461036871,0.9568,0.00287519599331941,0.391284483427951,0.1776,0.00540478010653533,0.0010279621936372,0.000726951736733062,NA,0.1776,3.95188045077827,3.7707742382197,0.621102501397627,3.0273115757005,3.2818795589677,3.36284861475667,6.00317698218598,0,0.6618,1,0.011132192102358,0.00926560997491436,NA,0.0134,0,0,0.304302000000016
143,40,"severe","85_15","extreme",0,"independent",11,TRUE,"core","aggregate_hksj",5000,5000,0,0,0,0,-0.00123285099265721,-0.00123285099265721,0.00123285099265721,0.0693752247597531,0.0683110707425676,0.984660892690861,0.0693792414752011,0.951,0.00305283474822991,0.276577065883663,0.049,0.00305283474822991,0.000981113837479245,0.000693821633230309,0.049,NA,38,38,0,38,38,38,38,0,0,0,NA,NA,0.0159908177146838,0,0,0,0.0461420000000202
143,40,"severe","85_15","extreme",0,"independent",11,TRUE,"core","che_rve",5000,5000,0,0,0,0,-0.000794834799437784,-0.000794834799437784,0.000794834799437784,0.0681641216176922,0.0644887715154558,0.946080870478312,0.0681619392973435,0.9558,0.00290676314824583,0.322206810886496,0.0442,0.00290676314824583,0.000963986252589894,0.000681709390524862,0.0442,NA,5.66475854627357,5.75173227726902,0.836923469472372,2.0727817614209,4.14917605003998,4.55247687931968,8.66868849704086,0,0.0384,1,0.00989562042474086,0.010013919378307,NA,0.0096,0,0,0.417212000000023
143,40,"severe","85_15","extreme",0,"independent",11,TRUE,"core","mlma",5000,5000,0,0,0,0,-0.00100683651793006,-0.00100683651793006,0.00100683651793006,0.0693353962494481,0.0681948161786771,0.983549815354519,0.0693357729704314,0.9416,0.00331630637909105,0.267318767285073,0.0584,0.00331630637909105,0.000980550577284821,0.000693423308292774,0.0584,NA,NA,NA,NA,NA,NA,NA,NA,NA,NA,NA,0.0142700680025767,0.00756131283667224,NA,2e-04,0,0,0.321315999999963
143,40,"severe","85_15","extreme",0,"independent",11,TRUE,"core","mlma_cr2",5000,5000,0,0,0,0,-0.00100683651793006,-0.00100683651793006,0.00100683651793006,0.0693353962494481,0.0657833084252935,0.948769488366732,0.0693357729704314,0.9574,0.00285605462132642,0.324261516977735,0.0426,0.00285605462132642,0.000980550577284821,0.000693423308292774,0.0426,NA,5.93978676554752,6.00559120582451,0.762101061380759,2.43975578361952,4.59618487741784,4.92379387888317,8.03840269775062,0,0.0152,1,0.0142700680025767,0.00756131283667224,NA,2e-04,0,0,0.351741999999959
225,40,"severe","85_15","extreme",0,"n_majority",12,FALSE,"alignment","aggregate_hksj",5000,5000,0,0,0,0,-0.00172900950296118,-0.00172900950296118,0.00172900950296118,0.102418060475734,0.101411321169322,0.990170295143889,0.102422413043484,0.952,0.00302311098043059,0.410592973459555,0.048,0.00302311098043059,0.0014484101015673,0.00102428303818308,0.048,NA,38,38,0,38,38,38,38,0,0,0,NA,NA,0.0161389449128044,0,0,0,0.0459740000000194
225,40,"severe","85_15","extreme",0,"n_majority",12,FALSE,"alignment","che_rve",5000,5000,0,0,0,0,-0.0015857262331917,-0.0015857262331917,0.0015857262331917,0.102116635847753,0.0953169339433987,0.933412398010333,0.102118736200003,0.95,0.00308220700148449,0.483857359688454,0.05,0.00308220700148449,0.00144414731359806,0.00102126849043342,0.05,NA,5.23040109042384,5.26423728484186,0.278434685165542,3.96103805372806,4.71307924462143,4.85834302442039,5.9855798656409,0,2e-04,1,0.0100249406157742,0.0100031554613057,NA,0.0088,0,0,0.417209999999998
225,40,"severe","85_15","extreme",0,"n_majority",12,FALSE,"alignment","mlma",5000,5000,0,0,0,0,-0.000631253313805208,-0.000631253313805208,0.000631253313805208,0.106168219494568,0.0861832743694256,0.81176151186971,0.106159478960792,0.8828,0.00454893745835222,0.337832227667616,0.1172,0.00454893745835222,0.00150144535902221,0.00106178837909306,0.1172,NA,NA,NA,NA,NA,NA,NA,NA,NA,NA,NA,0.0140298631618083,0.00759030630063689,NA,6e-04,0,0,0.321229999999947
225,40,"severe","85_15","extreme",0,"n_majority",12,FALSE,"alignment","mlma_cr2",5000,5000,0,0,0,0,-0.000631253313805208,-0.000631253313805208,0.000631253313805208,0.106168219494568,0.0942456050748634,0.887700721774707,0.106159478960792,0.9488,0.0031170036894428,0.507407984508553,0.0512,0.0031170036894428,0.00150144535902221,0.00106178837909306,0.0512,NA,4.43940300279957,4.44806443634438,0.692782431892904,1.84143269648256,3.26985895053069,3.51388163886258,6.62530793053069,4e-04,0.2664,1,0.0140298631618083,0.00759030630063689,NA,6e-04,0,0,0.351247999999969
226,40,"severe","85_15","extreme",0,"n_minority",13,FALSE,"alignment","aggregate_hksj",5000,5000,0,0,0,0,0.000704839055689817,0.000704839055689817,0.000704839055689817,0.0607615586544274,0.0594473156949648,0.978370486396881,0.0607595705614171,0.9416,0.00331630637909105,0.240689597906238,0.0584,0.00331630637909105,0.000859298203200196,0.000607676357218682,0.0584,NA,38,38,0,38,38,38,38,0,0,0,NA,NA,0.0161703621252227,0,0,0,0.0457940000000133
226,40,"severe","85_15","extreme",0,"n_minority",13,FALSE,"alignment","che_rve",5000,5000,0,0,0,0,0.000808053564798952,0.000808053564798952,0.000808053564798952,0.0599526916014358,0.0569811294400368,0.950434883205013,0.0599521418781214,0.9468,0.00317394895989208,0.266938123627283,0.0532,0.00317394895989208,0.00084785909563522,0.000599586877700362,0.0532,NA,7.38244621680657,7.40480723554835,0.588150904528791,4.04180137297002,6.42765478230452,6.81935319236223,11.8309697886699,0,0,0.998,0.0100605545076337,0.00995180690216489,NA,0.0104,0,0,0.417623999999957
226,40,"severe","85_15","extreme",0,"n_minority",13,FALSE,"alignment","mlma",5000,5000,0,0,0,0,0.00080683502715344,0.00080683502715344,0.00080683502715344,0.0600190688717298,0.0625118301760402,1.04153282200425,0.0600184900948436,0.946,0.00319637294444813,0.245041871505446,0.054,0.00319637294444813,0.000848797811994051,0.000600250716790531,0.054,NA,NA,NA,NA,NA,NA,NA,NA,NA,NA,NA,0.014592835106664,0.00751573233148438,NA,2e-04,0,0,0.319867999999973
226,40,"severe","85_15","extreme",0,"n_minority",13,FALSE,"alignment","mlma_cr2",5000,5000,0,0,0,0,0.00080683502715344,0.00080683502715344,0.00080683502715344,0.0600190688717298,0.0577400052635416,0.962027674686874,0.0600184900948436,0.953,0.00299302522541993,0.271428983606627,0.047,0.00299302522541993,0.000848797811994051,0.000600250716790531,0.047,NA,7.22891932555638,7.23387776059223,0.312345007720992,3.65487942683416,6.75861942581732,6.91609866249961,8.9086612355388,0,2e-04,1,0.014592835106664,0.00751573233148438,NA,2e-04,0,0,0.35013200000002
227,40,"severe","85_15","extreme",0,"nk_majority",14,FALSE,"alignment","aggregate_hksj",5000,5000,0,0,0,0,0.000667709439583932,0.000667709439583932,0.000667709439583932,0.1134159288987,0.110410376090738,0.973499729384165,0.113406552408867,0.9532,0.00298696367570816,0.447028241986831,0.0468,0.00298696367570816,0.00160394344837684,0.00113427272193112,0.0468,NA,38,38,0,38,38,38,38,0,0,0,NA,NA,0.0142346355288505,0,0,0,0.0462839999999938
227,40,"severe","85_15","extreme",0,"nk_majority",14,FALSE,"alignment","che_rve",5000,5000,0,0,0,0,0.000658688146068325,0.000658688146068325,0.000658688146068325,0.11328548202357,0.10807432383788,0.953999770380059,0.113276068025417,0.9574,0.00285605462132642,0.544210984467214,0.0426,0.00285605462132642,0.00160209865097705,0.00113296812271337,0.0426,NA,5.37222280281694,5.37488363836747,0.113334245649135,4.98239678547092,5.18352386182205,5.22416907870963,5.78780611077158,0,0,1,0.0100608609413868,0.00999807278405376,NA,0.001,0,0,0.423232000000017
227,40,"severe","85_15","extreme",0,"nk_majority",14,FALSE,"alignment","mlma",5000,5000,0,0,0,0,0.000670394301322323,0.000670394301322323,0.000670394301322323,0.113266884478165,0.112701367906291,0.995007220561605,0.113257541340457,0.9516,0.00303504332753257,0.441781244209458,0.0484,0.00303504332753257,0.00160183564196767,0.00113278212865899,0.0484,NA,NA,NA,NA,NA,NA,NA,NA,NA,NA,NA,0.0110486251589798,0.00929409914582173,NA,0,0,0,0.319908000000007
227,40,"severe","85_15","extreme",0,"nk_majority",14,FALSE,"alignment","mlma_cr2",5000,5000,0,0,0,0,0.000670394301322323,0.000670394301322323,0.000670394301322323,0.113266884478165,0.108084264335644,0.954244171485797,0.113257541340457,0.9572,0.00286245209566902,0.544249882389531,0.0428,0.00286245209566903,0.00160183564196767,0.00113278212865899,0.0428,NA,5.3725828301213,5.37462122926968,0.112079364223549,5.00730206234672,5.18861067750363,5.22598128324723,5.787041571935,0,0,1,0.0110486251589798,0.00929409914582173,NA,0,0,0,0.350198000000024
228,40,"severe","85_15","extreme",0,"nk_minority",15,FALSE,"alignment","aggregate_hksj",5000,5000,0,0,0,0,-1.84854261730773e-05,-1.84854261730773e-05,1.84854261730773e-05,0.052221125012705,0.0568680323568432,1.08898520173603,0.0522159059111688,0.9618,0.0027107474983849,0.230246625632701,0.0382,0.0027107474983849,0.000738518232353483,0.000522263479086537,0.0382,NA,38,38,0,38,38,38,38,0,0,0,NA,NA,0.0142513976243193,0,0,0,0.046099999999984
228,40,"severe","85_15","extreme",0,"nk_minority",15,FALSE,"alignment","che_rve",5000,5000,0,0,0,0,-0.000125427209682232,-0.000125427209682232,0.000125427209682232,0.0520141862744722,0.050012047521409,0.961507832834331,0.0520091358384819,0.9446,0.00323514574633045,0.224425109598678,0.0554,0.00323514574633045,0.00073559167665159,0.000520193884734425,0.0554,NA,9.79080284406501,9.53827147894115,1.1088434227657,7.99744895663656,8.55001125987879,8.70628031055864,15.7186355811572,0,0,0.6884,0.00997799338924798,0.0100094015246703,NA,0.0026,0,0,0.423731999999969
228,40,"severe","85_15","extreme",0,"nk_minority",15,FALSE,"alignment","mlma",5000,5000,0,0,0,0,-0.000137780592752468,-0.000137780592752468,0.000137780592752468,0.0520223158287684,0.0511162992651809,0.9825840785987,0.0520172958102497,0.9276,0.00366492128155572,0.200372211165452,0.0724,0.00366492128155572,0.000735706645911008,0.000520275188408161,0.0724,NA,NA,NA,NA,NA,NA,NA,NA,NA,NA,NA,0.0109767898099027,0.00930243477181915,NA,2e-04,0,0,0.318595999999992
228,40,"severe","85_15","extreme",0,"nk_minority",15,FALSE,"alignment","mlma_cr2",5000,5000,0,0,0,0,-0.000137780592752468,-0.000137780592752468,0.000137780592752468,0.0520223158287684,0.0500222230344956,0.961553176508788,0.0520172958102497,0.9444,0.00324063697442339,0.225361498219123,0.0556,0.00324063697442339,0.000735706645911008,0.000520275188408161,0.0556,NA,9.46621136210614,9.27934271780935,0.886093118572592,7.92754781632524,8.42663159943375,8.5673075913364,14.1864493023449,0,0,0.7906,0.0109767898099027,0.00930243477181915,NA,2e-04,0,0,0.348778
144,40,"severe","85_15","extreme",0.1,"independent",16,TRUE,"core","aggregate_hksj",5000,5000,0,0,0,0,0.10074465739616,0.000744657396159948,0.000744657396159948,0.0683758166086338,0.0684818197950777,1.00155030231011,0.068373033873566,0.9494,0.00309966578843591,0.277268392654453,0.3008,0.00648566665810077,0.000966980071862655,0.000683826552161029,NA,0.3008,38,38,0,38,38,38,38,0,0,0,NA,NA,0.0160992224698452,0,0,0,0.0461939999999042
144,40,"severe","85_15","extreme",0.1,"independent",16,TRUE,"core","che_rve",5000,5000,0,0,0,0,0.100859592851464,0.000859592851464433,0.000859592851464433,0.0676653347872967,0.0648599684814218,0.958540568598478,0.0676640281999296,0.9568,0.00287519599331941,0.323631650851235,0.239,0.00603123536267654,0.00095693234158711,0.000676721023359247,NA,0.239,5.68526564080042,5.75688725851623,0.826385533331917,2.14201598153411,4.22812679441053,4.60461298914772,8.0098314417037,0,0.0338,1,0.0100550235699205,0.00999252041541598,NA,0.0114,0,0,0.41960999999996
144,40,"severe","85_15","extreme",0.1,"independent",16,TRUE,"core","mlma",5000,5000,0,0,0,0,0.100816845993512,0.000816845993511714,0.000816845993511714,0.06861524537373,0.0685172454797165,0.998571747525208,0.0686132459857042,0.9426,0.0032895361375124,0.268582666920268,0.3302,0.00665083393267341,0.000970366105930867,0.000686221079276676,NA,0.3302,NA,NA,NA,NA,NA,NA,NA,NA,NA,NA,0.0144278431621867,0.00758372754022403,NA,6e-04,0,0,0.322952000000009
144,40,"severe","85_15","extreme",0.1,"independent",16,TRUE,"core","mlma_cr2",5000,5000,0,0,0,0,0.100816845993512,0.000816845993511714,0.000816845993511714,0.06861524537373,0.0661964420637916,0.964748310717775,0.0686132459857042,0.9602,0.00276463234445378,0.326212096552691,0.2398,0.00603814474818218,0.000970366105930867,0.000686221079276676,NA,0.2398,5.939357628008,5.99751231064934,0.755667865065006,1.96557555467861,4.587065279583,4.93384153259929,7.95766209806966,2e-04,0.0104,1,0.0144278431621867,0.00758372754022403,NA,6e-04,0,0,0.352952000000008
229,40,"severe","85_15","extreme",0.1,"n_majority",17,FALSE,"alignment","aggregate_hksj",5000,5000,0,0,0,0,0.101234845130154,0.00123484513015369,0.00123484513015369,0.101044818405639,0.101269675169184,1.00222531711267,0.101042259268381,0.9566,0.00288154264240528,0.410019478787513,0.1558,0.00512886654144949,0.00142898952596782,0.00101054924403405,NA,0.1558,38,38,0,38,38,38,38,0,0,0,NA,NA,0.0159446317256683,0,0,0,0.0461799999999494
229,40,"severe","85_15","extreme",0.1,"n_majority",17,FALSE,"alignment","che_rve",5000,5000,0,0,0,0,0.101299569459579,0.00129956945957906,0.00129956945957906,0.100597586724373,0.0954367381688437,0.948698087861003,0.100595921192944,0.9532,0.00298696367570816,0.484846713289676,0.1282,0.00472789086168452,0.00142266471487611,0.0010060764799226,NA,0.1282,5.21618590208382,5.2515299191003,0.281378280167752,4.00462128554258,4.69500377356346,4.84613224259618,5.99933098767231,0,0,1,0.00986903527344632,0.00999481143925,NA,0.01,0,0,0.418914000000009
229,40,"severe","85_15","extreme",0.1,"n_majority",17,FALSE,"alignment","mlma",5000,5000,0,0,0,0,0.101659350132456,0.00165935013245568,0.00165935013245568,0.10456292200434,0.0861394355486552,0.82380478564935,0.104565632116945,0.8862,0.00449109251741712,0.337660382647947,0.2782,0.00633726691879078,0.00147874302419898,0.00104573379865246,NA,0.2782,NA,NA,NA,NA,NA,NA,NA,NA,NA,NA,0.0138784300694602,0.00757388298823205,NA,2e-04,0,0,0.320694000000076
229,40,"severe","85_15","extreme",0.1,"n_majority",17,FALSE,"alignment","mlma_cr2",5000,5000,0,0,0,0,0.101659350132456,0.00165935013245568,0.00165935013245568,0.10456292200434,0.0946946825913055,0.905623913105401,0.104565632116945,0.9522,0.00301712313305241,0.510401958811904,0.131,0.00477156158924937,0.00147874302419898,0.00104573379865246,NA,0.131,4.42504520682715,4.43362318221026,0.694438878690393,2.09289515935809,3.25664436734928,3.51360961869859,6.82295565291267,0,0.2792,1,0.0138784300694602,0.00757388298823205,NA,2e-04,0,0,0.350792000000043
230,40,"severe","85_15","extreme",0.1,"n_minority",18,FALSE,"alignment","aggregate_hksj",5000,5000,0,0,0,0,0.0994034451518543,-0.000596554848145678,0.000596554848145678,0.0594904680249305,0.0593041463378806,0.996868041331063,0.0594875099525518,0.9448,0.00322964270469661,0.240109935484374,0.3716,0.00683393649370551,0.000841322267127796,0.000594964179642387,NA,0.3716,38,38,0,38,38,38,38,0,0,0,NA,NA,0.0160920575138106,0,0,0,0.0450599999999802
230,40,"severe","85_15","extreme",0.1,"n_minority",18,FALSE,"alignment","che_rve",5000,5000,0,0,0,0,0.0994724689038443,-0.000527531096155692,0.000527531096155692,0.0581128196470809,0.0564517678160429,0.971416774454834,0.0581094026507767,0.9528,0.00299907185642492,0.264481030974212,0.3236,0.00661638934767294,0.000821839376926435,0.000581186318008832,NA,0.3236,7.37674778382642,7.40080424121954,0.610311681524809,3.8564680962251,6.36680023429821,6.7755637127408,13.755821078177,0,4e-04,0.9978,0.00998615716698985,0.0100092657378689,NA,0.0136,0,0,0.4142
230,40,"severe","85_15","extreme",0.1,"n_minority",18,FALSE,"alignment","mlma",5000,5000,0,0,0,0,0.0995243940827733,-0.00047560591722666,0.00047560591722666,0.0584494470062335,0.0623893413154776,1.06740687057012,0.0584455369446798,0.955,0.00293172304285381,0.244561723995026,0.3594,0.0067857444691058,0.000826600006694229,0.00058455292827822,NA,0.3594,NA,NA,NA,NA,NA,NA,NA,NA,NA,NA,0.0145323108153459,0.00756626782791682,NA,0,0,0,0.315703999999992
230,40,"severe","85_15","extreme",0.1,"n_minority",18,FALSE,"alignment","mlma_cr2",5000,5000,0,0,0,0,0.0995243940827733,-0.00047560591722666,0.00047560591722666,0.0584494470062335,0.0572844383662462,0.980068098165873,0.0584455369446798,0.9552,0.00292550713552368,0.269322289842437,0.3084,0.00653130063616735,0.000826600006694229,0.00058455292827822,NA,0.3084,7.22320537831085,7.23080978120854,0.340402186375594,3.60624655861589,6.72908146042981,6.90567745183464,9.32715953568132,0,4e-04,1,0.0145323108153459,0.00756626782791682,NA,0,0,0,0.345734000000014
231,40,"severe","85_15","extreme",0.1,"nk_majority",19,FALSE,"alignment","aggregate_hksj",5000,5000,0,0,0,0,0.101527726906351,0.00152772690635077,0.00152772690635077,0.112236560274778,0.110184048287557,0.981712625705958,0.112235734072183,0.955,0.00293172304285381,0.446111888619049,0.1458,0.00499083880725475,0.00158726465734696,0.00112247785614634,NA,0.1458,38,38,0,38,38,38,38,0,0,0,NA,NA,0.0141659685360288,0,0,0,0.0438360000000219
231,40,"severe","85_15","extreme",0.1,"nk_majority",19,FALSE,"alignment","che_rve",5000,5000,0,0,0,0,0.101598535741211,0.00159853574121083,0.00159853574121083,0.112233999887811,0.107703981835423,0.959637738502443,0.112234160366561,0.9548,0.00293792307591605,0.542373959309961,0.114,0.00449453000879959,0.00158722844800723,0.00112245224971591,NA,0.114,5.3714748754357,5.3718549893462,0.116065373574913,4.97573474583065,5.18163407334358,5.22288500606624,5.84690000230946,0,0,1,0.010057581208084,0.00999100435492724,NA,0.0016,0,0,0.390385999999993
231,40,"severe","85_15","extreme",0.1,"nk_majority",19,FALSE,"alignment","mlma",5000,5000,0,0,0,0,0.101596812774756,0.00159681277475601,0.00159681277475601,0.112214432721833,0.112682670863205,1.00417270871504,0.112214572611306,0.9528,0.00299907185642492,0.441707953147325,0.1504,0.00505529108954173,0.00158695172649219,0.00112225655848602,NA,0.1504,NA,NA,NA,NA,NA,NA,NA,NA,NA,NA,0.0110421171758281,0.00928432846294026,NA,0,0,0,0.293805999999915
231,40,"severe","85_15","extreme",0.1,"nk_majority",19,FALSE,"alignment","mlma_cr2",5000,5000,0,0,0,0,0.101596812774756,0.00159681277475601,0.00159681277475601,0.112214432721833,0.107713762416376,0.959892233144254,0.112214572611306,0.9546,0.00294410733499986,0.542413540311571,0.1138,0.00449109251741711,0.00158695172649219,0.00112225655848602,NA,0.1138,5.37179291350534,5.37183173252151,0.114657957773898,4.96985916137364,5.18324210949115,5.22544254243303,5.84143440666674,0,0,1,0.0110421171758281,0.00928432846294026,NA,0,0,0,0.322784000000005
232,40,"severe","85_15","extreme",0.1,"nk_minority",20,FALSE,"alignment","aggregate_hksj",5000,5000,0,0,0,0,0.0992509533357258,-0.000749046664274194,0.000749046664274194,0.0515894602595919,0.0569121132776097,1.10317326429148,0.0515897391571163,0.9612,0.00273110087693589,0.23042509995018,0.3924,0.00690539267529371,0.000729585143746227,0.000515946199795888,NA,0.3924,38,38,0,38,38,38,38,0,0,0,NA,NA,0.0142715735104687,0,0,0,0.041114000000016
232,40,"severe","85_15","extreme",0.1,"nk_minority",20,FALSE,"alignment","che_rve",5000,5000,0,0,0,0,0.0993189545027479,-0.000681045497252078,0.000681045497252078,0.051438132136643,0.0500833593743213,0.973662092575158,0.0514374968713344,0.9486,0.00312275647465504,0.224766515535694,0.4092,0.00695349351045933,0.000727445040907799,0.000514432767215573,NA,0.4092,9.75997318861516,9.53594765101326,1.04594482483247,8.04379475361411,8.5686560579152,8.72440736274661,15.6859295957332,0,0,0.6886,0.00999294961225413,0.00995000429615034,NA,0.001,0,0,0.361935999999958
232,40,"severe","85_15","extreme",0.1,"nk_minority",20,FALSE,"alignment","mlma",5000,5000,0,0,0,0,0.0993364767898063,-0.000663523210193723,0.000663523210193723,0.0514609023276419,0.0511898464252379,0.994732779835879,0.0514600338761246,0.9344,0.00350133231784702,0.200660510735205,0.4904,0.00706976435250851,0.000727767060037084,0.000514660491899169,NA,0.4904,NA,NA,NA,NA,NA,NA,NA,NA,NA,NA,0.0109949109596691,0.00924251095601103,NA,2e-04,0,0,0.272734000000017
232,40,"severe","85_15","extreme",0.1,"nk_minority",20,FALSE,"alignment","mlma_cr2",5000,5000,0,0,0,0,0.0993364767898063,-0.000663523210193723,0.000663523210193723,0.0514609023276419,0.0501048261398632,0.973648417994212,0.0514600338761246,0.9498,0.00308804015517933,0.225753987473835,0.4072,0.00694821070492253,0.000727767060037084,0.000514660491899169,NA,0.4072,9.44227759420356,9.27327457094282,0.841050863595087,7.98130393291643,8.44189879944244,8.57711549552699,14.1740382745689,0,0,0.807,0.0109949109596691,0.00924251095601103,NA,2e-04,0,0,0.299980000000057
