"condition_id","condition_set","J","k_imbalance","moderator_split","n_imbalance","beta1_true","allocation_pattern","n_rep","N_total_ok","K_total_ok","mean_N_total","mean_K_total","mean_n_min","mean_n_median","mean_n_max","mean_n_mean","mean_n_cv","mean_max_precision_share","mean_J_precision","mean_J_precision_ratio","mean_precision_X0","mean_precision_X1","mean_precision_X1_prop","mean_precision_X1_X0_ratio","mean_k_min","mean_k_median","mean_k_max","mean_k_mean","mean_max_k_share","mean_J_k","mean_J_k_ratio","mean_effects_X0","mean_effects_X1","mean_effects_X1_prop","mean_pearson_n_k","mean_spearman_n_k","mean_max_q_share","mean_q_X0","mean_q_X1","mean_q_X1_prop"
1,"core",20,"balanced","50_50","balanced",0,"independent",5000,TRUE,TRUE,6000,80,300,300,300,300,0,0.05,20,1,2970,2970,0.5,1,4,4,4,4,0.05,20,1,40,40,0.5,NA,NA,0.05,11880,11880,0.5
2,"core",20,"balanced","50_50","balanced",0.1,"independent",5000,TRUE,TRUE,6000,80,300,300,300,300,0,0.05,20,1,2970,2970,0.5,1,4,4,4,4,0.05,20,1,40,40,0.5,NA,NA,0.05,11880,11880,0.5
3,"core",20,"balanced","50_50","moderate",0,"independent",5000,TRUE,TRUE,6000,80,100,267.5,712,300,0.50888595213535,0.119360269360269,15.9870594152269,0.799352970761347,2967.6644,2972.3356,0.500393198653199,1.02883969312413,4,4,4,4,0.05,20,1,40,40,0.5,NA,NA,0.119360269360269,11870.6576,11889.3424,0.500393198653199
4,"core",20,"balanced","50_50","moderate",0.1,"independent",5000,TRUE,TRUE,6000,80,100,267.5,712,300,0.50888595213535,0.119360269360269,15.9870594152269,0.799352970761347,2959.9374,2980.0626,0.50169404040404,1.0357906288925,4,4,4,4,0.05,20,1,40,40,0.5,NA,NA,0.119360269360269,11839.7496,11920.2504,0.50169404040404
5,"core",20,"balanced","50_50","severe",0,"independent",5000,TRUE,TRUE,6000,80,36,208,1211,300,0.950866640713119,0.203367003367003,10.6588219940839,0.532941099704193,2964.9852,2975.0148,0.500844242424242,1.1046760764878,4,4,4,4,0.05,20,1,40,40,0.5,NA,NA,0.203367003367003,11859.9408,11900.0592,0.500844242424242
6,"core",20,"balanced","50_50","severe",0.1,"independent",5000,TRUE,TRUE,6000,80,36,208,1211,300,0.950866640713119,0.203367003367003,10.6588219940839,0.532941099704193,2969.8482,2970.1518,0.500025555555556,1.10566840605594,4,4,4,4,0.05,20,1,40,40,0.5,NA,NA,0.203367003367003,11879.3928,11880.6072,0.500025555555556
7,"core",20,"balanced","50_50","extreme",0,"independent",5000,TRUE,TRUE,6000,80,20,127.5,1976,300,1.5382472747782,0.332154882154882,6.0725011574094,0.30362505787047,2943.5234,2996.4766,0.50445734006734,1.34593077326208,4,4,4,4,0.05,20,1,40,40,0.5,NA,NA,0.332154882154882,11774.0936,11985.9064,0.50445734006734
8,"core",20,"balanced","50_50","extreme",0.1,"independent",5000,TRUE,TRUE,6000,80,20,127.5,1976,300,1.5382472747782,0.332154882154882,6.0725011574094,0.30362505787047,2969.0946,2970.9054,0.500152424242424,1.31251190874126,4,4,4,4,0.05,20,1,40,40,0.5,NA,NA,0.332154882154882,11876.3784,11883.6216,0.500152424242424
9,"core",20,"balanced","70_30","balanced",0,"independent",5000,TRUE,TRUE,6000,80,300,300,300,300,0,0.05,20,1,4158,1782,0.3,0.428571428571429,4,4,4,4,0.05,20,1,56,24,0.3,NA,NA,0.05,16632,7128,0.3
10,"core",20,"balanced","70_30","balanced",0.1,"independent",5000,TRUE,TRUE,6000,80,300,300,300,300,0,0.05,20,1,4158,1782,0.3,0.428571428571429,4,4,4,4,0.05,20,1,56,24,0.3,NA,NA,0.05,16632,7128,0.3
11,"core",20,"balanced","70_30","moderate",0,"independent",5000,TRUE,TRUE,6000,80,100,267.5,712,300,0.50888595213535,0.119360269360269,15.9870594152269,0.799352970761347,4161.0012,1778.9988,0.299494747474747,0.43612637081159,4,4,4,4,0.05,20,1,56,24,0.3,NA,NA,0.119360269360269,16644.0048,7115.9952,0.299494747474747
12,"core",20,"balanced","70_30","moderate",0.1,"independent",5000,TRUE,TRUE,6000,80,100,267.5,712,300,0.50888595213535,0.119360269360269,15.9870594152269,0.799352970761347,4146.8482,1793.1518,0.301877407407407,0.440813334024139,4,4,4,4,0.05,20,1,56,24,0.3,NA,NA,0.119360269360269,16587.3928,7172.6072,0.301877407407407
13,"core",20,"balanced","70_30","severe",0,"independent",5000,TRUE,TRUE,6000,80,36,208,1211,300,0.950866640713119,0.203367003367003,10.6588219940839,0.532941099704193,4142.409,1797.591,0.302624747474747,0.466259874270332,4,4,4,4,0.05,20,1,56,24,0.3,NA,NA,0.203367003367003,16569.636,7190.364,0.302624747474747
14,"core",20,"balanced","70_30","severe",0.1,"independent",5000,TRUE,TRUE,6000,80,36,208,1211,300,0.950866640713119,0.203367003367003,10.6588219940839,0.532941099704193,4170.2488,1769.7512,0.297937912457912,0.45620540921166,4,4,4,4,0.05,20,1,56,24,0.3,NA,NA,0.203367003367003,16680.9952,7079.0048,0.297937912457912
15,"core",20,"balanced","70_30","extreme",0,"independent",5000,TRUE,TRUE,6000,80,20,127.5,1976,300,1.5382472747782,0.332154882154882,6.0725011574094,0.30362505787047,4154.3352,1785.6648,0.30061696969697,0.528762822274096,4,4,4,4,0.05,20,1,56,24,0.3,NA,NA,0.332154882154882,16617.3408,7142.6592,0.30061696969697
16,"core",20,"balanced","70_30","extreme",0.1,"independent",5000,TRUE,TRUE,6000,80,20,127.5,1976,300,1.5382472747782,0.332154882154882,6.0725011574094,0.30362505787047,4146.627,1793.373,0.301914646464646,0.529156313182011,4,4,4,4,0.05,20,1,56,24,0.3,NA,NA,0.332154882154882,16586.508,7173.492,0.301914646464646
17,"core",20,"balanced","85_15","balanced",0,"independent",5000,TRUE,TRUE,6000,80,300,300,300,300,0,0.05,20,1,5049,891,0.15,0.176470588235294,4,4,4,4,0.05,20,1,68,12,0.15,NA,NA,0.05,20196,3564,0.15
18,"core",20,"balanced","85_15","balanced",0.1,"independent",5000,TRUE,TRUE,6000,80,300,300,300,300,0,0.05,20,1,5049,891,0.15,0.176470588235294,4,4,4,4,0.05,20,1,68,12,0.15,NA,NA,0.05,20196,3564,0.15
19,"core",20,"balanced","85_15","moderate",0,"independent",5000,TRUE,TRUE,6000,80,100,267.5,712,300,0.50888595213535,0.119360269360269,15.9870594152269,0.799352970761347,5049.863,890.137,0.149854713804714,0.179073691368392,4,4,4,4,0.05,20,1,68,12,0.15,NA,NA,0.119360269360269,20199.452,3560.548,0.149854713804714
20,"core",20,"balanced","85_15","moderate",0.1,"independent",5000,TRUE,TRUE,6000,80,100,267.5,712,300,0.50888595213535,0.119360269360269,15.9870594152269,0.799352970761347,5043.49,896.51,0.150927609427609,0.18063121145854,4,4,4,4,0.05,20,1,68,12,0.15,NA,NA,0.119360269360269,20173.96,3586.04,0.150927609427609
21,"core",20,"balanced","85_15","severe",0,"independent",5000,TRUE,TRUE,6000,80,36,208,1211,300,0.950866640713119,0.203367003367003,10.6588219940839,0.532941099704193,5046.3518,893.6482,0.150445824915825,0.187942492312493,4,4,4,4,0.05,20,1,68,12,0.15,NA,NA,0.203367003367003,20185.4072,3574.5928,0.150445824915825
22,"core",20,"balanced","85_15","severe",0.1,"independent",5000,TRUE,TRUE,6000,80,36,208,1211,300,0.950866640713119,0.203367003367003,10.6588219940839,0.532941099704193,5044.901,895.099,0.150690067340067,0.188233916644184,4,4,4,4,0.05,20,1,68,12,0.15,NA,NA,0.203367003367003,20179.604,3580.396,0.150690067340067
23,"core",20,"balanced","85_15","extreme",0,"independent",5000,TRUE,TRUE,6000,80,20,127.5,1976,300,1.5382472747782,0.332154882154882,6.0725011574094,0.30362505787047,5046.4688,893.5312,0.150426127946128,0.210793067088626,4,4,4,4,0.05,20,1,68,12,0.15,NA,NA,0.332154882154882,20185.8752,3574.1248,0.150426127946128
24,"core",20,"balanced","85_15","extreme",0.1,"independent",5000,TRUE,TRUE,6000,80,20,127.5,1976,300,1.5382472747782,0.332154882154882,6.0725011574094,0.30362505787047,5060.2098,879.7902,0.148112828282828,0.205073455013315,4,4,4,4,0.05,20,1,68,12,0.15,NA,NA,0.332154882154882,20240.8392,3519.1608,0.148112828282828
25,"core",20,"moderate","50_50","balanced",0,"independent",5000,TRUE,TRUE,6000,80,300,300,300,300,0,0.05,20,1,2970,2970,0.5,1,1,4,7,4,0.0875,15.2380952380952,0.761904761904762,40.1092,39.8908,0.498635,NA,NA,0.0875,11912.4324,11847.5676,0.498635
26,"core",20,"moderate","50_50","balanced",0.1,"independent",5000,TRUE,TRUE,6000,80,300,300,300,300,0,0.05,20,1,2970,2970,0.5,1,1,4,7,4,0.0875,15.2380952380952,0.761904761904762,40.1572,39.8428,0.498035,NA,NA,0.0875,11926.6884,11833.3116,0.498035
27,"core",20,"moderate","50_50","moderate",0,"independent",5000,TRUE,TRUE,6000,80,100,267.5,712,300,0.50888595213535,0.119360269360269,15.9870594152269,0.799352970761347,2960.656,2979.344,0.501573063973064,1.03383325317909,1,4,7,4,0.0875,15.2380952380952,0.761904761904762,39.9624,40.0376,0.50047,-0.00285627242445131,-0.00255316568941265,0.154304070309144,11837.6496,11903.3432,0.501431407324286
28,"core",20,"moderate","50_50","moderate",0.1,"independent",5000,TRUE,TRUE,6000,80,100,267.5,712,300,0.50888595213535,0.119360269360269,15.9870594152269,0.799352970761347,2971.6172,2968.3828,0.499727744107744,1.02731942766939,1,4,7,4,0.0875,15.2380952380952,0.761904761904762,40.0508,39.9492,0.499365,-0.00365548531547165,-0.00415083316213138,0.154778421546959,11873.0636,11862.6108,0.499771716360873
29,"core",20,"moderate","50_50","severe",0,"independent",5000,TRUE,TRUE,6000,80,36,208,1211,300,0.950866640713119,0.203367003367003,10.6588219940839,0.532941099704193,2966.2064,2973.7936,0.500638653198653,1.10575462311375,1,4,7,4,0.0875,15.2380952380952,0.761904761904762,40.0208,39.9792,0.49974,0.00461527272036907,0.00592377871680858,0.23327885230842,11910.8256,11906.5616,0.499906299026466
30,"core",20,"moderate","50_50","severe",0.1,"independent",5000,TRUE,TRUE,6000,80,36,208,1211,300,0.950866640713119,0.203367003367003,10.6588219940839,0.532941099704193,2957.5652,2982.4348,0.502093400673401,1.11372518722896,1,4,7,4,0.0875,15.2380952380952,0.761904761904762,40.07,39.93,0.499125,-0.0104199750944792,-0.00809381443946247,0.231953414312953,11772.0272,11858.4088,0.501963298315936
31,"core",20,"moderate","50_50","extreme",0,"independent",5000,TRUE,TRUE,6000,80,20,127.5,1976,300,1.5382472747782,0.332154882154882,6.0725011574094,0.30362505787047,2947.8794,2992.1206,0.503724006734007,1.34029807823818,1,4,7,4,0.0875,15.2380952380952,0.761904761904762,40.0476,39.9524,0.499405,-0.00349558659871382,-0.000920943998300667,0.346181859040491,11770.8542,11918.8314,0.502222764490979
32,"core",20,"moderate","50_50","extreme",0.1,"independent",5000,TRUE,TRUE,6000,80,20,127.5,1976,300,1.5382472747782,0.332154882154882,6.0725011574094,0.30362505787047,2955.7656,2984.2344,0.502396363636364,1.32824822316745,1,4,7,4,0.0875,15.2380952380952,0.761904761904762,40.0252,39.9748,0.499685,-0.00476366290634572,-0.00410817057371696,0.347509689416408,11819.2928,11844.8852,0.500985608562992
33,"core",20,"moderate","70_30","balanced",0,"independent",5000,TRUE,TRUE,6000,80,300,300,300,300,0,0.05,20,1,4158,1782,0.3,0.428571428571429,1,4,7,4,0.0875,15.2380952380952,0.761904761904762,55.9752,24.0248,0.30031,NA,NA,0.0875,16624.6344,7135.3656,0.30031
34,"core",20,"moderate","70_30","balanced",0.1,"independent",5000,TRUE,TRUE,6000,80,300,300,300,300,0,0.05,20,1,4158,1782,0.3,0.428571428571429,1,4,7,4,0.0875,15.2380952380952,0.761904761904762,56.056,23.944,0.2993,NA,NA,0.0875,16648.632,7111.368,0.2993
35,"core",20,"moderate","70_30","moderate",0,"independent",5000,TRUE,TRUE,6000,80,100,267.5,712,300,0.50888595213535,0.119360269360269,15.9870594152269,0.799352970761347,4155.9546,1784.0454,0.300344343434343,0.437809108671909,1,4,7,4,0.0875,15.2380952380952,0.761904761904762,55.9936,24.0064,0.30008,-0.0016792126446709,-0.00174502515224133,0.154969384171798,16613.6274,7135.1982,0.300492667650023
36,"core",20,"moderate","70_30","moderate",0.1,"independent",5000,TRUE,TRUE,6000,80,100,267.5,712,300,0.50888595213535,0.119360269360269,15.9870594152269,0.799352970761347,4158.616,1781.384,0.299896296296296,0.436754591691511,1,4,7,4,0.0875,15.2380952380952,0.761904761904762,56.0792,23.9208,0.29901,0.00182792298555419,0.00186136016239075,0.154716247064449,16660.8928,7111.2712,0.29918698050598
37,"core",20,"moderate","70_30","severe",0,"independent",5000,TRUE,TRUE,6000,80,36,208,1211,300,0.950866640713119,0.203367003367003,10.6588219940839,0.532941099704193,4136.0786,1803.9214,0.303690471380471,0.468744966910362,1,4,7,4,0.0875,15.2380952380952,0.761904761904762,55.9984,24.0016,0.30002,-0.00857290735961548,-0.00757263359399305,0.231643981995277,16508.4162,7144.9866,0.302132253705253
38,"core",20,"moderate","70_30","severe",0.1,"independent",5000,TRUE,TRUE,6000,80,36,208,1211,300,0.950866640713119,0.203367003367003,10.6588219940839,0.532941099704193,4146.6388,1793.3612,0.30191265993266,0.465978922374839,1,4,7,4,0.0875,15.2380952380952,0.761904761904762,56.0368,23.9632,0.29954,-0.00753435197092675,-0.00686221446534725,0.232672762365979,16533.4316,7132.8848,0.301605924913509
39,"core",20,"moderate","70_30","extreme",0,"independent",5000,TRUE,TRUE,6000,80,20,127.5,1976,300,1.5382472747782,0.332154882154882,6.0725011574094,0.30362505787047,4159.8084,1780.1916,0.299695555555556,0.523359784304035,1,4,7,4,0.0875,15.2380952380952,0.761904761904762,56.048,23.952,0.2994,0.00322848501386676,0.00294050358345369,0.349010771553909,16729.1456,7095.796,0.297891364509643
40,"core",20,"moderate","70_30","extreme",0.1,"independent",5000,TRUE,TRUE,6000,80,20,127.5,1976,300,1.5382472747782,0.332154882154882,6.0725011574094,0.30362505787047,4150.8744,1789.1256,0.301199595959596,0.529858312590508,1,4,7,4,0.0875,15.2380952380952,0.761904761904762,56.068,23.932,0.29915,-0.00279343077970329,-0.00664290017982335,0.349558778992017,16642.0512,7061.7584,0.298600573826494
41,"core",20,"moderate","85_15","balanced",0,"independent",5000,TRUE,TRUE,6000,80,300,300,300,300,0,0.05,20,1,5049,891,0.15,0.176470588235294,1,4,7,4,0.0875,15.2380952380952,0.761904761904762,68.0212,11.9788,0.149735,NA,NA,0.0875,20202.2964,3557.7036,0.149735
42,"core",20,"moderate","85_15","balanced",0.1,"independent",5000,TRUE,TRUE,6000,80,300,300,300,300,0,0.05,20,1,5049,891,0.15,0.176470588235294,1,4,7,4,0.0875,15.2380952380952,0.761904761904762,68.1436,11.8564,0.148205,NA,NA,0.0875,20238.6492,3521.3508,0.148205
43,"core",20,"moderate","85_15","moderate",0,"independent",5000,TRUE,TRUE,6000,80,100,267.5,712,300,0.50888595213535,0.119360269360269,15.9870594152269,0.799352970761347,5047.5912,892.4088,0.150237171717172,0.17953092594967,1,4,7,4,0.0875,15.2380952380952,0.761904761904762,68.0352,11.9648,0.14956,-0.000890098111479333,-0.00308675560263133,0.155214863336765,20195.9068,3558.17,0.149872724381941
44,"core",20,"moderate","85_15","moderate",0.1,"independent",5000,TRUE,TRUE,6000,80,100,267.5,712,300,0.50888595213535,0.119360269360269,15.9870594152269,0.799352970761347,5044.7826,895.2174,0.15071,0.180293618855603,1,4,7,4,0.0875,15.2380952380952,0.761904761904762,67.9564,12.0436,0.150545,-0.00574151751838755,-0.00497293390052063,0.154599672746873,20132.4686,3589.3242,0.151212506599205
45,"core",20,"moderate","85_15","severe",0,"independent",5000,TRUE,TRUE,6000,80,36,208,1211,300,0.950866640713119,0.203367003367003,10.6588219940839,0.532941099704193,5042.819,897.181,0.151040572390572,0.188460225519303,1,4,7,4,0.0875,15.2380952380952,0.761904761904762,68.0408,11.9592,0.14949,0.00274427098695545,0.00624951674522696,0.232909196545848,20222.9054,3571.2174,0.149995272778812
46,"core",20,"moderate","85_15","severe",0.1,"independent",5000,TRUE,TRUE,6000,80,36,208,1211,300,0.950866640713119,0.203367003367003,10.6588219940839,0.532941099704193,5046.5674,893.4326,0.150409528619529,0.187471793908979,1,4,7,4,0.0875,15.2380952380952,0.761904761904762,68.0836,11.9164,0.148955,-0.00469981377976301,-0.0040670719548238,0.233610215190665,20185.4994,3516.0622,0.148438568473208
47,"core",20,"moderate","85_15","extreme",0,"independent",5000,TRUE,TRUE,6000,80,20,127.5,1976,300,1.5382472747782,0.332154882154882,6.0725011574094,0.30362505787047,5043.1032,896.8968,0.150992727272727,0.210345137779009,1,4,7,4,0.0875,15.2380952380952,0.761904761904762,68.1796,11.8204,0.147755,-0.00151618727205542,0.00105516751279605,0.347787504420275,20207.7968,3521.7048,0.149495734337948
48,"core",20,"moderate","85_15","extreme",0.1,"independent",5000,TRUE,TRUE,6000,80,20,127.5,1976,300,1.5382472747782,0.332154882154882,6.0725011574094,0.30362505787047,5045.1048,894.8952,0.150655757575758,0.211318120660678,1,4,7,4,0.0875,15.2380952380952,0.761904761904762,67.9812,12.0188,0.150235,-0.00262305210348459,-0.000430601448236622,0.347688691100516,20113.0724,3594.1644,0.151067622502935
49,"core",20,"severe","50_50","balanced",0,"independent",5000,TRUE,TRUE,6000,80,300,300,300,300,0,0.05,20,1,2970,2970,0.5,1,1,1.5,17,4,0.2125,7.8239608801956,0.39119804400978,39.9178,40.0822,0.5010275,NA,NA,0.2125,11855.5866,11904.4134,0.5010275
50,"core",20,"severe","50_50","balanced",0.1,"independent",5000,TRUE,TRUE,6000,80,300,300,300,300,0,0.05,20,1,2970,2970,0.5,1,1,1.5,17,4,0.2125,7.8239608801956,0.39119804400978,40.4594,39.5406,0.4942575,NA,NA,0.2125,12016.4418,11743.5582,0.4942575
51,"core",20,"severe","50_50","moderate",0,"independent",5000,TRUE,TRUE,6000,80,100,267.5,712,300,0.50888595213535,0.119360269360269,15.9870594152269,0.799352970761347,2967.2408,2972.7592,0.500464511784512,1.02958759058415,1,1.5,17,4,0.2125,7.8239608801956,0.39119804400978,40.3798,39.6202,0.4952525,-0.00293738205503415,-0.00278111351743423,0.271779883220806,11941.2146,11775.1646,0.49627188246433
52,"core",20,"severe","50_50","moderate",0.1,"independent",5000,TRUE,TRUE,6000,80,100,267.5,712,300,0.50888595213535,0.119360269360269,15.9870594152269,0.799352970761347,2978.547,2961.453,0.498561111111111,1.02036754680976,1,1.5,17,4,0.2125,7.8239608801956,0.39119804400978,39.9818,40.0182,0.5002275,-0.0061897221885035,-0.00471522941546074,0.269862794046287,11843.037,11825.0442,0.499859295754009
53,"core",20,"severe","50_50","severe",0,"independent",5000,TRUE,TRUE,6000,80,36,208,1211,300,0.950866640713119,0.203367003367003,10.6588219940839,0.532941099704193,2973.0704,2966.9296,0.499483097643098,1.10343213528578,1,1.5,17,4,0.2125,7.8239608801956,0.39119804400978,40.249,39.751,0.4968875,-0.00403393512843179,-0.00307854492221763,0.336405884916981,11845.8472,11802.219,0.498761007101073
54,"core",20,"severe","50_50","severe",0.1,"independent",5000,TRUE,TRUE,6000,80,36,208,1211,300,0.950866640713119,0.203367003367003,10.6588219940839,0.532941099704193,2955.4318,2984.5682,0.502452558922559,1.11716488044133,1,1.5,17,4,0.2125,7.8239608801956,0.39119804400978,40.0038,39.9962,0.4999525,-0.00194557153475084,-0.000757216196457284,0.3384193180009,11792.2808,11913.7334,0.502003731302078
55,"core",20,"severe","50_50","extreme",0,"independent",5000,TRUE,TRUE,6000,80,20,127.5,1976,300,1.5382472747782,0.332154882154882,6.0725011574094,0.30362505787047,2952.823,2987.177,0.502891750841751,1.33960428207772,1,1.5,17,4,0.2125,7.8239608801956,0.39119804400978,40.2458,39.7542,0.4969275,-0.00701474662183889,-0.000309561953971257,0.407806560828306,11650.783,11794.3328,0.5007927604407
56,"core",20,"severe","50_50","extreme",0.1,"independent",5000,TRUE,TRUE,6000,80,20,127.5,1976,300,1.5382472747782,0.332154882154882,6.0725011574094,0.30362505787047,2951.659,2988.341,0.50308771043771,1.34559235402793,1,1.5,17,4,0.2125,7.8239608801956,0.39119804400978,40.0104,39.9896,0.49987,-0.0100634296128937,-0.0024014601528956,0.405865775187654,11508.4674,11799.7964,0.505681783303052
57,"core",20,"severe","70_30","balanced",0,"independent",5000,TRUE,TRUE,6000,80,300,300,300,300,0,0.05,20,1,4158,1782,0.3,0.428571428571429,1,1.5,17,4,0.2125,7.8239608801956,0.39119804400978,56.2416,23.7584,0.29698,NA,NA,0.2125,16703.7552,7056.2448,0.29698
58,"core",20,"severe","70_30","balanced",0.1,"independent",5000,TRUE,TRUE,6000,80,300,300,300,300,0,0.05,20,1,4158,1782,0.3,0.428571428571429,1,1.5,17,4,0.2125,7.8239608801956,0.39119804400978,56.2788,23.7212,0.296515,NA,NA,0.2125,16714.8036,7045.1964,0.296515
59,"core",20,"severe","70_30","moderate",0,"independent",5000,TRUE,TRUE,6000,80,100,267.5,712,300,0.50888595213535,0.119360269360269,15.9870594152269,0.799352970761347,4155.1346,1784.8654,0.300482390572391,0.437745438423326,1,1.5,17,4,0.2125,7.8239608801956,0.39119804400978,56.031,23.969,0.2996125,-0.00394360214030433,-0.00311702267491067,0.270869637683637,16606.265,7095.1716,0.299283731664675
60,"core",20,"severe","70_30","moderate",0.1,"independent",5000,TRUE,TRUE,6000,80,100,267.5,712,300,0.50888595213535,0.119360269360269,15.9870594152269,0.799352970761347,4154.8826,1785.1174,0.300524814814815,0.438025420921746,1,1.5,17,4,0.2125,7.8239608801956,0.39119804400978,56.2504,23.7496,0.29687,-0.00581524988152965,-0.00450757943362779,0.270887965828083,16633.5968,7040.0454,0.297417518557482
61,"core",20,"severe","70_30","severe",0,"independent",5000,TRUE,TRUE,6000,80,36,208,1211,300,0.950866640713119,0.203367003367003,10.6588219940839,0.532941099704193,4156.732,1783.268,0.300213468013468,0.460069942179672,1,1.5,17,4,0.2125,7.8239608801956,0.39119804400978,56.0286,23.9714,0.2996425,-0.00828863538598229,-0.00692096252975505,0.33389765787117,16490.9198,7039.0868,0.299247195905392
62,"core",20,"severe","70_30","severe",0.1,"independent",5000,TRUE,TRUE,6000,80,36,208,1211,300,0.950866640713119,0.203367003367003,10.6588219940839,0.532941099704193,4159.497,1780.503,0.29974797979798,0.459932020768514,1,1.5,17,4,0.2125,7.8239608801956,0.39119804400978,56.4604,23.5396,0.294245,-0.000753451369855198,0.00486556865172134,0.337974546439729,16726.2354,7012.8578,0.295708721128184
63,"core",20,"severe","70_30","extreme",0,"independent",5000,TRUE,TRUE,6000,80,20,127.5,1976,300,1.5382472747782,0.332154882154882,6.0725011574094,0.30362505787047,4146.5704,1793.4296,0.301924175084175,0.532008115371083,1,1.5,17,4,0.2125,7.8239608801956,0.39119804400978,56.272,23.728,0.2966,-0.00252578747690347,-0.00543455012687945,0.413991242348495,16621.851,7024.7692,0.298924842015686
64,"core",20,"severe","70_30","extreme",0.1,"independent",5000,TRUE,TRUE,6000,80,20,127.5,1976,300,1.5382472747782,0.332154882154882,6.0725011574094,0.30362505787047,4149.1224,1790.8776,0.301494545454545,0.530753987291797,1,1.5,17,4,0.2125,7.8239608801956,0.39119804400978,56.1538,23.8462,0.2980775,-0.00431427004618161,-0.00363386104834885,0.41091327779596,16608.5272,6957.81,0.296777360434158
65,"core",20,"severe","85_15","balanced",0,"independent",5000,TRUE,TRUE,6000,80,300,300,300,300,0,0.05,20,1,5049,891,0.15,0.176470588235294,1,1.5,17,4,0.2125,7.8239608801956,0.39119804400978,68.0738,11.9262,0.1490775,NA,NA,0.2125,20217.9186,3542.0814,0.1490775
66,"core",20,"severe","85_15","balanced",0.1,"independent",5000,TRUE,TRUE,6000,80,300,300,300,300,0,0.05,20,1,5049,891,0.15,0.176470588235294,1,1.5,17,4,0.2125,7.8239608801956,0.39119804400978,67.9948,12.0052,0.150065,NA,NA,0.2125,20194.4556,3565.5444,0.150065
67,"core",20,"severe","85_15","moderate",0,"independent",5000,TRUE,TRUE,6000,80,100,267.5,712,300,0.50888595213535,0.119360269360269,15.9870594152269,0.799352970761347,5051.062,888.938,0.149652861952862,0.178817602494196,1,1.5,17,4,0.2125,7.8239608801956,0.39119804400978,68.257,11.743,0.1467875,-0.00514554982986334,-0.00416322790003304,0.269098615162939,20209.6466,3473.9408,0.14706830259157
68,"core",20,"severe","85_15","moderate",0.1,"independent",5000,TRUE,TRUE,6000,80,100,267.5,712,300,0.50888595213535,0.119360269360269,15.9870594152269,0.799352970761347,5049.9858,890.0142,0.14983404040404,0.179103711558461,1,1.5,17,4,0.2125,7.8239608801956,0.39119804400978,68.1278,11.8722,0.1484025,0.000201047387106838,-0.000370652782271007,0.271615946479764,20244.6322,3518.3534,0.148409664564236
69,"core",20,"severe","85_15","severe",0,"independent",5000,TRUE,TRUE,6000,80,36,208,1211,300,0.950866640713119,0.203367003367003,10.6588219940839,0.532941099704193,5044.646,895.354,0.150732996632997,0.188657218377835,1,1.5,17,4,0.2125,7.8239608801956,0.39119804400978,68.154,11.846,0.148075,-0.00125541111787456,0.000793096294960083,0.338073077564498,20149.2748,3575.89,0.150266159453613
70,"core",20,"severe","85_15","severe",0.1,"independent",5000,TRUE,TRUE,6000,80,36,208,1211,300,0.950866640713119,0.203367003367003,10.6588219940839,0.532941099704193,5044.3126,895.6874,0.150789124579125,0.188374117688702,1,1.5,17,4,0.2125,7.8239608801956,0.39119804400978,68.0076,11.9924,0.149905,0.000333392897168884,0.00346397186269567,0.339502435101509,20152.1678,3617.0832,0.152280639510233
71,"core",20,"severe","85_15","extreme",0,"independent",5000,TRUE,TRUE,6000,80,20,127.5,1976,300,1.5382472747782,0.332154882154882,6.0725011574094,0.30362505787047,5039.9202,900.0798,0.151528585858586,0.211072300696366,1,1.5,17,4,0.2125,7.8239608801956,0.39119804400978,68.392,11.608,0.1451,-0.00389571214972609,-0.000651931628143036,0.409605883814406,19998.4226,3586.7032,0.149370817620244
72,"core",20,"severe","85_15","extreme",0.1,"independent",5000,TRUE,TRUE,6000,80,20,127.5,1976,300,1.5382472747782,0.332154882154882,6.0725011574094,0.30362505787047,5040.6014,899.3986,0.151413905723906,0.211974930901626,1,1.5,17,4,0.2125,7.8239608801956,0.39119804400978,68.0742,11.9258,0.1490725,-0.00922473213690627,-0.00797869137975603,0.411571953279415,19821.6696,3524.2424,0.150524585517837
73,"core",40,"balanced","50_50","balanced",0,"independent",5000,TRUE,TRUE,12000,160,300,300,300,300,0,0.025,40,1,5940,5940,0.5,1,4,4,4,4,0.025,40,1,80,80,0.5,NA,NA,0.025,23760,23760,0.5
74,"core",40,"balanced","50_50","balanced",0.1,"independent",5000,TRUE,TRUE,12000,160,300,300,300,300,0,0.025,40,1,5940,5940,0.5,1,4,4,4,4,0.025,40,1,80,80,0.5,NA,NA,0.025,23760,23760,0.5
75,"core",40,"balanced","50_50","moderate",0,"independent",5000,TRUE,TRUE,12000,160,87,266,816,300,0.51674909736702,0.0684343434343434,31.6045605170509,0.790114012926272,5939.5516,5940.4484,0.500037744107744,1.01392527926868,4,4,4,4,0.025,40,1,80,80,0.5,NA,NA,0.0684343434343434,23758.2064,23761.7936,0.500037744107744
76,"core",40,"balanced","50_50","moderate",0.1,"independent",5000,TRUE,TRUE,12000,160,87,266,816,300,0.51674909736702,0.0684343434343434,31.6045605170509,0.790114012926272,5945.3088,5934.6912,0.499553131313131,1.01201276221776,4,4,4,4,0.025,40,1,80,80,0.5,NA,NA,0.0684343434343434,23781.2352,23738.7648,0.499553131313131
77,"core",40,"balanced","50_50","severe",0,"independent",5000,TRUE,TRUE,12000,160,27,204.5,1536,300,0.994619141414057,0.129040404040404,20.1600756954174,0.504001892385434,5952.2878,5927.7122,0.498965673400673,1.04958073338617,4,4,4,4,0.025,40,1,80,80,0.5,NA,NA,0.129040404040404,23809.1512,23710.8488,0.498965673400673
78,"core",40,"balanced","50_50","severe",0.1,"independent",5000,TRUE,TRUE,12000,160,27,204.5,1536,300,0.994619141414057,0.129040404040404,20.1600756954174,0.504001892385434,5958.982,5921.018,0.498402188552189,1.04638922690748,4,4,4,4,0.025,40,1,80,80,0.5,NA,NA,0.129040404040404,23835.928,23684.072,0.498402188552189
79,"core",40,"balanced","50_50","extreme",0,"independent",5000,TRUE,TRUE,12000,160,20,132,2000,300,1.43773761816594,0.168097643097643,13.0875780473085,0.327189451182714,5918.2232,5961.7768,0.501833063973064,1.1314883700019,4,4,4,4,0.025,40,1,80,80,0.5,NA,NA,0.168097643097643,23672.8928,23847.1072,0.501833063973064
80,"core",40,"balanced","50_50","extreme",0.1,"independent",5000,TRUE,TRUE,12000,160,20,132,2000,300,1.43773761816594,0.168097643097643,13.0875780473085,0.327189451182714,5910.5958,5969.4042,0.502475101010101,1.13935827986735,4,4,4,4,0.025,40,1,80,80,0.5,NA,NA,0.168097643097643,23642.3832,23877.6168,0.502475101010101
81,"core",40,"balanced","70_30","balanced",0,"independent",5000,TRUE,TRUE,12000,160,300,300,300,300,0,0.025,40,1,8316,3564,0.3,0.428571428571429,4,4,4,4,0.025,40,1,112,48,0.3,NA,NA,0.025,33264,14256,0.3
82,"core",40,"balanced","70_30","balanced",0.1,"independent",5000,TRUE,TRUE,12000,160,300,300,300,300,0,0.025,40,1,8316,3564,0.3,0.428571428571429,4,4,4,4,0.025,40,1,112,48,0.3,NA,NA,0.025,33264,14256,0.3
83,"core",40,"balanced","70_30","moderate",0,"independent",5000,TRUE,TRUE,12000,160,87,266,816,300,0.51674909736702,0.0684343434343434,31.6045605170509,0.790114012926272,8311.3072,3568.6928,0.300395016835017,0.433562030250519,4,4,4,4,0.025,40,1,112,48,0.3,NA,NA,0.0684343434343434,33245.2288,14274.7712,0.300395016835017
84,"core",40,"balanced","70_30","moderate",0.1,"independent",5000,TRUE,TRUE,12000,160,87,266,816,300,0.51674909736702,0.0684343434343434,31.6045605170509,0.790114012926272,8304.783,3575.217,0.300944191919192,0.43477432103214,4,4,4,4,0.025,40,1,112,48,0.3,NA,NA,0.0684343434343434,33219.132,14300.868,0.300944191919192
85,"core",40,"balanced","70_30","severe",0,"independent",5000,TRUE,TRUE,12000,160,27,204.5,1536,300,0.994619141414057,0.129040404040404,20.1600756954174,0.504001892385434,8332.5078,3547.4922,0.298610454545455,0.442182411621893,4,4,4,4,0.025,40,1,112,48,0.3,NA,NA,0.129040404040404,33330.0312,14189.9688,0.298610454545455
86,"core",40,"balanced","70_30","severe",0.1,"independent",5000,TRUE,TRUE,12000,160,27,204.5,1536,300,0.994619141414057,0.129040404040404,20.1600756954174,0.504001892385434,8334.216,3545.784,0.298466666666667,0.44171954459099,4,4,4,4,0.025,40,1,112,48,0.3,NA,NA,0.129040404040404,33336.864,14183.136,0.298466666666667
87,"core",40,"balanced","70_30","extreme",0,"independent",5000,TRUE,TRUE,12000,160,20,132,2000,300,1.43773761816594,0.168097643097643,13.0875780473085,0.327189451182714,8284.5314,3595.4686,0.302648872053872,0.4711990921358,4,4,4,4,0.025,40,1,112,48,0.3,NA,NA,0.168097643097643,33138.1256,14381.8744,0.302648872053872
88,"core",40,"balanced","70_30","extreme",0.1,"independent",5000,TRUE,TRUE,12000,160,20,132,2000,300,1.43773761816594,0.168097643097643,13.0875780473085,0.327189451182714,8303.1562,3576.8438,0.301081127946128,0.468775119660578,4,4,4,4,0.025,40,1,112,48,0.3,NA,NA,0.168097643097643,33212.6248,14307.3752,0.301081127946128
89,"core",40,"balanced","85_15","balanced",0,"independent",5000,TRUE,TRUE,12000,160,300,300,300,300,0,0.025,40,1,10098,1782,0.15,0.176470588235294,4,4,4,4,0.025,40,1,136,24,0.15,NA,NA,0.025,40392,7128,0.15
90,"core",40,"balanced","85_15","balanced",0.1,"independent",5000,TRUE,TRUE,12000,160,300,300,300,300,0,0.025,40,1,10098,1782,0.15,0.176470588235294,4,4,4,4,0.025,40,1,136,24,0.15,NA,NA,0.025,40392,7128,0.15
91,"core",40,"balanced","85_15","moderate",0,"independent",5000,TRUE,TRUE,12000,160,87,266,816,300,0.51674909736702,0.0684343434343434,31.6045605170509,0.790114012926272,10095.4152,1784.5848,0.150217575757576,0.178138750872957,4,4,4,4,0.025,40,1,136,24,0.15,NA,NA,0.0684343434343434,40381.6608,7138.3392,0.150217575757576
92,"core",40,"balanced","85_15","moderate",0.1,"independent",5000,TRUE,TRUE,12000,160,87,266,816,300,0.51674909736702,0.0684343434343434,31.6045605170509,0.790114012926272,10090.0552,1789.9448,0.150668754208754,0.178880136838948,4,4,4,4,0.025,40,1,136,24,0.15,NA,NA,0.0684343434343434,40360.2208,7159.7792,0.150668754208754
93,"core",40,"balanced","85_15","severe",0,"independent",5000,TRUE,TRUE,12000,160,27,204.5,1536,300,0.994619141414057,0.129040404040404,20.1600756954174,0.504001892385434,10082.9758,1797.0242,0.151264663299663,0.183926320721321,4,4,4,4,0.025,40,1,136,24,0.15,NA,NA,0.129040404040404,40331.9032,7188.0968,0.151264663299663
94,"core",40,"balanced","85_15","severe",0.1,"independent",5000,TRUE,TRUE,12000,160,27,204.5,1536,300,0.994619141414057,0.129040404040404,20.1600756954174,0.504001892385434,10110.32,1769.68,0.148962962962963,0.180512934332488,4,4,4,4,0.025,40,1,136,24,0.15,NA,NA,0.129040404040404,40441.28,7078.72,0.148962962962963
95,"core",40,"balanced","85_15","extreme",0,"independent",5000,TRUE,TRUE,12000,160,20,132,2000,300,1.43773761816594,0.168097643097643,13.0875780473085,0.327189451182714,10119.8202,1760.1798,0.148163282828283,0.186063691526007,4,4,4,4,0.025,40,1,136,24,0.15,NA,NA,0.168097643097643,40479.2808,7040.7192,0.148163282828283
96,"core",40,"balanced","85_15","extreme",0.1,"independent",5000,TRUE,TRUE,12000,160,20,132,2000,300,1.43773761816594,0.168097643097643,13.0875780473085,0.327189451182714,10079.428,1800.572,0.1515632996633,0.191527469193835,4,4,4,4,0.025,40,1,136,24,0.15,NA,NA,0.168097643097643,40317.712,7202.288,0.1515632996633
97,"core",40,"moderate","50_50","balanced",0,"independent",5000,TRUE,TRUE,12000,160,300,300,300,300,0,0.025,40,1,5940,5940,0.5,1,1,4,7,4,0.04375,30.4761904761905,0.761904761904762,79.8908,80.1092,0.5006825,NA,NA,0.04375,23727.5676,23792.4324,0.5006825
98,"core",40,"moderate","50_50","balanced",0.1,"independent",5000,TRUE,TRUE,12000,160,300,300,300,300,0,0.025,40,1,5940,5940,0.5,1,1,4,7,4,0.04375,30.4761904761905,0.761904761904762,79.9964,80.0036,0.5000225,NA,NA,0.04375,23758.9308,23761.0692,0.5000225
99,"core",40,"moderate","50_50","moderate",0,"independent",5000,TRUE,TRUE,12000,160,87,266,816,300,0.51674909736702,0.0684343434343434,31.6045605170509,0.790114012926272,5950.9984,5929.0016,0.499074208754209,1.00989880157711,1,4,7,4,0.04375,30.4761904761905,0.761904761904762,79.9568,80.0432,0.50027,0.000408577248370511,0.000362237159675683,0.0906931547700151,23804.2588,23721.3352,0.499200384638885
100,"core",40,"moderate","50_50","moderate",0.1,"independent",5000,TRUE,TRUE,12000,160,87,266,816,300,0.51674909736702,0.0684343434343434,31.6045605170509,0.790114012926272,5928.456,5951.544,0.500971717171717,1.01830274327199,1,4,7,4,0.04375,30.4761904761905,0.761904761904762,79.92,80.08,0.5005,0.00109101957548433,2.67319401257993e-05,0.0911745149372916,23690.3472,23844.5904,0.501596197085434
101,"core",40,"moderate","50_50","severe",0,"independent",5000,TRUE,TRUE,12000,160,27,204.5,1536,300,0.994619141414057,0.129040404040404,20.1600756954174,0.504001892385434,5951.7636,5928.2364,0.499009797979798,1.04991938543912,1,4,7,4,0.04375,30.4761904761905,0.761904761904762,80.078,79.922,0.4995125,0.000639478697084559,-0.00334459187110179,0.152336672223136,23833.6508,23703.2012,0.498666770849216
102,"core",40,"moderate","50_50","severe",0.1,"independent",5000,TRUE,TRUE,12000,160,27,204.5,1536,300,0.994619141414057,0.129040404040404,20.1600756954174,0.504001892385434,5945.4552,5934.5448,0.499540808080808,1.05131514850043,1,4,7,4,0.04375,30.4761904761905,0.761904761904762,79.9804,80.0196,0.5001225,-0.00261699029484318,-0.00144662412217005,0.150952884018896,23728.7572,23722.278,0.500016331413905
103,"core",40,"moderate","50_50","extreme",0,"independent",5000,TRUE,TRUE,12000,160,20,132,2000,300,1.43773761816594,0.168097643097643,13.0875780473085,0.327189451182714,5901.9858,5978.0142,0.503199848484848,1.14121687699159,1,4,7,4,0.04375,30.4761904761905,0.761904761904762,80.1456,79.8544,0.49909,0.00192990548254961,0.000826559700788235,0.209914534931487,23696.539,23896.9774,0.501981261359327
104,"core",40,"moderate","50_50","extreme",0.1,"independent",5000,TRUE,TRUE,12000,160,20,132,2000,300,1.43773761816594,0.168097643097643,13.0875780473085,0.327189451182714,5918.4136,5961.5864,0.501817037037037,1.12962214952767,1,4,7,4,0.04375,30.4761904761905,0.761904761904762,79.8916,80.1084,0.5006775,-0.00152578154611418,-0.00410876722541884,0.20778970398287,23587.3508,23874.5272,0.502558004662028
105,"core",40,"moderate","70_30","balanced",0,"independent",5000,TRUE,TRUE,12000,160,300,300,300,300,0,0.025,40,1,8316,3564,0.3,0.428571428571429,1,4,7,4,0.04375,30.4761904761905,0.761904761904762,111.886,48.114,0.3007125,NA,NA,0.04375,33230.142,14289.858,0.3007125
106,"core",40,"moderate","70_30","balanced",0.1,"independent",5000,TRUE,TRUE,12000,160,300,300,300,300,0,0.025,40,1,8316,3564,0.3,0.428571428571429,1,4,7,4,0.04375,30.4761904761905,0.761904761904762,112.1448,47.8552,0.299095,NA,NA,0.04375,33307.0056,14212.9944,0.299095
107,"core",40,"moderate","70_30","moderate",0,"independent",5000,TRUE,TRUE,12000,160,87,266,816,300,0.51674909736702,0.0684343434343434,31.6045605170509,0.790114012926272,8323.1762,3556.8238,0.299395942760943,0.431586097115569,1,4,7,4,0.04375,30.4761904761905,0.761904761904762,112.0992,47.9008,0.29938,0.00135708414473068,0.00176547030656908,0.0910184185435468,33322.8278,14215.7526,0.299008372522119
108,"core",40,"moderate","70_30","moderate",0.1,"independent",5000,TRUE,TRUE,12000,160,87,266,816,300,0.51674909736702,0.0684343434343434,31.6045605170509,0.790114012926272,8319.2372,3560.7628,0.299727508417508,0.432133906716663,1,4,7,4,0.04375,30.4761904761905,0.761904761904762,111.8884,48.1116,0.3006975,-0.00150456344038848,-0.000712464317265862,0.0904926384510507,33218.2336,14281.1668,0.300740099413366
109,"core",40,"moderate","70_30","severe",0,"independent",5000,TRUE,TRUE,12000,160,27,204.5,1536,300,0.994619141414057,0.129040404040404,20.1600756954174,0.504001892385434,8318.573,3561.427,0.299783417508418,0.444949269149838,1,4,7,4,0.04375,30.4761904761905,0.761904761904762,112.0412,47.9588,0.2997425,-8.28301744597779e-05,-0.000260733271082069,0.152075607495077,33270.3586,14247.4586,0.299815189008423
110,"core",40,"moderate","70_30","severe",0.1,"independent",5000,TRUE,TRUE,12000,160,27,204.5,1536,300,0.994619141414057,0.129040404040404,20.1600756954174,0.504001892385434,8307.9472,3572.0528,0.300677845117845,0.446046140552147,1,4,7,4,0.04375,30.4761904761905,0.761904761904762,111.8864,48.1136,0.30071,-0.000363818297897455,-0.00168527448619168,0.152204283137612,33251.6692,14258.7432,0.300307818894613
111,"core",40,"moderate","70_30","extreme",0,"independent",5000,TRUE,TRUE,12000,160,20,132,2000,300,1.43773761816594,0.168097643097643,13.0875780473085,0.327189451182714,8315.2432,3564.7568,0.300063703703704,0.464698497193517,1,4,7,4,0.04375,30.4761904761905,0.761904761904762,111.8804,48.1196,0.3007475,-0.00133349558436171,-0.000362213383534164,0.209425038197777,33262.9024,14206.3004,0.299179111474991
112,"core",40,"moderate","70_30","extreme",0.1,"independent",5000,TRUE,TRUE,12000,160,20,132,2000,300,1.43773761816594,0.168097643097643,13.0875780473085,0.327189451182714,8294.1862,3585.8138,0.301836178451178,0.46955363583996,1,4,7,4,0.04375,30.4761904761905,0.761904761904762,112.0864,47.9136,0.29946,0.000254774699104424,0.00108257033730436,0.208469071896115,33176.8738,14352.8314,0.301559035340295
113,"core",40,"moderate","85_15","balanced",0,"independent",5000,TRUE,TRUE,12000,160,300,300,300,300,0,0.025,40,1,10098,1782,0.15,0.176470588235294,1,4,7,4,0.04375,30.4761904761905,0.761904761904762,135.9048,24.0952,0.150595,NA,NA,0.04375,40363.7256,7156.2744,0.150595
114,"core",40,"moderate","85_15","balanced",0.1,"independent",5000,TRUE,TRUE,12000,160,300,300,300,300,0,0.025,40,1,10098,1782,0.15,0.176470588235294,1,4,7,4,0.04375,30.4761904761905,0.761904761904762,135.93,24.07,0.1504375,NA,NA,0.04375,40371.21,7148.79,0.1504375
115,"core",40,"moderate","85_15","moderate",0,"independent",5000,TRUE,TRUE,12000,160,87,266,816,300,0.51674909736702,0.0684343434343434,31.6045605170509,0.790114012926272,10098.5936,1781.4064,0.149950033670034,0.177809360619514,1,4,7,4,0.04375,30.4761904761905,0.761904761904762,136.0092,23.9908,0.1499425,-0.00323811711836925,-0.00252016334084526,0.0907127930626925,40349.0688,7126.5968,0.15009383658945
116,"core",40,"moderate","85_15","moderate",0.1,"independent",5000,TRUE,TRUE,12000,160,87,266,816,300,0.51674909736702,0.0684343434343434,31.6045605170509,0.790114012926272,10096.1466,1783.8534,0.15015601010101,0.178129770207152,1,4,7,4,0.04375,30.4761904761905,0.761904761904762,135.8804,24.1196,0.1507475,-0.00128892463665429,-0.000735709482592644,0.090876923590778,40346.2086,7156.1442,0.150653335589374
117,"core",40,"moderate","85_15","severe",0,"independent",5000,TRUE,TRUE,12000,160,27,204.5,1536,300,0.994619141414057,0.129040404040404,20.1600756954174,0.504001892385434,10110.088,1769.912,0.148982491582492,0.180458931005071,1,4,7,4,0.04375,30.4761904761905,0.761904761904762,135.9672,24.0328,0.150205,0.00108779682661434,-0.00113320180968061,0.152555125259172,40439.182,7109.4844,0.149613193821461
118,"core",40,"moderate","85_15","severe",0.1,"independent",5000,TRUE,TRUE,12000,160,27,204.5,1536,300,0.994619141414057,0.129040404040404,20.1600756954174,0.504001892385434,10094.4806,1785.5194,0.150296245791246,0.182340065199293,1,4,7,4,0.04375,30.4761904761905,0.761904761904762,135.9144,24.0856,0.150535,0.00275797007501221,0.00215521424521479,0.152436422398624,40419.3558,7173.3242,0.150849303700093
119,"core",40,"moderate","85_15","extreme",0,"independent",5000,TRUE,TRUE,12000,160,20,132,2000,300,1.43773761816594,0.168097643097643,13.0875780473085,0.327189451182714,10086.1282,1793.8718,0.15099930976431,0.19047030128583,1,4,7,4,0.04375,30.4761904761905,0.761904761904762,135.9444,24.0556,0.1503475,0.00212219144430208,0.00226785501022835,0.209528740609645,40431.0902,7169.751,0.150592027361108
120,"core",40,"moderate","85_15","extreme",0.1,"independent",5000,TRUE,TRUE,12000,160,20,132,2000,300,1.43773761816594,0.168097643097643,13.0875780473085,0.327189451182714,10067.4012,1812.5988,0.152575656565657,0.192820850596276,1,4,7,4,0.04375,30.4761904761905,0.761904761904762,135.9516,24.0484,0.1503025,-0.00603075643519951,-0.0049541255876318,0.209143475310169,40086.2016,7204.0672,0.152157923110907
121,"core",40,"severe","50_50","balanced",0,"independent",5000,TRUE,TRUE,12000,160,300,300,300,300,0,0.025,40,1,5940,5940,0.5,1,1,1.5,18,4,0.1125,15.6288156288156,0.390720390720391,79.9222,80.0778,0.50048625,NA,NA,0.1125,23736.8934,23783.1066,0.50048625
122,"core",40,"severe","50_50","balanced",0.1,"independent",5000,TRUE,TRUE,12000,160,300,300,300,300,0,0.025,40,1,5940,5940,0.5,1,1,1.5,18,4,0.1125,15.6288156288156,0.390720390720391,80.1112,79.8888,0.499305,NA,NA,0.1125,23793.0264,23726.9736,0.499305
123,"core",40,"severe","50_50","moderate",0,"independent",5000,TRUE,TRUE,12000,160,87,266,816,300,0.51674909736702,0.0684343434343434,31.6045605170509,0.790114012926272,5946.2528,5933.7472,0.49947367003367,1.01196292079847,1,1.5,18,4,0.1125,15.6288156288156,0.390720390720391,80.0014,79.9986,0.49999125,0.00120251237090009,-0.00133852803888639,0.166143269844008,23786.7482,23770.0298,0.499741553299063
124,"core",40,"severe","50_50","moderate",0.1,"independent",5000,TRUE,TRUE,12000,160,87,266,816,300,0.51674909736702,0.0684343434343434,31.6045605170509,0.790114012926272,5935.5914,5944.4086,0.500371094276094,1.0155663326734,1,1.5,18,4,0.1125,15.6288156288156,0.390720390720391,79.8822,80.1178,0.50073625,-0.00118255441910289,-0.000611990649158931,0.164730741432187,23662.3922,23821.4402,0.501407679839155
125,"core",40,"severe","50_50","severe",0,"independent",5000,TRUE,TRUE,12000,160,27,204.5,1536,300,0.994619141414057,0.129040404040404,20.1600756954174,0.504001892385434,5942.8448,5937.1552,0.499760538720539,1.05162208392918,1,1.5,18,4,0.1125,15.6288156288156,0.390720390720391,80.2414,79.7586,0.49849125,0.00160469510788106,-0.00127473550112243,0.234678270743498,23887.1328,23727.3316,0.498474207272925
126,"core",40,"severe","50_50","severe",0.1,"independent",5000,TRUE,TRUE,12000,160,27,204.5,1536,300,0.994619141414057,0.129040404040404,20.1600756954174,0.504001892385434,5950.66,5929.34,0.499102693602694,1.05116458675792,1,1.5,18,4,0.1125,15.6288156288156,0.390720390720391,80.3688,79.6312,0.497695,9.73542166495142e-05,-0.000486453585809706,0.232583808058713,23869.4782,23656.2528,0.497152849467743
127,"core",40,"severe","50_50","extreme",0,"independent",5000,TRUE,TRUE,12000,160,20,132,2000,300,1.43773761816594,0.168097643097643,13.0875780473085,0.327189451182714,5922.0286,5957.9714,0.501512744107744,1.12717852910709,1,1.5,18,4,0.1125,15.6288156288156,0.390720390720391,79.872,80.128,0.5008,4.61255115908305e-05,0.00186172568841795,0.299378692176989,23808.3518,23715.5732,0.500291951544994
128,"core",40,"severe","50_50","extreme",0.1,"independent",5000,TRUE,TRUE,12000,160,20,132,2000,300,1.43773761816594,0.168097643097643,13.0875780473085,0.327189451182714,5952.9022,5927.0978,0.498913956228956,1.11782900982049,1,1.5,18,4,0.1125,15.6288156288156,0.390720390720391,80.0732,79.9268,0.4995425,0.00126122778480519,0.00173066239093485,0.300511853824268,23842.6672,23784.6556,0.499144137241669
129,"core",40,"severe","70_30","balanced",0,"independent",5000,TRUE,TRUE,12000,160,300,300,300,300,0,0.025,40,1,8316,3564,0.3,0.428571428571429,1,1.5,18,4,0.1125,15.6288156288156,0.390720390720391,111.9034,48.0966,0.30060375,NA,NA,0.1125,33235.3098,14284.6902,0.30060375
130,"core",40,"severe","70_30","balanced",0.1,"independent",5000,TRUE,TRUE,12000,160,300,300,300,300,0,0.025,40,1,8316,3564,0.3,0.428571428571429,1,1.5,18,4,0.1125,15.6288156288156,0.390720390720391,112.2734,47.7266,0.29829125,NA,NA,0.1125,33345.1998,14174.8002,0.29829125
131,"core",40,"severe","70_30","moderate",0,"independent",5000,TRUE,TRUE,12000,160,87,266,816,300,0.51674909736702,0.0684343434343434,31.6045605170509,0.790114012926272,8312.2266,3567.7734,0.300317626262626,0.433499971194055,1,1.5,18,4,0.1125,15.6288156288156,0.390720390720391,112.5358,47.4642,0.29665125,0.000142210215509078,0.00217318424977006,0.164679766009328,33369.7478,14154.6016,0.297719645636367
132,"core",40,"severe","70_30","moderate",0.1,"independent",5000,TRUE,TRUE,12000,160,87,266,816,300,0.51674909736702,0.0684343434343434,31.6045605170509,0.790114012926272,8308.1672,3571.8328,0.300659326599327,0.434120375312346,1,1.5,18,4,0.1125,15.6288156288156,0.390720390720391,111.7432,48.2568,0.301605,-0.000498523740255417,-0.00127240360606749,0.165726960511273,33155.6806,14349.0724,0.301957135934524
133,"core",40,"severe","70_30","severe",0,"independent",5000,TRUE,TRUE,12000,160,27,204.5,1536,300,0.994619141414057,0.129040404040404,20.1600756954174,0.504001892385434,8297.4926,3582.5074,0.301557861952862,0.448429136974348,1,1.5,18,4,0.1125,15.6288156288156,0.390720390720391,112.0944,47.9056,0.29941,-0.000126800002575229,-0.00118861760287592,0.232658660776523,33205.9196,14306.616,0.300634720496568
134,"core",40,"severe","70_30","severe",0.1,"independent",5000,TRUE,TRUE,12000,160,27,204.5,1536,300,0.994619141414057,0.129040404040404,20.1600756954174,0.504001892385434,8335.1432,3544.8568,0.29838861952862,0.441373327986835,1,1.5,18,4,0.1125,15.6288156288156,0.390720390720391,111.8338,48.1662,0.30103875,-0.0013908419874133,-0.00412060050352489,0.233899411737044,33234.8874,14203.2372,0.299486574997775
135,"core",40,"severe","70_30","extreme",0,"independent",5000,TRUE,TRUE,12000,160,20,132,2000,300,1.43773761816594,0.168097643097643,13.0875780473085,0.327189451182714,8314.7702,3565.2298,0.300103518518519,0.465432482021696,1,1.5,18,4,0.1125,15.6288156288156,0.390720390720391,111.9214,48.0786,0.30049125,-0.0014135794682105,-0.00119191423527972,0.30148796030463,33197.957,14201.756,0.299090727512892
136,"core",40,"severe","70_30","extreme",0.1,"independent",5000,TRUE,TRUE,12000,160,20,132,2000,300,1.43773761816594,0.168097643097643,13.0875780473085,0.327189451182714,8295.145,3584.855,0.301755471380471,0.469580154369263,1,1.5,18,4,0.1125,15.6288156288156,0.390720390720391,112.247,47.753,0.29845625,2.65894477771754e-05,0.0024870379010904,0.299783406378113,33252.0768,14270.1858,0.300549289099826
137,"core",40,"severe","85_15","balanced",0,"independent",5000,TRUE,TRUE,12000,160,300,300,300,300,0,0.025,40,1,10098,1782,0.15,0.176470588235294,1,1.5,18,4,0.1125,15.6288156288156,0.390720390720391,136.1108,23.8892,0.1493075,NA,NA,0.1125,40424.9076,7095.0924,0.1493075
138,"core",40,"severe","85_15","balanced",0.1,"independent",5000,TRUE,TRUE,12000,160,300,300,300,300,0,0.025,40,1,10098,1782,0.15,0.176470588235294,1,1.5,18,4,0.1125,15.6288156288156,0.390720390720391,136.1514,23.8486,0.14905375,NA,NA,0.1125,40436.9658,7083.0342,0.14905375
139,"core",40,"severe","85_15","moderate",0,"independent",5000,TRUE,TRUE,12000,160,87,266,816,300,0.51674909736702,0.0684343434343434,31.6045605170509,0.790114012926272,10105.533,1774.467,0.149365909090909,0.177052467580663,1,1.5,18,4,0.1125,15.6288156288156,0.390720390720391,136.0528,23.9472,0.14967,0.00208157775235291,0.00147142577966992,0.166311572832281,40468.2966,7115.367,0.14952550121425
140,"core",40,"severe","85_15","moderate",0.1,"independent",5000,TRUE,TRUE,12000,160,87,266,816,300,0.51674909736702,0.0684343434343434,31.6045605170509,0.790114012926272,10104.8876,1775.1124,0.149420235690236,0.177105398324857,1,1.5,18,4,0.1125,15.6288156288156,0.390720390720391,135.9408,24.0592,0.15037,0.00255537638915314,0.00102923764520755,0.165882522205191,40471.8818,7126.2726,0.149831252156969
141,"core",40,"severe","85_15","severe",0,"independent",5000,TRUE,TRUE,12000,160,27,204.5,1536,300,0.994619141414057,0.129040404040404,20.1600756954174,0.504001892385434,10099.2742,1780.7258,0.149892744107744,0.181814342612357,1,1.5,18,4,0.1125,15.6288156288156,0.390720390720391,136.2436,23.7564,0.1484775,-0.00156909312441325,-0.00275755715053912,0.233771854245576,40402.441,7025.1904,0.148665158049438
142,"core",40,"severe","85_15","severe",0.1,"independent",5000,TRUE,TRUE,12000,160,27,204.5,1536,300,0.994619141414057,0.129040404040404,20.1600756954174,0.504001892385434,10096.1732,1783.8268,0.150153771043771,0.182235361380448,1,1.5,18,4,0.1125,15.6288156288156,0.390720390720391,135.9844,24.0156,0.1500975,-0.0027196225727838,-0.00037890253040601,0.231326187222696,40225.2228,7134.6798,0.150361940349354
143,"core",40,"severe","85_15","extreme",0,"independent",5000,TRUE,TRUE,12000,160,20,132,2000,300,1.43773761816594,0.168097643097643,13.0875780473085,0.327189451182714,10082.7304,1797.2696,0.15128531986532,0.190694785441364,1,1.5,18,4,0.1125,15.6288156288156,0.390720390720391,135.8046,24.1954,0.15122125,-0.00196748986656129,-0.0015312729289253,0.297393208951103,40134.0044,7218.5742,0.152178129248041
144,"core",40,"severe","85_15","extreme",0.1,"independent",5000,TRUE,TRUE,12000,160,20,132,2000,300,1.43773761816594,0.168097643097643,13.0875780473085,0.327189451182714,10084.7774,1795.2226,0.151113013468013,0.190166478642287,1,1.5,18,4,0.1125,15.6288156288156,0.390720390720391,136.1598,23.8402,0.14900125,0.00159707086642177,0.0032584865526483,0.300542803114242,40474.886,7181.015,0.150438146468011
145,"core",80,"balanced","50_50","balanced",0,"independent",5000,TRUE,TRUE,24000,320,300,300,300,300,0,0.0125,80,1,11880,11880,0.5,1,4,4,4,4,0.0125,80,1,160,160,0.5,NA,NA,0.0125,47520,47520,0.5
146,"core",80,"balanced","50_50","balanced",0.1,"independent",5000,TRUE,TRUE,24000,320,300,300,300,300,0,0.0125,80,1,11880,11880,0.5,1,4,4,4,4,0.0125,80,1,160,160,0.5,NA,NA,0.0125,47520,47520,0.5
147,"core",80,"balanced","50_50","moderate",0,"independent",5000,TRUE,TRUE,24000,320,76,265,925,300,0.522677839370811,0.0388047138047138,62.732561731619,0.784157021645237,11867.556,11892.444,0.500523737373737,1.00903674971819,4,4,4,4,0.0125,80,1,160,160,0.5,NA,NA,0.0388047138047138,47470.224,47569.776,0.500523737373737
148,"core",80,"balanced","50_50","moderate",0.1,"independent",5000,TRUE,TRUE,24000,320,76,265,925,300,0.522677839370811,0.0388047138047138,62.732561731619,0.784157021645237,11884.7908,11875.2092,0.499798367003367,1.00620409904839,4,4,4,4,0.0125,80,1,160,160,0.5,NA,NA,0.0388047138047138,47539.1632,47500.8368,0.499798367003367
149,"core",80,"balanced","50_50","severe",0,"independent",5000,TRUE,TRUE,24000,320,21,202.5,1917,300,1.02894891271574,0.0805555555555556,38.7084989562772,0.483856236953465,11915.7552,11844.2448,0.498495151515152,1.02221160478717,4,4,4,4,0.0125,80,1,160,160,0.5,NA,NA,0.0805555555555556,47663.0208,47376.9792,0.498495151515152
150,"core",80,"balanced","50_50","severe",0.1,"independent",5000,TRUE,TRUE,24000,320,21,202.5,1917,300,1.02894891271574,0.0805555555555556,38.7084989562772,0.483856236953465,11880.4316,11879.5684,0.499981835016835,1.0278677177011,4,4,4,4,0.0125,80,1,160,160,0.5,NA,NA,0.0805555555555556,47521.7264,47518.2736,0.499981835016835
151,"core",80,"balanced","50_50","extreme",0,"independent",5000,TRUE,TRUE,24000,320,20,131.5,2000,300,1.43694520878565,0.0840488215488216,25.9706415586315,0.324633019482894,11882.201,11877.799,0.499907365319865,1.05637820944997,4,4,4,4,0.0125,80,1,160,160,0.5,NA,NA,0.0840488215488216,47528.804,47511.196,0.499907365319865
152,"core",80,"balanced","50_50","extreme",0.1,"independent",5000,TRUE,TRUE,24000,320,20,131.5,2000,300,1.43694520878565,0.0840488215488216,25.9706415586315,0.324633019482894,11894.841,11865.159,0.499375378787879,1.05629317623004,4,4,4,4,0.0125,80,1,160,160,0.5,NA,NA,0.0840488215488216,47579.364,47460.636,0.499375378787879
153,"core",80,"balanced","70_30","balanced",0,"independent",5000,TRUE,TRUE,24000,320,300,300,300,300,0,0.0125,80,1,16632,7128,0.3,0.428571428571429,4,4,4,4,0.0125,80,1,224,96,0.3,NA,NA,0.0125,66528,28512,0.3
154,"core",80,"balanced","70_30","balanced",0.1,"independent",5000,TRUE,TRUE,24000,320,300,300,300,300,0,0.0125,80,1,16632,7128,0.3,0.428571428571429,4,4,4,4,0.0125,80,1,224,96,0.3,NA,NA,0.0125,66528,28512,0.3
155,"core",80,"balanced","70_30","moderate",0,"independent",5000,TRUE,TRUE,24000,320,76,265,925,300,0.522677839370811,0.0388047138047138,62.732561731619,0.784157021645237,16633.3598,7126.6402,0.299942769360269,0.430582782104829,4,4,4,4,0.0125,80,1,224,96,0.3,NA,NA,0.0388047138047138,66533.4392,28506.5608,0.299942769360269
156,"core",80,"balanced","70_30","moderate",0.1,"independent",5000,TRUE,TRUE,24000,320,76,265,925,300,0.522677839370811,0.0388047138047138,62.732561731619,0.784157021645237,16636.2072,7123.7928,0.299822929292929,0.430309266659343,4,4,4,4,0.0125,80,1,224,96,0.3,NA,NA,0.0388047138047138,66544.8288,28495.1712,0.299822929292929
157,"core",80,"balanced","70_30","severe",0,"independent",5000,TRUE,TRUE,24000,320,21,202.5,1917,300,1.02894891271574,0.0805555555555556,38.7084989562772,0.483856236953465,16659.8786,7100.1214,0.298826658249158,0.434663020035983,4,4,4,4,0.0125,80,1,224,96,0.3,NA,NA,0.0805555555555556,66639.5144,28400.4856,0.298826658249158
158,"core",80,"balanced","70_30","severe",0.1,"independent",5000,TRUE,TRUE,24000,320,21,202.5,1917,300,1.02894891271574,0.0805555555555556,38.7084989562772,0.483856236953465,16619.0174,7140.9826,0.300546405723906,0.438626997604908,4,4,4,4,0.0125,80,1,224,96,0.3,NA,NA,0.0805555555555556,66476.0696,28563.9304,0.300546405723906
159,"core",80,"balanced","70_30","extreme",0,"independent",5000,TRUE,TRUE,24000,320,20,131.5,2000,300,1.43694520878565,0.0840488215488216,25.9706415586315,0.324633019482894,16606.4652,7153.5348,0.301074696969697,0.448071258693415,4,4,4,4,0.0125,80,1,224,96,0.3,NA,NA,0.0840488215488216,66425.8608,28614.1392,0.301074696969697
160,"core",80,"balanced","70_30","extreme",0.1,"independent",5000,TRUE,TRUE,24000,320,20,131.5,2000,300,1.43694520878565,0.0840488215488216,25.9706415586315,0.324633019482894,16627.201,7132.799,0.300201978114478,0.446144701824716,4,4,4,4,0.0125,80,1,224,96,0.3,NA,NA,0.0840488215488216,66508.804,28531.196,0.300201978114478
161,"core",80,"balanced","85_15","balanced",0,"independent",5000,TRUE,TRUE,24000,320,300,300,300,300,0,0.0125,80,1,20196,3564,0.15,0.176470588235294,4,4,4,4,0.0125,80,1,272,48,0.15,NA,NA,0.0125,80784,14256,0.15
162,"core",80,"balanced","85_15","balanced",0.1,"independent",5000,TRUE,TRUE,24000,320,300,300,300,300,0,0.0125,80,1,20196,3564,0.15,0.176470588235294,4,4,4,4,0.0125,80,1,272,48,0.15,NA,NA,0.0125,80784,14256,0.15
163,"core",80,"balanced","85_15","moderate",0,"independent",5000,TRUE,TRUE,24000,320,76,265,925,300,0.522677839370811,0.0388047138047138,62.732561731619,0.784157021645237,20196.8802,3563.1198,0.149962954545455,0.17716761175715,4,4,4,4,0.0125,80,1,272,48,0.15,NA,NA,0.0388047138047138,80787.5208,14252.4792,0.149962954545455
164,"core",80,"balanced","85_15","moderate",0.1,"independent",5000,TRUE,TRUE,24000,320,76,265,925,300,0.522677839370811,0.0388047138047138,62.732561731619,0.784157021645237,20186.8614,3573.1386,0.150384621212121,0.17775153897458,4,4,4,4,0.0125,80,1,272,48,0.15,NA,NA,0.0388047138047138,80747.4456,14292.5544,0.150384621212121
165,"core",80,"balanced","85_15","severe",0,"independent",5000,TRUE,TRUE,24000,320,21,202.5,1917,300,1.02894891271574,0.0805555555555556,38.7084989562772,0.483856236953465,20203.976,3556.024,0.14966430976431,0.178930573139855,4,4,4,4,0.0125,80,1,272,48,0.15,NA,NA,0.0805555555555556,80815.904,14224.096,0.14966430976431
166,"core",80,"balanced","85_15","severe",0.1,"independent",5000,TRUE,TRUE,24000,320,21,202.5,1917,300,1.02894891271574,0.0805555555555556,38.7084989562772,0.483856236953465,20213.6634,3546.3366,0.149256590909091,0.178223516288025,4,4,4,4,0.0125,80,1,272,48,0.15,NA,NA,0.0805555555555556,80854.6536,14185.3464,0.149256590909091
167,"core",80,"balanced","85_15","extreme",0,"independent",5000,TRUE,TRUE,24000,320,20,131.5,2000,300,1.43694520878565,0.0840488215488216,25.9706415586315,0.324633019482894,20202.6518,3557.3482,0.149720042087542,0.181667063750077,4,4,4,4,0.0125,80,1,272,48,0.15,NA,NA,0.0840488215488216,80810.6072,14229.3928,0.149720042087542
168,"core",80,"balanced","85_15","extreme",0.1,"independent",5000,TRUE,TRUE,24000,320,20,131.5,2000,300,1.43694520878565,0.0840488215488216,25.9706415586315,0.324633019482894,20182.445,3577.555,0.150570496632997,0.183191058923999,4,4,4,4,0.0125,80,1,272,48,0.15,NA,NA,0.0840488215488216,80729.78,14310.22,0.150570496632997
169,"core",80,"moderate","50_50","balanced",0,"independent",5000,TRUE,TRUE,24000,320,300,300,300,300,0,0.0125,80,1,11880,11880,0.5,1,1,4,7,4,0.021875,60.9523809523809,0.761904761904762,159.946,160.054,0.50016875,NA,NA,0.021875,47503.962,47536.038,0.50016875
170,"core",80,"moderate","50_50","balanced",0.1,"independent",5000,TRUE,TRUE,24000,320,300,300,300,300,0,0.0125,80,1,11880,11880,0.5,1,1,4,7,4,0.021875,60.9523809523809,0.761904761904762,159.9892,160.0108,0.50003375,NA,NA,0.021875,47516.7924,47523.2076,0.50003375
171,"core",80,"moderate","50_50","moderate",0,"independent",5000,TRUE,TRUE,24000,320,76,265,925,300,0.522677839370811,0.0388047138047138,62.732561731619,0.784157021645237,11874.97,11885.03,0.5002117003367,1.00782904543443,1,4,7,4,0.021875,60.9523809523809,0.761904761904762,159.8568,160.1432,0.5004475,-0.00304064291113475,-0.00187021612505891,0.0523052092011691,47440.3764,47514.8688,0.500372195586325
172,"core",80,"moderate","50_50","moderate",0.1,"independent",5000,TRUE,TRUE,24000,320,76,265,925,300,0.522677839370811,0.0388047138047138,62.732561731619,0.784157021645237,11881.3864,11878.6136,0.49994164983165,1.00709199416396,1,4,7,4,0.021875,60.9523809523809,0.761904761904762,160.0832,159.9168,0.49974,-0.00125758891068019,-0.0020143023627149,0.0526666111257856,47516.976,47487.97,0.499830436438817
173,"core",80,"moderate","50_50","severe",0,"independent",5000,TRUE,TRUE,24000,320,21,202.5,1917,300,1.02894891271574,0.0805555555555556,38.7084989562772,0.483856236953465,11844.0568,11915.9432,0.501512760942761,1.0343115159342,1,4,7,4,0.021875,60.9523809523809,0.761904761904762,159.9876,160.0124,0.50003875,-0.000657190384313457,-0.000592806415947534,0.0972996200560578,47362.1796,47641.7584,0.501477682517463
174,"core",80,"moderate","50_50","severe",0.1,"independent",5000,TRUE,TRUE,24000,320,21,202.5,1917,300,1.02894891271574,0.0805555555555556,38.7084989562772,0.483856236953465,11876.9288,11883.0712,0.500129259259259,1.0293826459105,1,4,7,4,0.021875,60.9523809523809,0.761904761904762,160.0928,159.9072,0.49971,-0.00262971646976279,-0.00187486406820911,0.0966728671649599,47398.028,47497.6716,0.500541881162198
175,"core",80,"moderate","50_50","extreme",0,"independent",5000,TRUE,TRUE,24000,320,20,131.5,2000,300,1.43694520878565,0.0840488215488216,25.9706415586315,0.324633019482894,11878.3742,11881.6258,0.500068425925926,1.056937160747,1,4,7,4,0.021875,60.9523809523809,0.761904761904762,160.1004,159.8996,0.49968625,0.0014642098861722,0.00162199623095103,0.123880500257927,47586.0138,47566.1902,0.499839841473927
176,"core",80,"moderate","50_50","extreme",0.1,"independent",5000,TRUE,TRUE,24000,320,20,131.5,2000,300,1.43694520878565,0.0840488215488216,25.9706415586315,0.324633019482894,11886.6398,11873.3602,0.499720547138047,1.05653438998573,1,4,7,4,0.021875,60.9523809523809,0.761904761904762,160.0624,159.9376,0.499805,0.00178270202696819,0.00263079167718808,0.124268742896994,47619.6442,47556.9662,0.499499188227494
177,"core",80,"moderate","70_30","balanced",0,"independent",5000,TRUE,TRUE,24000,320,300,300,300,300,0,0.0125,80,1,16632,7128,0.3,0.428571428571429,1,4,7,4,0.021875,60.9523809523809,0.761904761904762,224.0268,95.9732,0.29991625,NA,NA,0.021875,66535.9596,28504.0404,0.29991625
178,"core",80,"moderate","70_30","balanced",0.1,"independent",5000,TRUE,TRUE,24000,320,300,300,300,300,0,0.0125,80,1,16632,7128,0.3,0.428571428571429,1,4,7,4,0.021875,60.9523809523809,0.761904761904762,223.8508,96.1492,0.30046625,NA,NA,0.021875,66483.6876,28556.3124,0.30046625
179,"core",80,"moderate","70_30","moderate",0,"independent",5000,TRUE,TRUE,24000,320,76,265,925,300,0.522677839370811,0.0388047138047138,62.732561731619,0.784157021645237,16628.2886,7131.7114,0.300156203703704,0.431092851825101,1,4,7,4,0.021875,60.9523809523809,0.761904761904762,224.1372,95.8628,0.29957125,-0.000646653408947005,-0.000518923486289257,0.0527013539076847,66544.1474,28477.8278,0.299711166650833
180,"core",80,"moderate","70_30","moderate",0.1,"independent",5000,TRUE,TRUE,24000,320,76,265,925,300,0.522677839370811,0.0388047138047138,62.732561731619,0.784157021645237,16628.5804,7131.4196,0.300143922558923,0.431020496239942,1,4,7,4,0.021875,60.9523809523809,0.761904761904762,224.0572,95.9428,0.29982125,0.00233364647292535,0.00288414555684373,0.0525986766974514,66563.6748,28541.3732,0.300113829500266
181,"core",80,"moderate","70_30","severe",0,"independent",5000,TRUE,TRUE,24000,320,21,202.5,1917,300,1.02894891271574,0.0805555555555556,38.7084989562772,0.483856236953465,16600.2022,7159.7978,0.301338291245791,0.439888274540003,1,4,7,4,0.021875,60.9523809523809,0.761904761904762,224.0228,95.9772,0.29992875,0.000841419462930883,0.000204509498608493,0.0973498318554415,66416.7866,28669.3846,0.301510444543205
182,"core",80,"moderate","70_30","severe",0.1,"independent",5000,TRUE,TRUE,24000,320,21,202.5,1917,300,1.02894891271574,0.0805555555555556,38.7084989562772,0.483856236953465,16640.0532,7119.9468,0.299661060606061,0.436292614369849,1,4,7,4,0.021875,60.9523809523809,0.761904761904762,223.8376,96.1624,0.3005075,0.0010121993012504,0.00169630558552253,0.097271577529728,66598.5084,28497.034,0.299666884449079
183,"core",80,"moderate","70_30","extreme",0,"independent",5000,TRUE,TRUE,24000,320,20,131.5,2000,300,1.43694520878565,0.0840488215488216,25.9706415586315,0.324633019482894,16631.0978,7128.9022,0.300037971380471,0.445656434138968,1,4,7,4,0.021875,60.9523809523809,0.761904761904762,223.9492,96.0508,0.30015875,-0.000291490045536751,0.000608599720457766,0.124321564726371,66609.7826,28407.8802,0.298921389926512
184,"core",80,"moderate","70_30","extreme",0.1,"independent",5000,TRUE,TRUE,24000,320,20,131.5,2000,300,1.43694520878565,0.0840488215488216,25.9706415586315,0.324633019482894,16665.7176,7094.2824,0.298580909090909,0.442844303999822,1,4,7,4,0.021875,60.9523809523809,0.761904761904762,224.0784,95.9216,0.299755,0.00154629667334536,0.00116736265018252,0.123560753783664,66768.8576,28389.6368,0.29815442905543
185,"core",80,"moderate","85_15","balanced",0,"independent",5000,TRUE,TRUE,24000,320,300,300,300,300,0,0.0125,80,1,20196,3564,0.15,0.176470588235294,1,4,7,4,0.021875,60.9523809523809,0.761904761904762,271.9712,48.0288,0.15009,NA,NA,0.021875,80775.4464,14264.5536,0.15009
186,"core",80,"moderate","85_15","balanced",0.1,"independent",5000,TRUE,TRUE,24000,320,300,300,300,300,0,0.0125,80,1,20196,3564,0.15,0.176470588235294,1,4,7,4,0.021875,60.9523809523809,0.761904761904762,272.0296,47.9704,0.1499075,NA,NA,0.021875,80792.7912,14247.2088,0.1499075
187,"core",80,"moderate","85_15","moderate",0,"independent",5000,TRUE,TRUE,24000,320,76,265,925,300,0.522677839370811,0.0388047138047138,62.732561731619,0.784157021645237,20196.1884,3563.8116,0.149992070707071,0.177166304875421,1,4,7,4,0.021875,60.9523809523809,0.761904761904762,272.0032,47.9968,0.14999,-0.00163323682435481,-0.00296577505841899,0.0529478068866194,80759.9008,14234.5744,0.149823325935172
188,"core",80,"moderate","85_15","moderate",0.1,"independent",5000,TRUE,TRUE,24000,320,76,265,925,300,0.522677839370811,0.0388047138047138,62.732561731619,0.784157021645237,20188.1334,3571.8666,0.150331085858586,0.177640643941804,1,4,7,4,0.021875,60.9523809523809,0.761904761904762,272.1764,47.8236,0.14944875,-0.00042438154681971,-0.000288753468205741,0.0526220405223117,80789.7318,14238.439,0.149838814588692
189,"core",80,"moderate","85_15","severe",0,"independent",5000,TRUE,TRUE,24000,320,21,202.5,1917,300,1.02894891271574,0.0805555555555556,38.7084989562772,0.483856236953465,20208.8664,3551.1336,0.149458484848485,0.178672322439028,1,4,7,4,0.021875,60.9523809523809,0.761904761904762,272.0824,47.9176,0.1497425,-0.000788519117759093,-0.000763230998121278,0.0963072113081277,80809.4892,14187.2424,0.149298051338583
190,"core",80,"moderate","85_15","severe",0.1,"independent",5000,TRUE,TRUE,24000,320,21,202.5,1917,300,1.02894891271574,0.0805555555555556,38.7084989562772,0.483856236953465,20195.4502,3564.5498,0.15002313973064,0.179384183974015,1,4,7,4,0.021875,60.9523809523809,0.761904761904762,272.0192,47.9808,0.14994,0.00159543708782818,0.0030187422439014,0.0969743729211645,80898.061,14229.4854,0.149674308640872
191,"core",80,"moderate","85_15","extreme",0,"independent",5000,TRUE,TRUE,24000,320,20,131.5,2000,300,1.43694520878565,0.0840488215488216,25.9706415586315,0.324633019482894,20192.0558,3567.9442,0.150166001683502,0.182584170821446,1,4,7,4,0.021875,60.9523809523809,0.761904761904762,271.954,48.046,0.15014375,0.00386714581319614,0.00322016379228044,0.124136632144237,81020.9722,14315.3714,0.150155792395996
192,"core",80,"moderate","85_15","extreme",0.1,"independent",5000,TRUE,TRUE,24000,320,20,131.5,2000,300,1.43694520878565,0.0840488215488216,25.9706415586315,0.324633019482894,20185.7546,3574.2454,0.150431203703704,0.182697458434951,1,4,7,4,0.021875,60.9523809523809,0.761904761904762,271.8948,48.1052,0.15032875,0.000333457346113645,0.00031175842754947,0.123697942793967,80703.0122,14362.541,0.151086871240429
193,"core",80,"severe","50_50","balanced",0,"independent",5000,TRUE,TRUE,24000,320,300,300,300,300,0,0.0125,80,1,11880,11880,0.5,1,1,1.5,18,4,0.05625,31.2576312576313,0.390720390720391,159.438,160.562,0.50175625,NA,NA,0.05625,47353.086,47686.914,0.50175625
194,"core",80,"severe","50_50","balanced",0.1,"independent",5000,TRUE,TRUE,24000,320,300,300,300,300,0,0.0125,80,1,11880,11880,0.5,1,1,1.5,18,4,0.05625,31.2576312576313,0.390720390720391,159.661,160.339,0.501059375,NA,NA,0.05625,47419.317,47620.683,0.501059375
195,"core",80,"severe","50_50","moderate",0,"independent",5000,TRUE,TRUE,24000,320,76,265,925,300,0.522677839370811,0.0388047138047138,62.732561731619,0.784157021645237,11893.1304,11866.8696,0.499447373737374,1.00494578043729,1,1.5,18,4,0.05625,31.2576312576313,0.390720390720391,159.8138,160.1862,0.500581875,0.00204938059630369,0.000969754762373572,0.0990674232682568,47574.0222,47593.584,0.500178953104699
196,"core",80,"severe","50_50","moderate",0.1,"independent",5000,TRUE,TRUE,24000,320,76,265,925,300,0.522677839370811,0.0388047138047138,62.732561731619,0.784157021645237,11854.017,11905.983,0.501093560606061,1.01139748634796,1,1.5,18,4,0.05625,31.2576312576313,0.390720390720391,159.4352,160.5648,0.501765,0.000286857586722422,0.000976252128910958,0.0984869523007216,47197.9684,47859.893,0.503320205276492
197,"core",80,"severe","50_50","severe",0,"independent",5000,TRUE,TRUE,24000,320,21,202.5,1917,300,1.02894891271574,0.0805555555555556,38.7084989562772,0.483856236953465,11867.2206,11892.7794,0.500537853535354,1.03073863988081,1,1.5,18,4,0.05625,31.2576312576313,0.390720390720391,159.719,160.281,0.500878125,5.1130322479564e-05,-0.00224821552565095,0.157561462239196,47208.9166,47837.3508,0.503094730201039
198,"core",80,"severe","50_50","severe",0.1,"independent",5000,TRUE,TRUE,24000,320,21,202.5,1917,300,1.02894891271574,0.0805555555555556,38.7084989562772,0.483856236953465,11866.2382,11893.7618,0.5005792003367,1.02999469349326,1,1.5,18,4,0.05625,31.2576312576313,0.390720390720391,159.7038,160.2962,0.500925625,0.00111120873767271,0.000441724629718325,0.155886296194953,47513.5616,47662.647,0.500937954217119
199,"core",80,"severe","50_50","extreme",0,"independent",5000,TRUE,TRUE,24000,320,20,131.5,2000,300,1.43694520878565,0.0840488215488216,25.9706415586315,0.324633019482894,11878.747,11881.253,0.500052735690236,1.05816813645096,1,1.5,18,4,0.05625,31.2576312576313,0.390720390720391,160.436,159.564,0.4986375,0.00031175092214257,-0.000575799748180013,0.207466995649191,47692.7014,47400.6644,0.49774480203893
200,"core",80,"severe","50_50","extreme",0.1,"independent",5000,TRUE,TRUE,24000,320,20,131.5,2000,300,1.43694520878565,0.0840488215488216,25.9706415586315,0.324633019482894,11846.0598,11913.9402,0.50142845959596,1.06231477785261,1,1.5,18,4,0.05625,31.2576312576313,0.390720390720391,160.4296,159.5704,0.4986575,-0.00242417131033662,-0.00136021844213399,0.205315693197275,47334.7984,47290.2298,0.499521348118966
201,"core",80,"severe","70_30","balanced",0,"independent",5000,TRUE,TRUE,24000,320,300,300,300,300,0,0.0125,80,1,16632,7128,0.3,0.428571428571429,1,1.5,18,4,0.05625,31.2576312576313,0.390720390720391,223.9874,96.0126,0.300039375,NA,NA,0.05625,66524.2578,28515.7422,0.300039375
202,"core",80,"severe","70_30","balanced",0.1,"independent",5000,TRUE,TRUE,24000,320,300,300,300,300,0,0.0125,80,1,16632,7128,0.3,0.428571428571429,1,1.5,18,4,0.05625,31.2576312576313,0.390720390720391,223.5354,96.4646,0.301451875,NA,NA,0.05625,66390.0138,28649.9862,0.301451875
203,"core",80,"severe","70_30","moderate",0,"independent",5000,TRUE,TRUE,24000,320,76,265,925,300,0.522677839370811,0.0388047138047138,62.732561731619,0.784157021645237,16629.9116,7130.0884,0.300087895622896,0.430951700175116,1,1.5,18,4,0.05625,31.2576312576313,0.390720390720391,224.171,95.829,0.299465625,0.00141845900433033,0.000348769715785264,0.0987190860339599,66646.3438,28481.9776,0.299480906526385
204,"core",80,"severe","70_30","moderate",0.1,"independent",5000,TRUE,TRUE,24000,320,76,265,925,300,0.522677839370811,0.0388047138047138,62.732561731619,0.784157021645237,16621.855,7138.145,0.300426978114478,0.431541411904299,1,1.5,18,4,0.05625,31.2576312576313,0.390720390720391,223.6028,96.3972,0.30124125,0.00256191927074269,0.00121867181394701,0.099478868354245,66441.206,28758.3138,0.302016979760087
205,"core",80,"severe","70_30","severe",0,"independent",5000,TRUE,TRUE,24000,320,21,202.5,1917,300,1.02894891271574,0.0805555555555556,38.7084989562772,0.483856236953465,16625.1664,7134.8336,0.300287609427609,0.437526551401251,1,1.5,18,4,0.05625,31.2576312576313,0.390720390720391,224.0922,95.9078,0.299711875,-0.00350891525806471,-0.00279034524778124,0.154222996113926,66199.5382,28410.3496,0.300392417636737
206,"core",80,"severe","70_30","severe",0.1,"independent",5000,TRUE,TRUE,24000,320,21,202.5,1917,300,1.02894891271574,0.0805555555555556,38.7084989562772,0.483856236953465,16645.9636,7114.0364,0.299412306397306,0.435778100257645,1,1.5,18,4,0.05625,31.2576312576313,0.390720390720391,224.076,95.924,0.2997625,-4.42105886940763e-05,-0.00069956669102057,0.15637078002116,66733.5682,28301.0126,0.298044979613986
207,"core",80,"severe","70_30","extreme",0,"independent",5000,TRUE,TRUE,24000,320,20,131.5,2000,300,1.43694520878565,0.0840488215488216,25.9706415586315,0.324633019482894,16616.2454,7143.7546,0.300663072390572,0.44689603455655,1,1.5,18,4,0.05625,31.2576312576313,0.390720390720391,224.036,95.964,0.2998875,0.000952866882218053,0.00240157421505347,0.205301944783278,66930.7002,28272.4124,0.297604046284647
208,"core",80,"severe","70_30","extreme",0.1,"independent",5000,TRUE,TRUE,24000,320,20,131.5,2000,300,1.43694520878565,0.0840488215488216,25.9706415586315,0.324633019482894,16640.7964,7119.2036,0.299629781144781,0.444760725459499,1,1.5,18,4,0.05625,31.2576312576313,0.390720390720391,224.1324,95.8676,0.29958625,-0.00214812881356552,-0.00130711691261841,0.204649523183556,66352.5864,28319.695,0.299545511600346
209,"core",80,"severe","85_15","balanced",0,"independent",5000,TRUE,TRUE,24000,320,300,300,300,300,0,0.0125,80,1,20196,3564,0.15,0.176470588235294,1,1.5,18,4,0.05625,31.2576312576313,0.390720390720391,271.5854,48.4146,0.151295625,NA,NA,0.05625,80660.8638,14379.1362,0.151295625
210,"core",80,"severe","85_15","balanced",0.1,"independent",5000,TRUE,TRUE,24000,320,300,300,300,300,0,0.0125,80,1,20196,3564,0.15,0.176470588235294,1,1.5,18,4,0.05625,31.2576312576313,0.390720390720391,271.9594,48.0406,0.150126875,NA,NA,0.05625,80771.9418,14268.0582,0.150126875
211,"core",80,"severe","85_15","moderate",0,"independent",5000,TRUE,TRUE,24000,320,76,265,925,300,0.522677839370811,0.0388047138047138,62.732561731619,0.784157021645237,20200.764,3559.236,0.149799494949495,0.17689450512685,1,1.5,18,4,0.05625,31.2576312576313,0.390720390720391,271.9294,48.0706,0.150220625,0.00266269057722754,0.00254543710177026,0.0987148110512,80886.4202,14319.3742,0.150386556444925
212,"core",80,"severe","85_15","moderate",0.1,"independent",5000,TRUE,TRUE,24000,320,76,265,925,300,0.522677839370811,0.0388047138047138,62.732561731619,0.784157021645237,20192.198,3567.802,0.150160016835017,0.177443185974221,1,1.5,18,4,0.05625,31.2576312576313,0.390720390720391,272.3364,47.6636,0.14894875,-0.000508282722470985,-0.000630548643043883,0.0986461621224141,80808.6976,14199.6538,0.149446174447136
213,"core",80,"severe","85_15","severe",0,"independent",5000,TRUE,TRUE,24000,320,21,202.5,1917,300,1.02894891271574,0.0805555555555556,38.7084989562772,0.483856236953465,20185.6366,3574.3634,0.15043617003367,0.18012416059999,1,1.5,18,4,0.05625,31.2576312576313,0.390720390720391,272.2326,47.7674,0.149273125,0.000759914362945789,0.00089231345138196,0.156644046113942,80961.0222,14172.1258,0.149052727540559
214,"core",80,"severe","85_15","severe",0.1,"independent",5000,TRUE,TRUE,24000,320,21,202.5,1917,300,1.02894891271574,0.0805555555555556,38.7084989562772,0.483856236953465,20196.1656,3563.8344,0.14999303030303,0.179333286073445,1,1.5,18,4,0.05625,31.2576312576313,0.390720390720391,272.0172,47.9828,0.14994625,-0.00246054540444776,-0.00238832449439199,0.155672207143726,80515.9578,14222.436,0.150077188884191
215,"core",80,"severe","85_15","extreme",0,"independent",5000,TRUE,TRUE,24000,320,20,131.5,2000,300,1.43694520878565,0.0840488215488216,25.9706415586315,0.324633019482894,20199.0822,3560.9178,0.149870277777778,0.182064234012635,1,1.5,18,4,0.05625,31.2576312576313,0.390720390720391,271.8574,48.1426,0.150445625,0.000600889506993664,0.000940336627763608,0.205851079462448,80924.416,14218.4448,0.149313954694789
216,"core",80,"severe","85_15","extreme",0.1,"independent",5000,TRUE,TRUE,24000,320,20,131.5,2000,300,1.43694520878565,0.0840488215488216,25.9706415586315,0.324633019482894,20208.088,3551.912,0.149491245791246,0.181719852841208,1,1.5,18,4,0.05625,31.2576312576313,0.390720390720391,271.9124,48.0876,0.15027375,-0.00200126779335258,-0.00135605356658529,0.206779602326146,80556.1406,14141.2806,0.149105585897033
217,"alignment",20,"severe","85_15","extreme",0,"n_majority",5000,TRUE,TRUE,6000,80,20,127.5,1976,300,1.5382472747782,0.332154882154882,6.0725011574094,0.30362505787047,5884,56,0.00942760942760943,0.00951733514615908,1,1.5,17,4,0.2125,7.8239608801956,0.39119804400978,68.196,11.804,0.14755,-0.000520993039014412,0.00477035620727533,0.408926437952249,23516.6162,219.997,0.0117879516519288
218,"alignment",20,"severe","85_15","extreme",0,"n_minority",5000,TRUE,TRUE,6000,80,20,127.5,1976,300,1.5382472747782,0.332154882154882,6.0725011574094,0.30362505787047,2383,3557,0.598821548821549,1.49265631556861,1,1.5,17,4,0.2125,7.8239608801956,0.39119804400978,67.992,12.008,0.1501,0.000999200436952187,0.00576181525660248,0.413136161792988,9576.9042,14227.9488,0.529365187636292
219,"alignment",20,"severe","85_15","extreme",0,"nk_majority",5000,TRUE,TRUE,6000,80,20,127.5,1976,300,1.5382472747782,0.332154882154882,6.0725011574094,0.30362505787047,5884,56,0.00942760942760943,0.00951733514615908,1,1.5,17,4,0.2125,7.8239608801956,0.39119804400978,77,3,0.0375,0.907574204655922,0.926574473980075,0.520015503875969,64444,56,0.000868217054263566
220,"alignment",20,"severe","85_15","extreme",0,"nk_minority",5000,TRUE,TRUE,6000,80,20,127.5,1976,300,1.5382472747782,0.332154882154882,6.0725011574094,0.30362505787047,2383,3557,0.598821548821549,1.49265631556861,1,1.5,17,4,0.2125,7.8239608801956,0.39119804400978,38,42,0.525,0.907574204655922,0.926574473980075,0.520015503875969,10046,54454,0.844248062015504
221,"alignment",20,"severe","85_15","extreme",0.1,"n_majority",5000,TRUE,TRUE,6000,80,20,127.5,1976,300,1.5382472747782,0.332154882154882,6.0725011574094,0.30362505787047,5884,56,0.00942760942760943,0.00951733514615908,1,1.5,17,4,0.2125,7.8239608801956,0.39119804400978,68.1502,11.8498,0.1481225,-0.00105568657228173,-0.00349223564233472,0.412323224673343,23491.4268,221.1846,0.0119956711678438
222,"alignment",20,"severe","85_15","extreme",0.1,"n_minority",5000,TRUE,TRUE,6000,80,20,127.5,1976,300,1.5382472747782,0.332154882154882,6.0725011574094,0.30362505787047,2383,3557,0.598821548821549,1.49265631556861,1,1.5,17,4,0.2125,7.8239608801956,0.39119804400978,68.1828,11.8172,0.147715,-0.00474980318917489,-0.0032342402782826,0.408840356881922,9533.9262,14012.8604,0.525996955140848
223,"alignment",20,"severe","85_15","extreme",0.1,"nk_majority",5000,TRUE,TRUE,6000,80,20,127.5,1976,300,1.5382472747782,0.332154882154882,6.0725011574094,0.30362505787047,5884,56,0.00942760942760943,0.00951733514615908,1,1.5,17,4,0.2125,7.8239608801956,0.39119804400978,77,3,0.0375,0.907574204655922,0.926574473980075,0.520015503875969,64444,56,0.000868217054263566
224,"alignment",20,"severe","85_15","extreme",0.1,"nk_minority",5000,TRUE,TRUE,6000,80,20,127.5,1976,300,1.5382472747782,0.332154882154882,6.0725011574094,0.30362505787047,2383,3557,0.598821548821549,1.49265631556861,1,1.5,17,4,0.2125,7.8239608801956,0.39119804400978,38,42,0.525,0.907574204655922,0.926574473980075,0.520015503875969,10046,54454,0.844248062015504
225,"alignment",40,"severe","85_15","extreme",0,"n_majority",5000,TRUE,TRUE,12000,160,20,132,2000,300,1.43773761816594,0.168097643097643,13.0875780473085,0.327189451182714,11765,115,0.00968013468013468,0.00977475563110922,1,1.5,18,4,0.1125,15.6288156288156,0.390720390720391,135.7592,24.2408,0.151505,0.00110250901804194,-0.00329007320293562,0.301727276849386,47150.6832,463.1336,0.0109848816119256
226,"alignment",40,"severe","85_15","extreme",0,"n_minority",5000,TRUE,TRUE,12000,160,20,132,2000,300,1.43773761816594,0.168097643097643,13.0875780473085,0.327189451182714,4961,6919,0.582407407407407,1.39467849223947,1,1.5,18,4,0.1125,15.6288156288156,0.390720390720391,136.3296,23.6704,0.14794,-0.00353775740385277,-0.00381105006401677,0.300345537162383,19828.2372,27390.7212,0.544939426367816
227,"alignment",40,"severe","85_15","extreme",0,"nk_majority",5000,TRUE,TRUE,12000,160,20,132,2000,300,1.43773761816594,0.168097643097643,13.0875780473085,0.327189451182714,11765,115,0.00968013468013468,0.00977475563110922,1,1.5,18,4,0.1125,15.6288156288156,0.390720390720391,154,6,0.0375,0.92664683820641,0.925689693391205,0.284445921564904,126257,115,0.000910011711455069
228,"alignment",40,"severe","85_15","extreme",0,"nk_minority",5000,TRUE,TRUE,12000,160,20,132,2000,300,1.43773761816594,0.168097643097643,13.0875780473085,0.327189451182714,4961,6919,0.582407407407407,1.39467849223947,1,1.5,18,4,0.1125,15.6288156288156,0.390720390720391,76,84,0.525,0.92664683820641,0.925689693391205,0.284445921564904,20935,105437,0.834338302788592
229,"alignment",40,"severe","85_15","extreme",0.1,"n_majority",5000,TRUE,TRUE,12000,160,20,132,2000,300,1.43773761816594,0.168097643097643,13.0875780473085,0.327189451182714,11765,115,0.00968013468013468,0.00977475563110922,1,1.5,18,4,0.1125,15.6288156288156,0.390720390720391,135.9756,24.0244,0.1501525,-0.00110384636408501,-0.00143623910537301,0.302020139202726,46965.077,460.9924,0.0109613275958252
230,"alignment",40,"severe","85_15","extreme",0.1,"n_minority",5000,TRUE,TRUE,12000,160,20,132,2000,300,1.43773761816594,0.168097643097643,13.0875780473085,0.327189451182714,4961,6919,0.582407407407407,1.39467849223947,1,1.5,18,4,0.1125,15.6288156288156,0.390720390720391,135.9154,24.0846,0.15052875,0.000444779200685286,-0.000726137936454046,0.30067753360505,19757.515,27800.333,0.549309829854663
231,"alignment",40,"severe","85_15","extreme",0.1,"nk_majority",5000,TRUE,TRUE,12000,160,20,132,2000,300,1.43773761816594,0.168097643097643,13.0875780473085,0.327189451182714,11765,115,0.00968013468013468,0.00977475563110922,1,1.5,18,4,0.1125,15.6288156288156,0.390720390720391,154,6,0.0375,0.92664683820641,0.925689693391205,0.284445921564904,126257,115,0.000910011711455069
232,"alignment",40,"severe","85_15","extreme",0.1,"nk_minority",5000,TRUE,TRUE,12000,160,20,132,2000,300,1.43773761816594,0.168097643097643,13.0875780473085,0.327189451182714,4961,6919,0.582407407407407,1.39467849223947,1,1.5,18,4,0.1125,15.6288156288156,0.390720390720391,76,84,0.525,0.92664683820641,0.925689693391205,0.284445921564904,20935,105437,0.834338302788592
