"analysis_family","analysis_label","rho_plan","rho_plan_role","method","beta1_group","scenario_set","misspec_quantity","misspec_bin","n_scenarios","n_rows","rmse_power","mae_power","mean_signed_error","spearman","pearson","calibration_intercept","calibration_slope","r2","max_absolute_error","median_ape","mean_abs_tau_misspec","mean_abs_omega_misspec","mean_signed_tau_misspec","mean_signed_omega_misspec"
"signed_tau_misspec","post_production_exploratory_heterogeneity_sensitivity",0.5,"primary","mlma_cr2","all_non_null","all","tau_plan_minus_true","[-0.15,-0.10)",69,1035,0.314802184535623,0.244736333119798,0.244189252349373,0.929766845278886,0.820737682481761,-0.0874787546860334,0.750858790864998,0.673610343445532,0.814769136192344,0.782664808740772,0.127553208522319,0.0827956788642765,-0.127553208522319,-0.0413762899273846
"signed_tau_misspec","post_production_exploratory_heterogeneity_sensitivity",0.5,"primary","mlma_cr2","all_non_null","all","tau_plan_minus_true","< -0.15",44,960,0.438712370754818,0.363629970696231,0.363629970696231,0.858426654291017,0.69382325204899,-0.0627368624279798,0.549228873898672,0.481390705083836,0.920935287727202,1.4259852814725,0.193543083028007,0.0861724116273478,-0.193543083028007,-0.0466600143493196
"signed_tau_misspec","post_production_exploratory_heterogeneity_sensitivity",0.5,"primary","mlma_cr2","all_non_null","all","tau_plan_minus_true","[-0.05,-0.025)",59,885,0.145523762280953,0.0947665302242181,0.0830763613090772,0.962585943470825,0.940572634376595,-0.0337152640826261,0.904359914581156,0.884676880538129,0.651400422468371,0.249277323722104,0.0389679659502266,0.08174475922944,-0.0389679659502266,-0.04120853876639
"signed_tau_misspec","post_production_exploratory_heterogeneity_sensitivity",0.5,"primary","mlma_cr2","all_non_null","all","tau_plan_minus_true","[-0.10,-0.05)",91,1365,0.222692940454662,0.160956082241112,0.154814400669421,0.944393297988731,0.890289367101771,-0.0672453412653128,0.852432781881186,0.792615157174472,0.790976352897989,0.456465232457372,0.0773934131650783,0.0836725276251948,-0.0773934131650783,-0.0416875799767836
"signed_tau_misspec","post_production_exploratory_heterogeneity_sensitivity",0.5,"primary","mlma_cr2","all_non_null","all","tau_plan_minus_true","near [-0.025,0.025)",89,1335,0.100707070261069,0.0598214018339278,0.0244623429072679,0.968426914403767,0.959757885312982,-0.000260431188332616,0.951636551838362,0.921135198420448,0.656835505926372,0.107260288053517,0.011971991235799,0.082639782350227,-0.000215563280706119,-0.0410036052432515
"signed_tau_misspec","post_production_exploratory_heterogeneity_sensitivity",0.5,"primary","mlma_cr2","all_non_null","all","tau_plan_minus_true","[0.05,0.10)",54,810,0.176560284074468,0.124003459470869,-0.118185773141225,0.950670776051082,0.92388577011629,0.133375081024181,0.965967171336809,0.853564916223369,0.689783880068368,0.243550663840753,0.0723995957983845,0.0819923764945189,0.0723995957983845,-0.0386941228474369
"signed_tau_misspec","post_production_exploratory_heterogeneity_sensitivity",0.5,"primary","mlma_cr2","all_non_null","all","tau_plan_minus_true","[0.025,0.05)",34,510,0.106058927287778,0.065108826830141,-0.0517826987911489,0.971450894915797,0.961715838290012,0.0640846516645766,0.974852362405504,0.92489735361786,0.59819110196548,0.107526706504641,0.0373854636053644,0.0817666481762727,0.0373854636053644,-0.0350450031511957
"signed_tau_misspec","post_production_exploratory_heterogeneity_sensitivity",0.5,"primary","mlma_cr2","all_non_null","all","tau_plan_minus_true","[0.10,0.15)",31,465,0.288099511097365,0.222658044831865,-0.22207933649799,0.922054688013515,0.843459811614689,0.247490014460992,0.934216074384908,0.711424453809086,0.744590372208781,0.387240357284907,0.119668232935231,0.0834609098026826,0.119668232935231,-0.0406772720231881
"signed_tau_misspec","post_production_exploratory_heterogeneity_sensitivity",0.5,"primary","mlma_cr2","all_non_null","all","tau_plan_minus_true",">= 0.15",9,135,0.389747621666695,0.314683058078575,-0.314683058078575,0.896945772335662,0.7575062699699,0.295847448239895,1.06358548541998,0.573815749043711,0.798620404385834,0.486986359849122,0.161260492330475,0.0762211146250574,0.161260492330475,-0.0358210733134508
"signed_omega_misspec","post_production_exploratory_heterogeneity_sensitivity",0.5,"primary","mlma_cr2","all_non_null","all","omega_plan_minus_true","[-0.10,-0.05)",92,1380,0.260769630930394,0.177298402751364,0.108871443700475,0.799786738337581,0.763788842908885,0.0402337844461282,0.734484164113717,0.583373396552094,0.879829570370043,0.354640473808255,0.0839061130996209,0.0748489022217747,-0.0396188041461587,-0.0748489022217747
"signed_omega_misspec","post_production_exploratory_heterogeneity_sensitivity",0.5,"primary","mlma_cr2","all_non_null","all","omega_plan_minus_true","[-0.15,-0.10)",69,1035,0.281416337856512,0.193251845598214,0.144334088215012,0.801514562724615,0.753502472212561,0.020260165120926,0.711119484854709,0.567765975630441,0.892233869995943,0.40587423923733,0.0840594480369839,0.124006032073239,-0.0411104867135123,-0.124006032073239
"signed_omega_misspec","post_production_exploratory_heterogeneity_sensitivity",0.5,"primary","mlma_cr2","all_non_null","all","omega_plan_minus_true","< -0.15",49,1035,0.312681803898722,0.217599117283735,0.182443301923043,0.775881705367863,0.721734244252746,0.0163925489871183,0.663307127450911,0.520900319327083,0.920935287727202,0.479518063672056,0.0856809995956702,0.188143464534802,-0.0440042040658967,-0.188143464534802
"signed_omega_misspec","post_production_exploratory_heterogeneity_sensitivity",0.5,"primary","mlma_cr2","all_non_null","all","omega_plan_minus_true","[-0.05,-0.025)",53,795,0.237067084738835,0.159066907314793,0.0988289416438432,0.83373918379266,0.804042825253326,0.0223769609639405,0.775975771788972,0.646484864841351,0.919426425540983,0.345784674445168,0.084559902981795,0.037614303155666,-0.0458645098168757,-0.037614303155666
"signed_omega_misspec","post_production_exploratory_heterogeneity_sensitivity",0.5,"primary","mlma_cr2","all_non_null","all","omega_plan_minus_true","near [-0.025,0.025)",91,1365,0.222290040371514,0.145587746358822,0.0620746996887477,0.83555473466017,0.807304573328711,0.0486934655548522,0.786396734441198,0.651740674117453,0.842513911876717,0.284213607931738,0.0843307861037524,0.0127969750235245,-0.0408084630398566,-0.000882175975553996
"signed_omega_misspec","post_production_exploratory_heterogeneity_sensitivity",0.5,"primary","mlma_cr2","all_non_null","all","omega_plan_minus_true","[0.025,0.05)",38,570,0.220641218010725,0.143581524876019,0.0118404868930845,0.812656044017057,0.792834665784769,0.096642520225864,0.787011645887392,0.628586807270046,0.767016512026473,0.234613414866388,0.0817106125523542,0.0377963187514642,-0.0314771575813785,0.0377963187514642
"signed_omega_misspec","post_production_exploratory_heterogeneity_sensitivity",0.5,"primary","mlma_cr2","all_non_null","all","omega_plan_minus_true","[0.05,0.10)",49,735,0.214467901182952,0.142814105352483,0.00862559834664295,0.827235308482315,0.805737121264255,0.0846096420728263,0.814386799705015,0.649212308583209,0.804384344998638,0.261933207959386,0.0814180697259612,0.0718693205764558,-0.0356644341955698,0.0718693205764558
"signed_omega_misspec","post_production_exploratory_heterogeneity_sensitivity",0.5,"primary","mlma_cr2","all_non_null","all","omega_plan_minus_true","[0.10,0.15)",31,465,0.218373692728528,0.148956277254115,-0.0247420863234476,0.811414831443391,0.793556242322217,0.118581569094182,0.809734819108552,0.629731509728557,0.798620404385834,0.266100962544951,0.0834618098439112,0.119046992753069,-0.0388655672198548,0.119046992753069
"signed_omega_misspec","post_production_exploratory_heterogeneity_sensitivity",0.5,"primary","mlma_cr2","all_non_null","all","omega_plan_minus_true",">= 0.15",8,120,0.194593792014841,0.1193822844508,-0.0159052615962442,0.879266330669908,0.839681880661136,0.0793344786392135,0.860433081500733,0.705065660710621,0.743939417245283,0.210776902024861,0.0835069518185017,0.158767445836864,-0.0495657732001563,0.158767445836864
"abs_tau_misspec","post_production_exploratory_heterogeneity_sensitivity",0.5,"primary","mlma_cr2","all_non_null","all","abs_tau_plan_minus_true","[0.10,0.15)",98,1500,0.305216387119325,0.236057075096278,0.0964219535622561,0.698587375120105,0.64577497441798,0.11004840286494,0.623299250162889,0.417025317584542,0.814769136192344,0.573373867996907,0.124108866090322,0.0829619004551824,-0.0499145616704785,-0.0413595943770837
"abs_tau_misspec","post_production_exploratory_heterogeneity_sensitivity",0.5,"primary","mlma_cr2","all_non_null","all","abs_tau_plan_minus_true","[0.15,Inf)",55,1125,0.430082279314495,0.353978953322261,0.278455019383403,0.660652703987277,0.500665854795139,0.0787755454252985,0.431442219873833,0.250666298157748,0.920935287727202,1.15234906436708,0.188508023263557,0.0844403250103437,-0.149805505104243,-0.0433150743757001
"abs_tau_misspec","post_production_exploratory_heterogeneity_sensitivity",0.5,"primary","mlma_cr2","all_non_null","all","abs_tau_plan_minus_true","[0.025,0.05)",91,1365,0.132628652312879,0.0839265866746977,0.0329957978615814,0.941284626744695,0.929868676965296,0.00669656535565612,0.921298782368214,0.864655756401189,0.651400422468371,0.177066877700051,0.0381342390510523,0.0821429322256069,-0.0101978486646261,-0.0402509219160183
"abs_tau_misspec","post_production_exploratory_heterogeneity_sensitivity",0.5,"primary","mlma_cr2","all_non_null","all","abs_tau_plan_minus_true","[0.05,0.10)",100,2175,0.205694932096368,0.146554064254805,0.0532607064604382,0.858389722341214,0.833795561348082,0.0435914930571762,0.820227811248935,0.695215038123764,0.790976352897989,0.341373888123064,0.0748439915250682,0.0830468161696327,-0.0209187753442025,-0.0405727752527511
"abs_tau_misspec","post_production_exploratory_heterogeneity_sensitivity",0.5,"primary","mlma_cr2","all_non_null","all","abs_tau_plan_minus_true","[0,0.025)",89,1335,0.100707070261069,0.0598214018339278,0.0244623429072679,0.968426914403767,0.959757885312982,-0.000260431188332616,0.951636551838362,0.921135198420448,0.656835505926372,0.107260288053517,0.011971991235799,0.082639782350227,-0.000215563280706119,-0.0410036052432515
"abs_omega_misspec","post_production_exploratory_heterogeneity_sensitivity",0.5,"primary","mlma_cr2","all_non_null","all","abs_omega_plan_minus_true","[0.05,0.10)",100,2115,0.245390878511089,0.165120060168679,0.0737344161142619,0.797935449695325,0.769983656421726,0.0601604010377809,0.752356105302296,0.59287483115657,0.879829570370043,0.321281962215522,0.0830414739130299,0.0731042249124086,-0.0382445904753866,-0.0231524985543046
"abs_omega_misspec","post_production_exploratory_heterogeneity_sensitivity",0.5,"primary","mlma_cr2","all_non_null","all","abs_omega_plan_minus_true","[0.10,0.15)",98,1500,0.262664572087805,0.179076440141096,0.0898097894502465,0.773466774552126,0.742545087248052,0.0623626599132161,0.720721486008223,0.551373206596217,0.892233869995943,0.355178493302483,0.0838741801971314,0.121468729883986,-0.0396145616704785,-0.0476595943770837
"abs_omega_misspec","post_production_exploratory_heterogeneity_sensitivity",0.5,"primary","mlma_cr2","all_non_null","all","abs_omega_plan_minus_true","[0.15,Inf)",59,1185,0.30179683550819,0.206673100088931,0.160836115493266,0.770394236045125,0.722020239055424,0.0302685904191304,0.670791362296123,0.521313225605651,0.920935287727202,0.416322527412552,0.0849119567930286,0.184203020501219,-0.0439596995714952,-0.152047588432993
"abs_omega_misspec","post_production_exploratory_heterogeneity_sensitivity",0.5,"primary","mlma_cr2","all_non_null","all","abs_omega_plan_minus_true","[0.025,0.05)",89,1335,0.23090097148963,0.152816406211117,0.0640057073945564,0.815757292831948,0.791585635745967,0.0548869395865277,0.77347706405591,0.626607818719347,0.919426425540983,0.284191583925952,0.0838053723036471,0.0374136874135499,-0.0412016967234471,-0.00513817926623209
"abs_omega_misspec","post_production_exploratory_heterogeneity_sensitivity",0.5,"primary","mlma_cr2","all_non_null","all","abs_omega_plan_minus_true","[0,0.025)",91,1365,0.222290040371514,0.145587746358822,0.0620746996887477,0.83555473466017,0.807304573328711,0.0486934655548522,0.786396734441198,0.651740674117453,0.842513911876717,0.284213607931738,0.0843307861037524,0.0127969750235245,-0.0408084630398566,-0.000882175975553996
"joint_direction","post_production_exploratory_heterogeneity_sensitivity",0.5,"primary","mlma_cr2","all_non_null","all","joint_tau_omega_direction","both_under",100,2439,0.33863651611975,0.257041103695062,0.25625073772109,0.885347843319187,0.781479206704951,-0.0685612414606734,0.701833443156427,0.6107097505122,0.920935287727202,0.757056781871971,0.108430079161884,0.107749351457017,-0.108430079161884,-0.107749351457017
"joint_direction","post_production_exploratory_heterogeneity_sensitivity",0.5,"primary","mlma_cr2","all_non_null","all","joint_tau_omega_direction","omega_near_tau_under",91,777,0.252871593138303,0.176740155612278,0.176721779361982,0.918507044775933,0.858696469253262,-0.053698025202771,0.785343175153161,0.737359626308018,0.842513911876717,0.457973089572707,0.108037132290032,0.0132332515717941,-0.108037132290032,-0.000107798405876164
"joint_direction","post_production_exploratory_heterogeneity_sensitivity",0.5,"primary","mlma_cr2","all_non_null","all","joint_tau_omega_direction","mixed_tau_under_omega_over",67,1029,0.207717271951609,0.137716185939677,0.120851810355955,0.908605139610185,0.874370687053201,-0.0328625869819534,0.843351932894983,0.764524098377887,0.804384344998638,0.280461719032354,0.106454591349445,0.079585277199491,-0.106454591349445,0.079585277199491
"joint_direction","post_production_exploratory_heterogeneity_sensitivity",0.5,"primary","mlma_cr2","all_non_null","all","joint_tau_omega_direction","tau_near_omega_under",89,753,0.111369970142358,0.0681026027296687,0.0644138137167867,0.979548153583273,0.965638200236835,-0.031254279395006,0.935879759728545,0.932457133756635,0.656835505926372,0.144512729386794,0.0119281583919358,0.107372999354779,-3.05880608303767e-05,-0.107372999354779
"joint_direction","post_production_exploratory_heterogeneity_sensitivity",0.5,"primary","mlma_cr2","all_non_null","all","joint_tau_omega_direction","both_near",80,240,0.0485166697330365,0.0310362781705797,0.00547182254315556,0.992288982335951,0.990157992818715,-0.00132285900238347,0.991473493388021,0.980412850742787,0.205657890378135,0.0611424100639957,0.0122978091567936,0.0125802795035321,0.000108761230475624,-0.00142049303395542
"joint_direction","post_production_exploratory_heterogeneity_sensitivity",0.5,"primary","mlma_cr2","all_non_null","all","joint_tau_omega_direction","tau_near_omega_over",62,342,0.103093447571445,0.0617883182219707,-0.0501743022160675,0.97670808089837,0.965478470041781,0.0540253004884659,0.991863242923657,0.932148676114218,0.544419895658161,0.0889393985002098,0.0118398562369402,0.0773478767326226,-0.000850429430560071,0.0773478767326226
"joint_direction","post_production_exploratory_heterogeneity_sensitivity",0.5,"primary","mlma_cr2","all_non_null","all","joint_tau_omega_direction","mixed_tau_over_omega_under",65,1053,0.176082607539287,0.112209137632728,-0.101113913888016,0.927180987384053,0.90742335000495,0.128803153101632,0.939422474268917,0.823417136134206,0.752385688101263,0.163018056528322,0.0809630160520775,0.106948763861646,0.0809630160520775,-0.106948763861646
"joint_direction","post_production_exploratory_heterogeneity_sensitivity",0.5,"primary","mlma_cr2","all_non_null","all","joint_tau_omega_direction","omega_near_tau_over",59,348,0.222312218610075,0.155032948586533,-0.154868088791599,0.930706403868194,0.886062286466211,0.175287419025628,0.951246317331619,0.785106375497731,0.756302306380802,0.248640665425162,0.0810781524271166,0.0119723199855723,0.0810781524271166,-0.00223992102619576
"joint_direction","post_production_exploratory_heterogeneity_sensitivity",0.5,"primary","mlma_cr2","all_non_null","all","joint_tau_omega_direction","both_over",48,519,0.278457022572006,0.207242426795422,-0.20717092623602,0.913224212727692,0.841815266768967,0.233885374210853,0.9318829253917,0.708652943365307,0.798620404385834,0.339005043792921,0.080263778164643,0.0779009120651199,0.080263778164643,0.0779009120651199
"one_component_correct","post_production_exploratory_heterogeneity_sensitivity",0.5,"primary","mlma_cr2","all_non_null","all","one_component_near","neither_near",100,5040,0.280652591412634,0.197291319182197,0.106221706372508,0.75115602184905,0.714726988513469,0.0670583156227905,0.68788916827126,0.510834668109533,0.920935287727202,0.410925760547672,0.0993876377668059,0.0987582420932642,-0.0490261469849459,-0.0502170422519652
"one_component_correct","post_production_exploratory_heterogeneity_sensitivity",0.5,"primary","mlma_cr2","all_non_null","all","one_component_near","omega_near_tau_misspecified",91,1125,0.243828042426895,0.170025392905647,0.074149980146474,0.806906621423244,0.771448871148495,0.0585853847299017,0.747358735407292,0.595133360796288,0.842513911876717,0.372424014694233,0.0996978211857703,0.0128432034011228,-0.0495374708841942,-0.000767335003095026
"one_component_correct","post_production_exploratory_heterogeneity_sensitivity",0.5,"primary","mlma_cr2","all_non_null","all","one_component_near","tau_near_omega_misspecified",89,1095,0.108852575316958,0.0661304700341137,0.028624648740498,0.963533313264726,0.953528935289123,-0.000233976119836507,0.94360740036615,0.909217430433608,0.656835505926372,0.123301810316905,0.0119005790887317,0.0979952898234752,-0.00028664810507472,-0.0496793558644671
"one_component_correct","post_production_exploratory_heterogeneity_sensitivity",0.5,"primary","mlma_cr2","all_non_null","all","one_component_near","both_near",80,240,0.0485166697330365,0.0310362781705797,0.00547182254315556,0.992288982335951,0.990157992818715,-0.00132285900238347,0.991473493388021,0.980412850742787,0.205657890378135,0.0611424100639957,0.0122978091567936,0.0125802795035321,0.000108761230475624,-0.00142049303395542
"abs_tau_x_abs_omega","post_production_exploratory_heterogeneity_sensitivity",0.5,"primary","mlma_cr2","all_non_null","all","abs_tau_and_abs_omega","[0.10,0.15) x [0.05,0.10)",98,423,0.303764756171233,0.236614882989981,0.0817669440581281,0.690138013215338,0.640404480464329,0.123486961459305,0.623566048964055,0.410117898598787,0.739258466913609,0.581470558675833,0.124306229834939,0.0731042249124086,-0.048173668489571,-0.023436186497567
"abs_tau_x_abs_omega","post_production_exploratory_heterogeneity_sensitivity",0.5,"primary","mlma_cr2","all_non_null","all","abs_tau_and_abs_omega","[0.10,0.15) x [0.10,0.15)",96,300,0.320411864702986,0.247579278478296,0.0977128762809466,0.6535687440771,0.605734439142335,0.129631298234101,0.586908979557572,0.366914210763079,0.755427040704553,0.558747090822451,0.124108866090322,0.121268729883986,-0.0451145616704785,-0.0478595943770837
"abs_tau_x_abs_omega","post_production_exploratory_heterogeneity_sensitivity",0.5,"primary","mlma_cr2","all_non_null","all","abs_tau_and_abs_omega","[0.10,0.15) x [0.15,Inf)",59,237,0.337669781006826,0.25462039536962,0.169291291101433,0.711312749569406,0.636774840071473,0.0724017982539162,0.589622043267238,0.40548219694805,0.814769136192344,0.567401797649433,0.122780363876554,0.184203020501219,-0.0528204590651661,-0.152047588432993
"abs_tau_x_abs_omega","post_production_exploratory_heterogeneity_sensitivity",0.5,"primary","mlma_cr2","all_non_null","all","abs_tau_and_abs_omega","[0.10,0.15) x [0.025,0.05)",87,267,0.286738198869069,0.22516938116797,0.0762858235603438,0.72474819703333,0.675036061996203,0.105426977808038,0.659973373712118,0.455673684995342,0.717330862515422,0.581064228265428,0.123639948372483,0.0374136874135499,-0.0513140562740089,-0.00648649387297366
"abs_tau_x_abs_omega","post_production_exploratory_heterogeneity_sensitivity",0.5,"primary","mlma_cr2","all_non_null","all","abs_tau_and_abs_omega","[0.10,0.15) x [0,0.025)",89,273,0.276884671354357,0.217064011434865,0.0741439532632257,0.750529358992678,0.697948505255747,0.0951102604225773,0.679422841404497,0.487132115988731,0.719398975483996,0.561320867353655,0.125414987670368,0.0127969750235245,-0.0539952762266698,-3.05509643311673e-06
"abs_tau_x_abs_omega","post_production_exploratory_heterogeneity_sensitivity",0.5,"primary","mlma_cr2","all_non_null","all","abs_tau_and_abs_omega","[0.15,Inf) x [0.05,0.10)",55,306,0.426591846002014,0.355313352391145,0.265590447219729,0.657958496000387,0.489777568678569,0.0897661714157437,0.440942622911658,0.23988206678069,0.879829570370043,1.2594595769991,0.187828728931175,0.073954430227355,-0.143715753425567,-0.0259273656205475
"abs_tau_x_abs_omega","post_production_exploratory_heterogeneity_sensitivity",0.5,"primary","mlma_cr2","all_non_null","all","abs_tau_and_abs_omega","[0.15,Inf) x [0.10,0.15)",55,225,0.431173764965189,0.354264359695457,0.279058471790183,0.649903711771656,0.493162440895501,0.0807004927597847,0.427967493719812,0.243209193110009,0.892233869995943,1.02587877993144,0.188508023263557,0.123589612493167,-0.149805505104243,-0.0486484077090335
"abs_tau_x_abs_omega","post_production_exploratory_heterogeneity_sensitivity",0.5,"primary","mlma_cr2","all_non_null","all","abs_tau_and_abs_omega","[0.15,Inf) x [0.15,Inf)",34,186,0.493306090844602,0.411718868766331,0.371695140597903,0.656756132427448,0.463690263531552,0.0574564837396571,0.354497124670431,0.21500866049396,0.920935287727202,1.55028519817176,0.18984334021773,0.184644362434608,-0.163690216845338,-0.154149491142172
"abs_tau_x_abs_omega","post_production_exploratory_heterogeneity_sensitivity",0.5,"primary","mlma_cr2","all_non_null","all","abs_tau_and_abs_omega","[0.15,Inf) x [0.025,0.05)",50,204,0.404717922760703,0.332061384995687,0.25459212455139,0.698827382721529,0.545935211976998,0.0685811077999111,0.474497090197933,0.29804525567637,0.919426425540983,1.06600427501627,0.187422318161559,0.0364855628473836,-0.149377473526479,-0.00569764260916456
"abs_tau_x_abs_omega","post_production_exploratory_heterogeneity_sensitivity",0.5,"primary","mlma_cr2","all_non_null","all","abs_tau_and_abs_omega","[0.15,Inf) x [0,0.025)",51,204,0.395429412599644,0.320934919581952,0.235936148257878,0.693427920134564,0.547273213549807,0.0790656986847494,0.47208218337484,0.299507970269133,0.842513911876717,0.921037907877883,0.189395174994146,0.0135820634431378,-0.146708574083138,-7.6806929064291e-05
"abs_tau_x_abs_omega","post_production_exploratory_heterogeneity_sensitivity",0.5,"primary","mlma_cr2","all_non_null","all","abs_tau_and_abs_omega","[0.025,0.05) x [0.05,0.10)",91,387,0.120238231800135,0.0804911106369207,0.0219741990046715,0.950882898899238,0.940824398656313,0.00851070602239654,0.939534852519032,0.885150549107013,0.469885864164272,0.171770746444743,0.0384469597216045,0.0729680654904647,-0.0102818023996458,-0.0228802801951077
"abs_tau_x_abs_omega","post_production_exploratory_heterogeneity_sensitivity",0.5,"primary","mlma_cr2","all_non_null","all","abs_tau_and_abs_omega","[0.025,0.05) x [0.10,0.15)",89,273,0.152378521801553,0.0974737755104476,0.0404569906234294,0.923812761345376,0.908611807901468,0.0115601368277827,0.89857329095424,0.825575417457974,0.561993745754638,0.204071739478209,0.0381342390510523,0.121544973970122,-0.0115165299833075,-0.047943229608326
"abs_tau_x_abs_omega","post_production_exploratory_heterogeneity_sensitivity",0.5,"primary","mlma_cr2","all_non_null","all","abs_tau_and_abs_omega","[0.025,0.05) x [0.15,Inf)",53,210,0.195626534012398,0.12230941608904,0.0997457280029883,0.910157444989686,0.880252106643958,-0.0113035324386503,0.8370482027359,0.774843771251125,0.651400422468371,0.266525775474122,0.0377181195410451,0.182960296652643,-0.00771597328296802,-0.150977885156593
"abs_tau_x_abs_omega","post_production_exploratory_heterogeneity_sensitivity",0.5,"primary","mlma_cr2","all_non_null","all","abs_tau_and_abs_omega","[0.025,0.05) x [0.025,0.05)",80,240,0.0942886775388935,0.0663709194091286,0.00692767303479119,0.965147370002359,0.962070415753957,0.00822180669886768,0.968965212116486,0.925579484868992,0.394800791417029,0.175450767334067,0.0381370951027042,0.037329852421616,-0.0100437383727491,-0.00442715514179943
"abs_tau_x_abs_omega","post_production_exploratory_heterogeneity_sensitivity",0.5,"primary","mlma_cr2","all_non_null","all","abs_tau_and_abs_omega","[0.025,0.05) x [0,0.025)",85,255,0.0864714748304493,0.0595505578165985,0.0112990047728512,0.973275909854245,0.968381686486305,0.00182425407778939,0.972608563504169,0.93776309072206,0.41604800834614,0.161425833782242,0.0379996380518417,0.0130347308668917,-0.0108476141734344,-0.000907706587721213
"abs_tau_x_abs_omega","post_production_exploratory_heterogeneity_sensitivity",0.5,"primary","mlma_cr2","all_non_null","all","abs_tau_and_abs_omega","[0.05,0.10) x [0.05,0.10)",100,618,0.198689811559728,0.144618638204874,0.0420057206931703,0.864373520685078,0.841322555143256,0.0482475687038798,0.831774456642997,0.707823641792777,0.673070571822207,0.342410780569893,0.0746808752480581,0.0728586464661161,-0.0199040665753933,-0.0222253107494379
"abs_tau_x_abs_omega","post_production_exploratory_heterogeneity_sensitivity",0.5,"primary","mlma_cr2","all_non_null","all","abs_tau_and_abs_omega","[0.05,0.10) x [0.10,0.15)",98,435,0.218150937042434,0.154931733940832,0.0572750271671918,0.840080902772295,0.813078982033111,0.0501297948432568,0.802594702415953,0.661097431023999,0.691499770108544,0.314190648544584,0.0748439915250682,0.120816660476824,-0.021194637413168,-0.0457451890458545
"abs_tau_x_abs_omega","post_production_exploratory_heterogeneity_sensitivity",0.5,"primary","mlma_cr2","all_non_null","all","abs_tau_and_abs_omega","[0.05,0.10) x [0.15,Inf)",59,345,0.25352448163349,0.174066774063567,0.120940181373885,0.832324877632728,0.790320716322967,0.0188993128268449,0.75915198271861,0.624606834649248,0.790976352897989,0.365083710906217,0.0750069138257005,0.18452402588628,-0.021228966012426,-0.151296283598399
"abs_tau_x_abs_omega","post_production_exploratory_heterogeneity_sensitivity",0.5,"primary","mlma_cr2","all_non_null","all","abs_tau_and_abs_omega","[0.05,0.10) x [0.025,0.05)",89,384,0.181161044019186,0.131688682208883,0.0288497234612418,0.880487333359323,0.864517001000447,0.0447183618253079,0.858890613387202,0.747389645018806,0.621265576642153,0.336943902736308,0.0744873575065008,0.0378221694878207,-0.0217700757119287,-0.00468459638393001
"abs_tau_x_abs_omega","post_production_exploratory_heterogeneity_sensitivity",0.5,"primary","mlma_cr2","all_non_null","all","abs_tau_and_abs_omega","[0.05,0.10) x [0,0.025)",91,393,0.175822264097426,0.130697140099706,0.0309547276392835,0.894456476252986,0.873445978971778,0.0390558569579641,0.864485343451314,0.762907878181967,0.655815972073495,0.342896641900198,0.0753059384171902,0.0123675122935967,-0.0211049710118362,-0.00156560825383623
"abs_tau_x_abs_omega","post_production_exploratory_heterogeneity_sensitivity",0.5,"primary","mlma_cr2","all_non_null","all","abs_tau_and_abs_omega","[0,0.025) x [0.05,0.10)",89,381,0.0833768738815822,0.0522062144178555,0.0147680984059098,0.976553455026226,0.971647622911689,-0.000525877203156813,0.971694647918809,0.944099103109935,0.395438178750632,0.103220633040596,0.0119260806755344,0.0729580263552626,-0.00066418861909351,-0.022389352218731
"abs_tau_x_abs_omega","post_production_exploratory_heterogeneity_sensitivity",0.5,"primary","mlma_cr2","all_non_null","all","abs_tau_and_abs_omega","[0,0.025) x [0.10,0.15)",87,267,0.119605025660306,0.0772500028391887,0.0249186137841576,0.953438235102274,0.94220305970326,0.00681887381481579,0.93677136505572,0.887746605714186,0.544419895658161,0.163209312354734,0.011971991235799,0.120890591193107,0.000683313123788263,-0.0494305715353864
"abs_tau_x_abs_omega","post_production_exploratory_heterogeneity_sensitivity",0.5,"primary","mlma_cr2","all_non_null","all","abs_tau_and_abs_omega","[0,0.025) x [0.15,Inf)",51,207,0.162018601921873,0.107463120201049,0.0901570012688545,0.955263976529863,0.924379285532396,-0.023797962272182,0.875531069428275,0.854477063521383,0.656835505926372,0.259750899343895,0.0116554150097182,0.184532177751192,-0.000884382593402501,-0.152496303177302
"abs_tau_x_abs_omega","post_production_exploratory_heterogeneity_sensitivity",0.5,"primary","mlma_cr2","all_non_null","all","abs_tau_and_abs_omega","[0,0.025) x [0.025,0.05)",80,240,0.0668530979506234,0.0402153348102959,0.00167323222987788,0.983376247314395,0.981070665739455,0.0047406261008215,0.986636560560174,0.962499651174458,0.262069008599686,0.0734919563399984,0.0119921033242193,0.0376328569678917,-0.000250838409997247,-0.00459939216085547
"abs_tau_x_abs_omega","post_production_exploratory_heterogeneity_sensitivity",0.5,"primary","mlma_cr2","all_non_null","all","abs_tau_and_abs_omega","[0,0.025) x [0,0.025)",80,240,0.0485166697330365,0.0310362781705797,0.00547182254315556,0.992288982335951,0.990157992818715,-0.00132285900238347,0.991473493388021,0.980412850742787,0.205657890378135,0.0611424100639957,0.0122978091567936,0.0125802795035321,0.000108761230475624,-0.00142049303395542
"tau_given_omega_near","post_production_exploratory_heterogeneity_sensitivity",0.5,"primary","mlma_cr2","all_non_null","all","abs_tau_plan_minus_true | omega_near","[0.10,0.15)",89,273,0.276884671354357,0.217064011434865,0.0741439532632257,0.750529358992678,0.697948505255747,0.0951102604225773,0.679422841404497,0.487132115988731,0.719398975483996,0.561320867353655,0.125414987670368,0.0127969750235245,-0.0539952762266698,-3.05509643311673e-06
"tau_given_omega_near","post_production_exploratory_heterogeneity_sensitivity",0.5,"primary","mlma_cr2","all_non_null","all","abs_tau_plan_minus_true | omega_near","[0.15,Inf)",51,204,0.395429412599644,0.320934919581952,0.235936148257878,0.693427920134564,0.547273213549807,0.0790656986847494,0.47208218337484,0.299507970269133,0.842513911876717,0.921037907877883,0.189395174994146,0.0135820634431378,-0.146708574083138,-7.6806929064291e-05
"tau_given_omega_near","post_production_exploratory_heterogeneity_sensitivity",0.5,"primary","mlma_cr2","all_non_null","all","abs_tau_plan_minus_true | omega_near","[0.05,0.10)",91,393,0.175822264097426,0.130697140099706,0.0309547276392835,0.894456476252986,0.873445978971778,0.0390558569579641,0.864485343451314,0.762907878181967,0.655815972073495,0.342896641900198,0.0753059384171902,0.0123675122935967,-0.0211049710118362,-0.00156560825383623
"tau_given_omega_near","post_production_exploratory_heterogeneity_sensitivity",0.5,"primary","mlma_cr2","all_non_null","all","abs_tau_plan_minus_true | omega_near","[0.025,0.05)",85,255,0.0864714748304493,0.0595505578165985,0.0112990047728512,0.973275909854245,0.968381686486305,0.00182425407778939,0.972608563504169,0.93776309072206,0.41604800834614,0.161425833782242,0.0379996380518417,0.0130347308668917,-0.0108476141734344,-0.000907706587721213
"tau_given_omega_near","post_production_exploratory_heterogeneity_sensitivity",0.5,"primary","mlma_cr2","all_non_null","all","abs_tau_plan_minus_true | omega_near","[0,0.025)",80,240,0.0485166697330365,0.0310362781705797,0.00547182254315556,0.992288982335951,0.990157992818715,-0.00132285900238347,0.991473493388021,0.980412850742787,0.205657890378135,0.0611424100639957,0.0122978091567936,0.0125802795035321,0.000108761230475624,-0.00142049303395542
"omega_given_tau_near","post_production_exploratory_heterogeneity_sensitivity",0.5,"primary","mlma_cr2","all_non_null","all","abs_omega_plan_minus_true | tau_near","[0.05,0.10)",89,381,0.0833768738815822,0.0522062144178555,0.0147680984059098,0.976553455026226,0.971647622911689,-0.000525877203156813,0.971694647918809,0.944099103109935,0.395438178750632,0.103220633040596,0.0119260806755344,0.0729580263552626,-0.00066418861909351,-0.022389352218731
"omega_given_tau_near","post_production_exploratory_heterogeneity_sensitivity",0.5,"primary","mlma_cr2","all_non_null","all","abs_omega_plan_minus_true | tau_near","[0.10,0.15)",87,267,0.119605025660306,0.0772500028391887,0.0249186137841576,0.953438235102274,0.94220305970326,0.00681887381481579,0.93677136505572,0.887746605714186,0.544419895658161,0.163209312354734,0.011971991235799,0.120890591193107,0.000683313123788263,-0.0494305715353864
"omega_given_tau_near","post_production_exploratory_heterogeneity_sensitivity",0.5,"primary","mlma_cr2","all_non_null","all","abs_omega_plan_minus_true | tau_near","[0.025,0.05)",80,240,0.0668530979506234,0.0402153348102959,0.00167323222987788,0.983376247314395,0.981070665739455,0.0047406261008215,0.986636560560174,0.962499651174458,0.262069008599686,0.0734919563399984,0.0119921033242193,0.0376328569678917,-0.000250838409997247,-0.00459939216085547
"omega_given_tau_near","post_production_exploratory_heterogeneity_sensitivity",0.5,"primary","mlma_cr2","all_non_null","all","abs_omega_plan_minus_true | tau_near","[0.15,Inf)",51,207,0.162018601921873,0.107463120201049,0.0901570012688545,0.955263976529863,0.924379285532396,-0.023797962272182,0.875531069428275,0.854477063521383,0.656835505926372,0.259750899343895,0.0116554150097182,0.184532177751192,-0.000884382593402501,-0.152496303177302
"omega_given_tau_near","post_production_exploratory_heterogeneity_sensitivity",0.5,"primary","mlma_cr2","all_non_null","all","abs_omega_plan_minus_true | tau_near","[0,0.025)",80,240,0.0485166697330365,0.0310362781705797,0.00547182254315556,0.992288982335951,0.990157992818715,-0.00132285900238347,0.991473493388021,0.980412850742787,0.205657890378135,0.0611424100639957,0.0122978091567936,0.0125802795035321,0.000108761230475624,-0.00142049303395542
"signed_tau_misspec","post_production_exploratory_heterogeneity_sensitivity",0.5,"primary","mlma_cr2","all_non_null","broad","tau_plan_minus_true","[-0.15,-0.10)",55,825,0.314710752835052,0.246576385804325,0.245890048110519,0.928727054175345,0.821520823866167,-0.0871548072347028,0.74613076462239,0.674896464045746,0.78254599061844,0.854749761008571,0.125274016573021,0.0825073866717214,-0.125274016573021,-0.0364985292921657
"signed_tau_misspec","post_production_exploratory_heterogeneity_sensitivity",0.5,"primary","mlma_cr2","all_non_null","broad","tau_plan_minus_true","< -0.15",36,810,0.440555463302799,0.367173966093995,0.367173966093995,0.859673703094032,0.691026682379079,-0.0744596880560052,0.570243365894786,0.477517875759837,0.920935287727202,1.44735733082258,0.191874667683528,0.0850425700373283,-0.191874667683528,-0.0397369638030088
"signed_tau_misspec","post_production_exploratory_heterogeneity_sensitivity",0.5,"primary","mlma_cr2","all_non_null","broad","tau_plan_minus_true","[-0.05,-0.025)",43,645,0.150665481528958,0.0974728302943378,0.0854115784726315,0.958971400280408,0.935749967835218,-0.0358399009326548,0.905597450088437,0.875628002303611,0.651400422468371,0.229723900621725,0.0378553919366583,0.0822979975312888,-0.0378553919366583,-0.0400435662781711
"signed_tau_misspec","post_production_exploratory_heterogeneity_sensitivity",0.5,"primary","mlma_cr2","all_non_null","broad","tau_plan_minus_true","[-0.10,-0.05)",73,1095,0.224014047925624,0.162014573039419,0.157367471734375,0.944549814934649,0.890305150569017,-0.0693161799730397,0.851684922120706,0.79264326112972,0.790976352897989,0.459960858829065,0.0749547961849077,0.0848110197151003,-0.0749547961849077,-0.0409044504652998
"signed_tau_misspec","post_production_exploratory_heterogeneity_sensitivity",0.5,"primary","mlma_cr2","all_non_null","broad","tau_plan_minus_true","near [-0.025,0.025)",71,1065,0.105241768753223,0.0634132943951091,0.0279101671300739,0.966425913707419,0.956443134960074,-0.000964946536679108,0.946562589233268,0.914783470412255,0.656835505926372,0.11340000352086,0.0123347758457571,0.0838106157172225,-0.000877208120477409,-0.0404618367389759
"signed_tau_misspec","post_production_exploratory_heterogeneity_sensitivity",0.5,"primary","mlma_cr2","all_non_null","broad","tau_plan_minus_true","[0.05,0.10)",44,660,0.176581870816716,0.120770112614859,-0.116039184764662,0.951560940446591,0.922480587568167,0.126780952014848,0.975383439792956,0.850970434440111,0.689783880068368,0.229943297907062,0.0731010755623243,0.084791233861041,0.0731010755623243,-0.0410952855848008
"signed_tau_misspec","post_production_exploratory_heterogeneity_sensitivity",0.5,"primary","mlma_cr2","all_non_null","broad","tau_plan_minus_true","[0.025,0.05)",28,420,0.108154505747643,0.0651054891118641,-0.0492052394518268,0.970085018017567,0.958714190389464,0.0613167490253656,0.974835775464371,0.919132898854126,0.59819110196548,0.106346367613965,0.0373009467059122,0.0842944528780262,0.0373009467059122,-0.0361367087426104
"signed_tau_misspec","post_production_exploratory_heterogeneity_sensitivity",0.5,"primary","mlma_cr2","all_non_null","broad","tau_plan_minus_true","[0.10,0.15)",25,375,0.288600287439525,0.220666529458368,-0.220650167541044,0.919370619044363,0.841389557496891,0.256276125057164,0.910016184165727,0.707936387464815,0.744590372208781,0.386824265294938,0.121730545097541,0.0874534208189393,0.121730545097541,-0.0471763050814415
"signed_tau_misspec","post_production_exploratory_heterogeneity_sensitivity",0.5,"primary","mlma_cr2","all_non_null","broad","tau_plan_minus_true",">= 0.15",7,105,0.389792640298063,0.320611656346811,-0.320611656346811,0.906060989736792,0.774075624720734,0.312517969236884,1.02593190288798,0.599193072786794,0.798620404385834,0.527740532725635,0.160698976774376,0.076148192602263,0.160698976774376,-0.028685979162609
"signed_omega_misspec","post_production_exploratory_heterogeneity_sensitivity",0.5,"primary","mlma_cr2","all_non_null","broad","omega_plan_minus_true","[-0.10,-0.05)",72,1080,0.265001568223695,0.181299492988846,0.11344413817614,0.792851675909061,0.757010237723614,0.0396449992579255,0.729076752352411,0.573064500018362,0.879829570370043,0.357508958043094,0.0842091840302135,0.0744023097888897,-0.0388927930343942,-0.0744023097888897
"signed_omega_misspec","post_production_exploratory_heterogeneity_sensitivity",0.5,"primary","mlma_cr2","all_non_null","broad","omega_plan_minus_true","[-0.15,-0.10)",55,825,0.280964173707745,0.193957832653809,0.144610461937011,0.799651336699104,0.754055053707851,0.0188562932418373,0.717678320576796,0.56859902402235,0.892233869995943,0.395085128449101,0.0823963774465844,0.124132427517278,-0.037308630913857,-0.124132427517278
"signed_omega_misspec","post_production_exploratory_heterogeneity_sensitivity",0.5,"primary","mlma_cr2","all_non_null","broad","omega_plan_minus_true","< -0.15",37,825,0.311625706483744,0.217927048091667,0.183621790141152,0.775570763917065,0.72538037726227,0.0111246061648043,0.680223187207804,0.526176691717154,0.920935287727202,0.441602866205349,0.0832875217935558,0.19102899559005,-0.038306381820608,-0.19102899559005
"signed_omega_misspec","post_production_exploratory_heterogeneity_sensitivity",0.5,"primary","mlma_cr2","all_non_null","broad","omega_plan_minus_true","[-0.05,-0.025)",43,645,0.244279387874512,0.163842370028592,0.105365459678808,0.822893322591308,0.791954568641296,0.0237600473787588,0.764959335308744,0.627192038791821,0.919426425540983,0.329615370594048,0.0844321407129422,0.0377967738604747,-0.0456781711556021,-0.0377967738604747
"signed_omega_misspec","post_production_exploratory_heterogeneity_sensitivity",0.5,"primary","mlma_cr2","all_non_null","broad","omega_plan_minus_true","near [-0.025,0.025)",71,1065,0.228701228924599,0.150148984598885,0.0652723954209783,0.825347541995448,0.795994058536944,0.0514714527753988,0.776243853802774,0.633606541226115,0.842513911876717,0.276902643039297,0.0847577518373482,0.0122814874653138,-0.0404073416007991,-0.000720356537636586
"signed_omega_misspec","post_production_exploratory_heterogeneity_sensitivity",0.5,"primary","mlma_cr2","all_non_null","broad","omega_plan_minus_true","[0.025,0.05)",28,420,0.227819940677075,0.149701828958638,0.022638397960748,0.805880567471536,0.779951828967838,0.0900775880450588,0.773875617712947,0.608324855510275,0.767016512026473,0.24499110562307,0.0843810374230092,0.0375330151808428,-0.0372475343988897,0.0375330151808428
"signed_omega_misspec","post_production_exploratory_heterogeneity_sensitivity",0.5,"primary","mlma_cr2","all_non_null","broad","omega_plan_minus_true","[0.05,0.10)",43,645,0.22285720696854,0.148700878098374,0.0114980528145263,0.818520582065454,0.790518923247225,0.0860958666314955,0.801224896926426,0.624920168011952,0.804384344998638,0.272819445989848,0.0837554748040023,0.0725952722847985,-0.037385052920533,0.0725952722847985
"signed_omega_misspec","post_production_exploratory_heterogeneity_sensitivity",0.5,"primary","mlma_cr2","all_non_null","broad","omega_plan_minus_true","[0.10,0.15)",25,375,0.227057808984574,0.154149572293861,-0.00549482400571088,0.801432261694534,0.774874656142381,0.108494659912722,0.789803229010559,0.600430732731773,0.798620404385834,0.278232967940279,0.0879726442064498,0.119618271013806,-0.04579330335262,0.119618271013806
"signed_omega_misspec","post_production_exploratory_heterogeneity_sensitivity",0.5,"primary","mlma_cr2","all_non_null","broad","omega_plan_minus_true",">= 0.15",8,120,0.194593792014841,0.1193822844508,-0.0159052615962442,0.879266330669908,0.839681880661136,0.0793344786392135,0.860433081500733,0.705065660710621,0.743939417245283,0.210776902024861,0.0835069518185017,0.158767445836864,-0.0495657732001563,0.158767445836864
"abs_tau_misspec","post_production_exploratory_heterogeneity_sensitivity",0.5,"primary","mlma_cr2","all_non_null","broad","abs_tau_plan_minus_true","[0.10,0.15)",80,1200,0.306790040887182,0.238479555696213,0.100096230719405,0.697276193696712,0.643998655563618,0.108766731227093,0.62271342252701,0.414734268367747,0.78254599061844,0.579204042077878,0.124166681736933,0.084053022342727,-0.0480850910509704,-0.0398353342263144
"abs_tau_misspec","post_production_exploratory_heterogeneity_sensitivity",0.5,"primary","mlma_cr2","all_non_null","broad","abs_tau_plan_minus_true","[0.15,Inf)",43,915,0.435031191538479,0.361830750221368,0.288247747125378,0.660143756549035,0.497620596488169,0.0732393449318524,0.434090343904269,0.247626258049241,0.920935287727202,1.25085967782062,0.188297129382478,0.084021903774288,-0.151415397008031,-0.0384688180246023
"abs_tau_misspec","post_production_exploratory_heterogeneity_sensitivity",0.5,"primary","mlma_cr2","all_non_null","broad","abs_tau_plan_minus_true","[0.025,0.05)",71,1065,0.13550276095756,0.0847082450392778,0.0323232559108733,0.938728019739304,0.926287607905094,0.00857063567504293,0.919473587170621,0.85800873255854,0.651400422468371,0.167677659269712,0.0376367374794627,0.0830853320342275,-0.00821627247198262,-0.0385028337289359
"abs_tau_misspec","post_production_exploratory_heterogeneity_sensitivity",0.5,"primary","mlma_cr2","all_non_null","broad","abs_tau_plan_minus_true","[0.05,0.10)",80,1755,0.20745256589365,0.146503835785738,0.0545478744184981,0.858696896286309,0.830949401318327,0.0438066561578015,0.815993470447186,0.690476907551286,0.790976352897989,0.330810709900846,0.0742576704806883,0.0848035788810951,-0.0192756649295384,-0.0409762175187874
"abs_tau_misspec","post_production_exploratory_heterogeneity_sensitivity",0.5,"primary","mlma_cr2","all_non_null","broad","abs_tau_plan_minus_true","[0,0.025)",71,1065,0.105241768753223,0.0634132943951091,0.0279101671300739,0.966425913707419,0.956443134960074,-0.000964946536679108,0.946562589233268,0.914783470412255,0.656835505926372,0.11340000352086,0.0123347758457571,0.0838106157172225,-0.000877208120477409,-0.0404618367389759
"abs_omega_misspec","post_production_exploratory_heterogeneity_sensitivity",0.5,"primary","mlma_cr2","all_non_null","broad","abs_omega_plan_minus_true","[0.05,0.10)",80,1725,0.250075975161628,0.169110445681974,0.0753251671278842,0.79120444262048,0.76058163349257,0.0626201822817921,0.743291640013024,0.578484421206226,0.879829570370043,0.321519622941587,0.0840395362325867,0.0737266348960556,-0.0383290293396461,-0.0194379964917715
"abs_omega_misspec","post_production_exploratory_heterogeneity_sensitivity",0.5,"primary","mlma_cr2","all_non_null","broad","abs_omega_plan_minus_true","[0.10,0.15)",80,1200,0.265297684107449,0.181517751291325,0.0977025600799103,0.777207010239721,0.742141721357245,0.0572828347216353,0.718821177508401,0.550774334579095,0.892233869995943,0.356753904653075,0.0841389608090424,0.122721753609943,-0.0399600910509704,-0.0479603342263144
"abs_omega_misspec","post_production_exploratory_heterogeneity_sensitivity",0.5,"primary","mlma_cr2","all_non_null","broad","abs_omega_plan_minus_true","[0.15,Inf)",45,945,0.299311800660131,0.205413427311875,0.158285021666562,0.770033295337384,0.724513708394355,0.0299803225268925,0.680572523045201,0.524920113651341,0.920935287727202,0.39995812309765,0.0833153859237076,0.186932290859487,-0.0397361458053126,-0.146610399853299
"abs_omega_misspec","post_production_exploratory_heterogeneity_sensitivity",0.5,"primary","mlma_cr2","all_non_null","broad","abs_omega_plan_minus_true","[0.025,0.05)",71,1065,0.23792435601062,0.158265818620723,0.0727407029449249,0.808057223596062,0.780971150424123,0.0536360364646368,0.761237744445724,0.609915937794778,0.919426425540983,0.285325424674938,0.0844119873028278,0.0376927563530142,-0.0423534129980254,-0.00808925142164523
"abs_omega_misspec","post_production_exploratory_heterogeneity_sensitivity",0.5,"primary","mlma_cr2","all_non_null","broad","abs_omega_plan_minus_true","[0,0.025)",71,1065,0.228701228924599,0.150148984598885,0.0652723954209783,0.825347541995448,0.795994058536944,0.0514714527753988,0.776243853802774,0.633606541226115,0.842513911876717,0.276902643039297,0.0847577518373482,0.0122814874653138,-0.0404073416007991,-0.000720356537636586
"joint_direction","post_production_exploratory_heterogeneity_sensitivity",0.5,"primary","mlma_cr2","all_non_null","broad","joint_tau_omega_direction","both_under",80,1899,0.3452574528086,0.265043436967583,0.265043436967411,0.882359992170253,0.776350372194962,-0.0802399640439704,0.714254082174187,0.602719900407256,0.920935287727202,0.813159729997145,0.107492818877936,0.107543209558423,-0.107492818877936,-0.107543209558423
"joint_direction","post_production_exploratory_heterogeneity_sensitivity",0.5,"primary","mlma_cr2","all_non_null","broad","joint_tau_omega_direction","omega_near_tau_under",71,603,0.262120251875083,0.184133684217625,0.184110005367741,0.907777280226999,0.846918480672658,-0.0552669835782774,0.778249627394322,0.717270912904883,0.842513911876717,0.469785555006484,0.108470462255729,0.0121095814519678,-0.108470462255729,-0.000114202432992311
"joint_direction","post_production_exploratory_heterogeneity_sensitivity",0.5,"primary","mlma_cr2","all_non_null","broad","joint_tau_omega_direction","mixed_tau_under_omega_over",53,873,0.215964840204145,0.14520305321655,0.12983073522731,0.908035623813747,0.867629923340431,-0.0321840735478925,0.821587174557916,0.752781683875723,0.804384344998638,0.323856617850245,0.109650884683406,0.0817602728100128,-0.109650884683406,0.0817602728100128
"joint_direction","post_production_exploratory_heterogeneity_sensitivity",0.5,"primary","mlma_cr2","all_non_null","broad","joint_tau_omega_direction","tau_near_omega_under",71,603,0.117306966166286,0.0736713486509007,0.06929989486159,0.977078122862981,0.962350497724652,-0.0338874263571352,0.93299252153839,0.926118480470886,0.656835505926372,0.159532873080137,0.0120818690650214,0.107757041382234,-0.00066301097749305,-0.107757041382234
"joint_direction","post_production_exploratory_heterogeneity_sensitivity",0.5,"primary","mlma_cr2","all_non_null","broad","joint_tau_omega_direction","both_near",62,186,0.0508707563269042,0.0327770732763827,0.00655332292007671,0.99142080256715,0.989181534984804,-0.0015293657518351,0.989738775853931,0.978480109154893,0.205657890378135,0.0657580211965732,0.012807848348486,0.0122787258348065,-0.00055477009891938,-0.000598532008618313
"joint_direction","post_production_exploratory_heterogeneity_sensitivity",0.5,"primary","mlma_cr2","all_non_null","broad","joint_tau_omega_direction","tau_near_omega_over",48,276,0.104544983342169,0.061647824872793,-0.0481247343157402,0.977225923944923,0.963735577357522,0.0496080357313206,0.996783312513965,0.928786263064636,0.544419895658161,0.0899346544879349,0.0125685124518299,0.0796991550002928,-0.00156247750174321,0.0796991550002928
"joint_direction","post_production_exploratory_heterogeneity_sensitivity",0.5,"primary","mlma_cr2","all_non_null","broad","joint_tau_omega_direction","mixed_tau_over_omega_under",53,873,0.168923793065601,0.107154063772601,-0.0960290088374637,0.934763579894109,0.914634456833115,0.120225058484678,0.946912496111157,0.836556189626408,0.751127347610074,0.152016839271227,0.08096178269208,0.109438186564286,0.08096178269208,-0.109438186564286
"joint_direction","post_production_exploratory_heterogeneity_sensitivity",0.5,"primary","mlma_cr2","all_non_null","broad","joint_tau_omega_direction","omega_near_tau_over",47,276,0.223544847312485,0.154998265888325,-0.154790399190364,0.933901463323546,0.885073620303299,0.172287673828167,0.957724648548995,0.783355313356789,0.755488396290028,0.241721956778535,0.0814386129483793,0.0126589258324226,0.0814386129483793,-0.00212677062277389
"joint_direction","post_production_exploratory_heterogeneity_sensitivity",0.5,"primary","mlma_cr2","all_non_null","broad","joint_tau_omega_direction","both_over",36,411,0.287518807607453,0.212023681648258,-0.211933392620692,0.912028530229414,0.830149823172676,0.239749072680463,0.928216085380154,0.689148728913625,0.798620404385834,0.33477385362233,0.0809702214028365,0.0805914286788996,0.0809702214028365,0.0805914286788996
"one_component_correct","post_production_exploratory_heterogeneity_sensitivity",0.5,"primary","mlma_cr2","all_non_null","broad","one_component_near","neither_near",80,4056,0.283491721552466,0.199893240406904,0.109891955022767,0.749651399088537,0.710259131565946,0.0665439451832419,0.683787617540527,0.504468033972811,0.920935287727202,0.41431101956645,0.0995592905977725,0.0996705836223459,-0.0482977534741277,-0.0481420849289687
"one_component_correct","post_production_exploratory_heterogeneity_sensitivity",0.5,"primary","mlma_cr2","all_non_null","broad","one_component_near","omega_near_tau_misspecified",71,879,0.250648059702575,0.1749853617388,0.077697591649838,0.79546651099086,0.758453203560685,0.061922238666209,0.735842071340854,0.575251261991466,0.842513911876717,0.375509493458474,0.0999826460909641,0.0122820718376396,-0.0488403089493198,-0.000746135106916903
"one_component_correct","post_production_exploratory_heterogeneity_sensitivity",0.5,"primary","mlma_cr2","all_non_null","broad","one_component_near","tau_near_omega_misspecified",71,879,0.113454504607413,0.0698960442564096,0.0324293628332133,0.961499237429053,0.950039843365198,-0.0010903745639572,0.938228247431964,0.90257570398137,0.656835505926372,0.130109785766456,0.0122346717666814,0.0989470565797133,-0.000945437326404364,-0.048897075282601
"one_component_correct","post_production_exploratory_heterogeneity_sensitivity",0.5,"primary","mlma_cr2","all_non_null","broad","one_component_near","both_near",62,186,0.0508707563269042,0.0327770732763827,0.00655332292007671,0.99142080256715,0.989181534984804,-0.0015293657518351,0.989738775853931,0.978480109154893,0.205657890378135,0.0657580211965732,0.012807848348486,0.0122787258348065,-0.00055477009891938,-0.000598532008618313
"abs_tau_x_abs_omega","post_production_exploratory_heterogeneity_sensitivity",0.5,"primary","mlma_cr2","all_non_null","broad","abs_tau_and_abs_omega","[0.10,0.15) x [0.05,0.10)",80,345,0.307292813487853,0.240967875210442,0.0858384579042056,0.683575034969431,0.633674455946506,0.123077243739064,0.618680276120014,0.4015433161191,0.739258466913609,0.603873582081067,0.125301098579556,0.0737266348960556,-0.0470246815135592,-0.0194379964917715
"abs_tau_x_abs_omega","post_production_exploratory_heterogeneity_sensitivity",0.5,"primary","mlma_cr2","all_non_null","broad","abs_tau_and_abs_omega","[0.10,0.15) x [0.10,0.15)",80,240,0.323037011565494,0.250323016641412,0.112600771075707,0.664525112860422,0.612153535875343,0.118620026353575,0.591552607761449,0.374731951484685,0.755427040704553,0.555217817942762,0.124166681736933,0.122721753609943,-0.0480850910509704,-0.0479603342263144
"abs_tau_x_abs_omega","post_production_exploratory_heterogeneity_sensitivity",0.5,"primary","mlma_cr2","all_non_null","broad","abs_tau_and_abs_omega","[0.10,0.15) x [0.15,Inf)",45,189,0.323476440230854,0.241746402208111,0.146834848022417,0.703425326375344,0.647700197647243,0.0818882047071162,0.604239852294464,0.419515546032277,0.78254599061844,0.509649235751858,0.12027470601154,0.186932290859487,-0.0397361458053126,-0.146610399853299
"abs_tau_x_abs_omega","post_production_exploratory_heterogeneity_sensitivity",0.5,"primary","mlma_cr2","all_non_null","broad","abs_tau_and_abs_omega","[0.10,0.15) x [0.025,0.05)",71,213,0.29326047689298,0.232379174589464,0.0877785877206242,0.719554759354717,0.664747889416956,0.102973956516128,0.649569266995447,0.441889756484297,0.717330862515422,0.605926776958696,0.12410131735939,0.0376927563530142,-0.0522125679276028,-0.00808925142164523
"abs_tau_x_abs_omega","post_production_exploratory_heterogeneity_sensitivity",0.5,"primary","mlma_cr2","all_non_null","broad","abs_tau_and_abs_omega","[0.10,0.15) x [0,0.025)",71,213,0.284388290978232,0.224306064267726,0.0799455322414839,0.739248008680088,0.683618982469476,0.0989460047616668,0.666507841423786,0.467334913192601,0.719398975483996,0.573296394325306,0.12584805363276,0.0122814874653138,-0.0530833979388273,-0.000720356537636586
"abs_tau_x_abs_omega","post_production_exploratory_heterogeneity_sensitivity",0.5,"primary","mlma_cr2","all_non_null","broad","abs_tau_and_abs_omega","[0.15,Inf) x [0.05,0.10)",43,258,0.434107956759399,0.364999933683531,0.272084980802195,0.640899966337462,0.469316249120359,0.0964661873139253,0.423656381492974,0.220257741688403,0.879829570370043,1.34028692028016,0.1884482964947,0.0742013860989935,-0.14372015330325,-0.0209599838909194
"abs_tau_x_abs_omega","post_production_exploratory_heterogeneity_sensitivity",0.5,"primary","mlma_cr2","all_non_null","broad","abs_tau_and_abs_omega","[0.15,Inf) x [0.10,0.15)",43,183,0.431821573718597,0.358466866020971,0.284311772626517,0.659926140103607,0.499677410734464,0.0735982682190391,0.436216319351269,0.249677514798298,0.892233869995943,1.17367277945078,0.188297129382478,0.123724397677226,-0.151415397008031,-0.0401081622868974
"abs_tau_x_abs_omega","post_production_exploratory_heterogeneity_sensitivity",0.5,"primary","mlma_cr2","all_non_null","broad","abs_tau_and_abs_omega","[0.15,Inf) x [0.15,Inf)",24,144,0.486769259555929,0.407132316868187,0.378357917895356,0.692948527313657,0.514277438163635,0.0244789626194976,0.400247021596699,0.264481283404151,0.920935287727202,1.80828392908232,0.188198334242092,0.18624471242549,-0.168019366284155,-0.14685550367276
"abs_tau_x_abs_omega","post_production_exploratory_heterogeneity_sensitivity",0.5,"primary","mlma_cr2","all_non_null","broad","abs_tau_and_abs_omega","[0.15,Inf) x [0.025,0.05)",40,168,0.417068886721138,0.34623452085061,0.275036456855692,0.68970444097842,0.535058332569959,0.0609761950470796,0.471178082221989,0.286287419252545,0.919426425540983,1.15388923703934,0.187098767499885,0.0377693087698478,-0.152560441641348,-0.00770676097485343
"abs_tau_x_abs_omega","post_production_exploratory_heterogeneity_sensitivity",0.5,"primary","mlma_cr2","all_non_null","broad","abs_tau_and_abs_omega","[0.15,Inf) x [0,0.025)",39,162,0.408842891138007,0.336489283632353,0.252037310206263,0.669909572460239,0.524459139982004,0.0801101414297881,0.461122425911593,0.275057389510663,0.842513911876717,1.04933431454475,0.189386945317895,0.0119138092740484,-0.147724247635649,-5.90776388815144e-05
"abs_tau_x_abs_omega","post_production_exploratory_heterogeneity_sensitivity",0.5,"primary","mlma_cr2","all_non_null","broad","abs_tau_and_abs_omega","[0.025,0.05) x [0.05,0.10)",71,309,0.119461710547903,0.078954997142993,0.019497014963329,0.951092225065465,0.941082435303859,0.0088915931191882,0.943231065813564,0.885636150037441,0.469885864164272,0.163443773339598,0.03788010108236,0.0736286189190945,-0.010113627442564,-0.0186643052967542
"abs_tau_x_abs_omega","post_production_exploratory_heterogeneity_sensitivity",0.5,"primary","mlma_cr2","all_non_null","broad","abs_tau_and_abs_omega","[0.025,0.05) x [0.10,0.15)",71,213,0.15166750800331,0.0959297186210627,0.0399367849594579,0.924297058249943,0.908961638247749,0.0108997914667222,0.901373528846482,0.826211259806032,0.535937701685569,0.164523619032121,0.0376367374794627,0.122978308896872,-0.00821627247198262,-0.0483619886585134
"abs_tau_x_abs_omega","post_production_exploratory_heterogeneity_sensitivity",0.5,"primary","mlma_cr2","all_non_null","broad","abs_tau_and_abs_omega","[0.025,0.05) x [0.15,Inf)",39,162,0.208332110710019,0.13102183130487,0.103655709808892,0.897318698533216,0.861863692454557,-0.00567733992664198,0.827174599756163,0.742809024371404,0.651400422468371,0.207760224117946,0.0373605699597414,0.185776230930304,-0.00316072313693206,-0.14431754936135
"abs_tau_x_abs_omega","post_production_exploratory_heterogeneity_sensitivity",0.5,"primary","mlma_cr2","all_non_null","broad","abs_tau_and_abs_omega","[0.025,0.05) x [0.025,0.05)",62,186,0.0987892749204307,0.0696434686944654,0.00902032751397963,0.962377698025447,0.95823136198436,0.00799917742585882,0.965353409102706,0.918207343090401,0.394800791417029,0.18582010470385,0.0377056518234782,0.0376250921772153,-0.00876839329504729,-0.00760018238042113
"abs_tau_x_abs_omega","post_production_exploratory_heterogeneity_sensitivity",0.5,"primary","mlma_cr2","all_non_null","broad","abs_tau_and_abs_omega","[0.025,0.05) x [0,0.025)",65,195,0.0846908691937641,0.0574612047938465,0.00729819906874904,0.974113770596699,0.969295928330945,0.00302651133434843,0.978425264773953,0.939534596678949,0.41604800834614,0.153098299451908,0.0374147975661944,0.0125448154858823,-0.00888305110418012,-0.000738805543893647
"abs_tau_x_abs_omega","post_production_exploratory_heterogeneity_sensitivity",0.5,"primary","mlma_cr2","all_non_null","broad","abs_tau_and_abs_omega","[0.05,0.10) x [0.05,0.10)",80,504,0.198745864563581,0.144125518440632,0.0391436948018479,0.865279234807009,0.839739862515844,0.0491579350330282,0.831628054427709,0.705163036698129,0.673070571822207,0.336314066215008,0.0745239820012239,0.073571703631364,-0.0187039767046289,-0.0193427324549608
"abs_tau_x_abs_omega","post_production_exploratory_heterogeneity_sensitivity",0.5,"primary","mlma_cr2","all_non_null","broad","abs_tau_and_abs_omega","[0.05,0.10) x [0.10,0.15)",80,351,0.221432963102537,0.156064961540603,0.0642252661371438,0.841867474388555,0.810287702635145,0.0465547016164225,0.796432917482795,0.656566161041742,0.665879852306926,0.303140386186415,0.0742576704806883,0.122304109463151,-0.0192756649295384,-0.0490958756384455
"abs_tau_x_abs_omega","post_production_exploratory_heterogeneity_sensitivity",0.5,"primary","mlma_cr2","all_non_null","broad","abs_tau_and_abs_omega","[0.05,0.10) x [0.15,Inf)",45,285,0.25663044725631,0.17177080591989,0.12105752954588,0.825675231598181,0.784290225931278,0.0241264963088528,0.753174828257687,0.615111158491334,0.790976352897989,0.282882554244664,0.0734397217643999,0.187634278096063,-0.017879697535078,-0.147411221642312
"abs_tau_x_abs_omega","post_production_exploratory_heterogeneity_sensitivity",0.5,"primary","mlma_cr2","all_non_null","broad","abs_tau_and_abs_omega","[0.05,0.10) x [0.025,0.05)",71,306,0.181877632082565,0.132100480149781,0.0324968675446691,0.884553389410198,0.863417545364102,0.0409535418447472,0.857694609503144,0.745489857642571,0.621265576642153,0.336508901168587,0.0740680454253036,0.0377187007651636,-0.0215038260825169,-0.00840161736311405
"abs_tau_x_abs_omega","post_production_exploratory_heterogeneity_sensitivity",0.5,"primary","mlma_cr2","all_non_null","broad","abs_tau_and_abs_omega","[0.05,0.10) x [0,0.025)",71,309,0.175512211878031,0.130481366977795,0.0291734356665077,0.89466950914833,0.872683907253007,0.0392289321493891,0.865515250337492,0.761577201978374,0.655815972073495,0.341071664523802,0.0747655010461899,0.0123097352525259,-0.0192891414990017,-0.0011287351388521
"abs_tau_x_abs_omega","post_production_exploratory_heterogeneity_sensitivity",0.5,"primary","mlma_cr2","all_non_null","broad","abs_tau_and_abs_omega","[0,0.025) x [0.05,0.10)",71,309,0.0874359866305761,0.0562306263824867,0.0141447264332781,0.97448565692786,0.968599221292224,0.00121447633472218,0.969203580861925,0.938184451487902,0.395438178750632,0.111639938987877,0.012474505930636,0.0736809600867598,-0.000849015526174051,-0.0190962842096771
"abs_tau_x_abs_omega","post_production_exploratory_heterogeneity_sensitivity",0.5,"primary","mlma_cr2","all_non_null","broad","abs_tau_and_abs_omega","[0,0.025) x [0.10,0.15)",71,213,0.122199612637491,0.0794953497970699,0.0335222020496155,0.954237839885196,0.941506732410839,0.000834670421506988,0.93261388591631,0.886434927174936,0.544419895658161,0.167080880487188,0.0123347758457571,0.122292002225414,-0.000877208120477409,-0.0524336677248914
"abs_tau_x_abs_omega","post_production_exploratory_heterogeneity_sensitivity",0.5,"primary","mlma_cr2","all_non_null","broad","abs_tau_and_abs_omega","[0,0.025) x [0.15,Inf)",39,165,0.17342936032903,0.118899083665527,0.0972751400734338,0.945348119330816,0.913224097506096,-0.0250413913777745,0.869795884462037,0.833978252265823,0.656835505926372,0.279803714125553,0.0116231945122984,0.187454876560087,-0.00144234265586556,-0.147264415731025
"abs_tau_x_abs_omega","post_production_exploratory_heterogeneity_sensitivity",0.5,"primary","mlma_cr2","all_non_null","broad","abs_tau_and_abs_omega","[0,0.025) x [0.025,0.05)",64,192,0.0648956851241276,0.0391276095708735,0.00491699121784805,0.984803149353255,0.982058771522762,0.00152201766493397,0.986518584565812,0.964439430724797,0.262069008599686,0.0734919563399984,0.0122631239618276,0.037649973751727,-0.000749279918969519,-0.00839988297705799
"abs_tau_x_abs_omega","post_production_exploratory_heterogeneity_sensitivity",0.5,"primary","mlma_cr2","all_non_null","broad","abs_tau_and_abs_omega","[0,0.025) x [0,0.025)",62,186,0.0508707563269042,0.0327770732763827,0.00655332292007671,0.99142080256715,0.989181534984804,-0.0015293657518351,0.989738775853931,0.978480109154893,0.205657890378135,0.0657580211965732,0.012807848348486,0.0122787258348065,-0.00055477009891938,-0.000598532008618313
"tau_given_omega_near","post_production_exploratory_heterogeneity_sensitivity",0.5,"primary","mlma_cr2","all_non_null","broad","abs_tau_plan_minus_true | omega_near","[0.10,0.15)",71,213,0.284388290978232,0.224306064267726,0.0799455322414839,0.739248008680088,0.683618982469476,0.0989460047616668,0.666507841423786,0.467334913192601,0.719398975483996,0.573296394325306,0.12584805363276,0.0122814874653138,-0.0530833979388273,-0.000720356537636586
"tau_given_omega_near","post_production_exploratory_heterogeneity_sensitivity",0.5,"primary","mlma_cr2","all_non_null","broad","abs_tau_plan_minus_true | omega_near","[0.15,Inf)",39,162,0.408842891138007,0.336489283632353,0.252037310206263,0.669909572460239,0.524459139982004,0.0801101414297881,0.461122425911593,0.275057389510663,0.842513911876717,1.04933431454475,0.189386945317895,0.0119138092740484,-0.147724247635649,-5.90776388815144e-05
"tau_given_omega_near","post_production_exploratory_heterogeneity_sensitivity",0.5,"primary","mlma_cr2","all_non_null","broad","abs_tau_plan_minus_true | omega_near","[0.05,0.10)",71,309,0.175512211878031,0.130481366977795,0.0291734356665077,0.89466950914833,0.872683907253007,0.0392289321493891,0.865515250337492,0.761577201978374,0.655815972073495,0.341071664523802,0.0747655010461899,0.0123097352525259,-0.0192891414990017,-0.0011287351388521
"tau_given_omega_near","post_production_exploratory_heterogeneity_sensitivity",0.5,"primary","mlma_cr2","all_non_null","broad","abs_tau_plan_minus_true | omega_near","[0.025,0.05)",65,195,0.0846908691937641,0.0574612047938465,0.00729819906874904,0.974113770596699,0.969295928330945,0.00302651133434843,0.978425264773953,0.939534596678949,0.41604800834614,0.153098299451908,0.0374147975661944,0.0125448154858823,-0.00888305110418012,-0.000738805543893647
"tau_given_omega_near","post_production_exploratory_heterogeneity_sensitivity",0.5,"primary","mlma_cr2","all_non_null","broad","abs_tau_plan_minus_true | omega_near","[0,0.025)",62,186,0.0508707563269042,0.0327770732763827,0.00655332292007671,0.99142080256715,0.989181534984804,-0.0015293657518351,0.989738775853931,0.978480109154893,0.205657890378135,0.0657580211965732,0.012807848348486,0.0122787258348065,-0.00055477009891938,-0.000598532008618313
"omega_given_tau_near","post_production_exploratory_heterogeneity_sensitivity",0.5,"primary","mlma_cr2","all_non_null","broad","abs_omega_plan_minus_true | tau_near","[0.05,0.10)",71,309,0.0874359866305761,0.0562306263824867,0.0141447264332781,0.97448565692786,0.968599221292224,0.00121447633472218,0.969203580861925,0.938184451487902,0.395438178750632,0.111639938987877,0.012474505930636,0.0736809600867598,-0.000849015526174051,-0.0190962842096771
"omega_given_tau_near","post_production_exploratory_heterogeneity_sensitivity",0.5,"primary","mlma_cr2","all_non_null","broad","abs_omega_plan_minus_true | tau_near","[0.10,0.15)",71,213,0.122199612637491,0.0794953497970699,0.0335222020496155,0.954237839885196,0.941506732410839,0.000834670421506988,0.93261388591631,0.886434927174936,0.544419895658161,0.167080880487188,0.0123347758457571,0.122292002225414,-0.000877208120477409,-0.0524336677248914
"omega_given_tau_near","post_production_exploratory_heterogeneity_sensitivity",0.5,"primary","mlma_cr2","all_non_null","broad","abs_omega_plan_minus_true | tau_near","[0.025,0.05)",64,192,0.0648956851241276,0.0391276095708735,0.00491699121784805,0.984803149353255,0.982058771522762,0.00152201766493397,0.986518584565812,0.964439430724797,0.262069008599686,0.0734919563399984,0.0122631239618276,0.037649973751727,-0.000749279918969519,-0.00839988297705799
"omega_given_tau_near","post_production_exploratory_heterogeneity_sensitivity",0.5,"primary","mlma_cr2","all_non_null","broad","abs_omega_plan_minus_true | tau_near","[0.15,Inf)",39,165,0.17342936032903,0.118899083665527,0.0972751400734338,0.945348119330816,0.913224097506096,-0.0250413913777745,0.869795884462037,0.833978252265823,0.656835505926372,0.279803714125553,0.0116231945122984,0.187454876560087,-0.00144234265586556,-0.147264415731025
"omega_given_tau_near","post_production_exploratory_heterogeneity_sensitivity",0.5,"primary","mlma_cr2","all_non_null","broad","abs_omega_plan_minus_true | tau_near","[0,0.025)",62,186,0.0508707563269042,0.0327770732763827,0.00655332292007671,0.99142080256715,0.989181534984804,-0.0015293657518351,0.989738775853931,0.978480109154893,0.205657890378135,0.0657580211965732,0.012807848348486,0.0122787258348065,-0.00055477009891938,-0.000598532008618313
"signed_tau_misspec","post_production_exploratory_heterogeneity_sensitivity",0.5,"primary","mlma_cr2","all_non_null","targeted","tau_plan_minus_true","< -0.15",8,150,0.428622742622347,0.344492395548302,0.344492395548302,0.865627554443498,0.717058056469651,-0.0149502233683042,0.445233523069297,0.514172256348033,0.898006614750978,1.13844566839735,0.202552525888197,0.0922735562134534,-0.202552525888197,-0.0840444872993976
"signed_tau_misspec","post_production_exploratory_heterogeneity_sensitivity",0.5,"primary","mlma_cr2","all_non_null","targeted","tau_plan_minus_true","[-0.05,-0.025)",16,240,0.130706972597253,0.0874933487857713,0.0768004651820251,0.970386067799554,0.953777947995508,-0.0286505048551932,0.902121311894526,0.909692374082522,0.56373838497393,0.264254607370944,0.0419580086116912,0.0802579312932213,-0.0419580086116912,-0.0443394023284783
"signed_tau_misspec","post_production_exploratory_heterogeneity_sensitivity",0.5,"primary","mlma_cr2","all_non_null","targeted","tau_plan_minus_true","[-0.10,-0.05)",18,270,0.21725277437348,0.156663314003531,0.144460279128217,0.941466897372755,0.890759495737179,-0.0588413191857224,0.855462988846118,0.793452479245954,0.691499770108544,0.44883548380476,0.0872833598068811,0.0790553097050223,-0.0872833598068811,-0.0448636052178012
"signed_tau_misspec","post_production_exploratory_heterogeneity_sensitivity",0.5,"primary","mlma_cr2","all_non_null","targeted","tau_plan_minus_true","[-0.15,-0.10)",14,210,0.315161123707196,0.237507554716303,0.237507554716303,0.932378784645152,0.817971888272184,-0.0873041560535801,0.766653073946676,0.669078010003563,0.814769136192344,0.610674919845358,0.136507176894561,0.0839282553350287,-0.136507176894561,-0.0605389209943159
"signed_tau_misspec","post_production_exploratory_heterogeneity_sensitivity",0.5,"primary","mlma_cr2","all_non_null","targeted","tau_plan_minus_true","near [-0.025,0.025)",18,270,0.0803625202299473,0.0456533811759351,0.0108625918061997,0.970179118399947,0.973574472848705,0.00196759740614558,0.973564742162676,0.947847254182634,0.367353848339813,0.0677335287559763,0.01054100749652,0.0780214951804115,0.00239425803172508,-0.0431405810101166
"signed_tau_misspec","post_production_exploratory_heterogeneity_sensitivity",0.5,"primary","mlma_cr2","all_non_null","targeted","tau_plan_minus_true","[0.05,0.10)",10,150,0.176465271037359,0.138230185637314,-0.127630761998102,0.935927557997947,0.930345100053787,0.16695294469736,0.919765912546406,0.865542005194091,0.484982109731284,0.314467548092294,0.0693130848370493,0.0696774040818215,0.0693130848370493,-0.0281290068030358
"signed_tau_misspec","post_production_exploratory_heterogeneity_sensitivity",0.5,"primary","mlma_cr2","all_non_null","targeted","tau_plan_minus_true","[0.10,0.15)",6,90,0.286003505041562,0.230956025554771,-0.228034207151934,0.924818626663698,0.858968049046866,0.201633371164301,1.07627940163936,0.737826109283378,0.67274173577277,0.418821989383463,0.111075265592275,0.0668254472349461,0.111075265592275,-0.013597967613799
"signed_tau_misspec","post_production_exploratory_heterogeneity_sensitivity",0.5,"primary","mlma_cr2","all_non_null","targeted","tau_plan_minus_true","[0.025,0.05)",6,90,0.0956745758411372,0.0651244028487666,-0.0638108423746519,0.982029851596141,0.976436379376336,0.0798060497048973,0.969591518466996,0.953428002969567,0.318092015720595,0.108966098853105,0.0377798758028077,0.0699702262347564,0.0377798758028077,-0.0299503770579273
"signed_tau_misspec","post_production_exploratory_heterogeneity_sensitivity",0.5,"primary","mlma_cr2","all_non_null","targeted","tau_plan_minus_true",">= 0.15",2,30,0.389590015490554,0.293932964139752,-0.293932964139752,0.873811649058055,0.69117260185691,0.221964919657123,1.2990984928575,0.47771956555765,0.761383736772573,0.417512941875839,0.163225796776824,0.0764763417048382,0.163225796776824,-0.060793902841397
"signed_omega_misspec","post_production_exploratory_heterogeneity_sensitivity",0.5,"primary","mlma_cr2","all_non_null","targeted","omega_plan_minus_true","< -0.15",12,210,0.316796675666142,0.216310817681143,0.177813526780473,0.781066558849305,0.69365531370708,0.0370748885453396,0.585211017620719,0.481157694234067,0.898006614750978,0.564455569461782,0.0950839481039771,0.176807449674899,-0.0663885057438165,-0.176807449674899
"signed_omega_misspec","post_production_exploratory_heterogeneity_sensitivity",0.5,"primary","mlma_cr2","all_non_null","targeted","omega_plan_minus_true","[-0.10,-0.05)",20,300,0.244929969035997,0.162894477896428,0.0924097435880826,0.827588121906361,0.788686208525232,0.0421248046760973,0.754937593830007,0.622025935517905,0.787511912579822,0.350604088394103,0.0828150577494874,0.0764566349801608,-0.0422324441485106,-0.0764566349801608
"signed_omega_misspec","post_production_exploratory_heterogeneity_sensitivity",0.5,"primary","mlma_cr2","all_non_null","targeted","omega_plan_minus_true","[-0.15,-0.10)",14,210,0.283185707590216,0.190478325022659,0.143248334307161,0.816780678856395,0.748467686532275,0.0259014932556938,0.682915827618174,0.560203877782976,0.815176156772164,0.471347864082699,0.0905929396421249,0.123509478543087,-0.0560463487835866,-0.123509478543087
"signed_omega_misspec","post_production_exploratory_heterogeneity_sensitivity",0.5,"primary","mlma_cr2","all_non_null","targeted","omega_plan_minus_true","[-0.05,-0.025)",10,150,0.203157207524939,0.138532417645461,0.0707219140934967,0.86845822655663,0.855026756798368,0.0165895872294576,0.827172608452409,0.731070754841135,0.716993772138446,0.369151322395046,0.0851092807378619,0.0368296791249886,-0.0466657660603522,-0.0368296791249886
"signed_omega_misspec","post_production_exploratory_heterogeneity_sensitivity",0.5,"primary","mlma_cr2","all_non_null","targeted","omega_plan_minus_true","near [-0.025,0.025)",20,300,0.197859615191737,0.129395350606599,0.050722879839329,0.873501832850928,0.847367487007993,0.0391894857449293,0.822760800787339,0.718031658038241,0.756302306380802,0.292956901320667,0.0828150577494874,0.0146269558551722,-0.0422324441485106,-0.0014566349801608
"signed_omega_misspec","post_production_exploratory_heterogeneity_sensitivity",0.5,"primary","mlma_cr2","all_non_null","targeted","omega_plan_minus_true","[0.025,0.05)",10,150,0.199168993288807,0.126444673444685,-0.0183936640963733,0.839018218811342,0.829379199933318,0.120465498810777,0.810897653452571,0.68786985728203,0.761383736772573,0.219743155291747,0.0742334229145199,0.0385335687492042,-0.0153201024923473,0.0385335687492042
"signed_omega_misspec","post_production_exploratory_heterogeneity_sensitivity",0.5,"primary","mlma_cr2","all_non_null","targeted","omega_plan_minus_true","[0.05,0.10)",6,90,0.140367469668606,0.100625567340267,-0.0119603253398546,0.920449469716408,0.910151837850181,0.0800192317538104,0.883366375447603,0.828376367942062,0.371332551383515,0.194356135950826,0.0646666666666667,0.0666666666666667,-0.0233333333333333,0.0666666666666667
"signed_omega_misspec","post_production_exploratory_heterogeneity_sensitivity",0.5,"primary","mlma_cr2","all_non_null","targeted","omega_plan_minus_true","[0.10,0.15)",6,90,0.177678522633251,0.127317547921841,-0.10493901264735,0.904621580397922,0.903797530570428,0.164374095543191,0.882651715842377,0.816849976265204,0.548692735674992,0.25096215928326,0.0646666666666667,0.116666666666667,-0.01,0.116666666666667
"abs_tau_misspec","post_production_exploratory_heterogeneity_sensitivity",0.5,"primary","mlma_cr2","all_non_null","targeted","abs_tau_plan_minus_true","[0.15,Inf)",12,210,0.407818861158411,0.319767552547585,0.235786705650513,0.687024310159253,0.517202566363703,0.0974175440651547,0.428198345404875,0.2674984946532,0.898006614750978,0.775832737047329,0.189426918031116,0.0862634461103008,-0.14279097609488,-0.0644309056197693
"abs_tau_misspec","post_production_exploratory_heterogeneity_sensitivity",0.5,"primary","mlma_cr2","all_non_null","targeted","abs_tau_plan_minus_true","[0.025,0.05)",20,300,0.121879414295119,0.0811516994804386,0.0353833217865952,0.951020656876701,0.942449185401107,0.000407059031426366,0.927248572961164,0.88821046706321,0.56373838497393,0.233531702013147,0.0399003696301952,0.0787974129050039,-0.0172324441485106,-0.0464566349801608
"abs_tau_misspec","post_production_exploratory_heterogeneity_sensitivity",0.5,"primary","mlma_cr2","all_non_null","targeted","abs_tau_plan_minus_true","[0.10,0.15)",18,300,0.29883891660999,0.226367152696538,0.0817248449336588,0.709283765888649,0.652932124288168,0.114505971400764,0.627036579353971,0.426320358927459,0.814769136192344,0.552809670609084,0.123877603503875,0.0785974129050039,-0.0572324441485106,-0.0474566349801608
"abs_tau_misspec","post_production_exploratory_heterogeneity_sensitivity",0.5,"primary","mlma_cr2","all_non_null","targeted","abs_tau_plan_minus_true","[0.05,0.10)",20,420,0.198181949936095,0.146763947500547,0.0478821832071165,0.850958845309982,0.845053496802726,0.0431704451771925,0.836365170781831,0.714115412458514,0.691499770108544,0.365691601589726,0.0772939758890841,0.0757060576967363,-0.0277846295769059,-0.0388869629268136
"abs_tau_misspec","post_production_exploratory_heterogeneity_sensitivity",0.5,"primary","mlma_cr2","all_non_null","targeted","abs_tau_plan_minus_true","[0,0.025)",18,270,0.0803625202299473,0.0456533811759351,0.0108625918061997,0.970179118399947,0.973574472848705,0.00196759740614558,0.973564742162676,0.947847254182634,0.367353848339813,0.0677335287559763,0.01054100749652,0.0780214951804115,0.00239425803172508,-0.0431405810101166
"abs_omega_misspec","post_production_exploratory_heterogeneity_sensitivity",0.5,"primary","mlma_cr2","all_non_null","targeted","abs_omega_plan_minus_true","[0.15,Inf)",14,240,0.311388940975552,0.211633061648592,0.170881047435913,0.779326526505438,0.708870957982338,0.0329933449678948,0.626266124628967,0.502498035070798,0.898006614750978,0.534369577911578,0.09119845459098,0.173456518465537,-0.0605899425258394,-0.173456518465537
"abs_omega_misspec","post_production_exploratory_heterogeneity_sensitivity",0.5,"primary","mlma_cr2","all_non_null","targeted","abs_omega_plan_minus_true","[0.05,0.10)",20,390,0.223493512516333,0.147470278090643,0.0666984020155479,0.829938597044154,0.810595662516041,0.0497148691700873,0.790369911285477,0.657065328089819,0.787511912579822,0.319696939254542,0.0786269674996057,0.0703512576770468,-0.0378711108834697,-0.039582026907816
"abs_omega_misspec","post_production_exploratory_heterogeneity_sensitivity",0.5,"primary","mlma_cr2","all_non_null","targeted","abs_omega_plan_minus_true","[0.10,0.15)",18,300,0.251856987949997,0.16931119554018,0.0582387069315914,0.765072259063117,0.748431438648404,0.0796062869572303,0.734704543997293,0.56014961835732,0.815176156772164,0.350033581427808,0.0828150577494874,0.116456634980161,-0.0382324441485106,-0.0464566349801608
"abs_omega_misspec","post_production_exploratory_heterogeneity_sensitivity",0.5,"primary","mlma_cr2","all_non_null","targeted","abs_omega_plan_minus_true","[0.025,0.05)",18,270,0.200816399909113,0.131321501706561,0.0295510027236586,0.849424592527962,0.837489842571165,0.0587174556362688,0.826018775257806,0.701389236409874,0.761383736772573,0.271814761695226,0.0814126131402121,0.0363129154856627,-0.0366588158626108,0.006502160902342
"abs_omega_misspec","post_production_exploratory_heterogeneity_sensitivity",0.5,"primary","mlma_cr2","all_non_null","targeted","abs_omega_plan_minus_true","[0,0.025)",20,300,0.197859615191737,0.129395350606599,0.050722879839329,0.873501832850928,0.847367487007993,0.0391894857449293,0.822760800787339,0.718031658038241,0.756302306380802,0.292956901320667,0.0828150577494874,0.0146269558551722,-0.0422324441485106,-0.0014566349801608
"joint_direction","post_production_exploratory_heterogeneity_sensitivity",0.5,"primary","mlma_cr2","all_non_null","targeted","joint_tau_omega_direction","both_under",20,540,0.314246969319232,0.22889956502003,0.225329745371529,0.896625409633017,0.800072148436296,-0.0381036891671808,0.670825516455337,0.64011544270347,0.898006614750978,0.602568544202743,0.111726111160436,0.108474283800409,-0.111726111160436,-0.108474283800409
"joint_direction","post_production_exploratory_heterogeneity_sensitivity",0.5,"primary","mlma_cr2","all_non_null","targeted","joint_tau_omega_direction","omega_near_tau_under",20,174,0.217802295773663,0.151117754755815,0.151117754755813,0.955104282096681,0.900187181083526,-0.0494133227228467,0.813628984949797,0.810336960987105,0.729482500942156,0.42451183721688,0.106535419822703,0.017127349745675,-0.106535419822703,-8.56051394908974e-05
"joint_direction","post_production_exploratory_heterogeneity_sensitivity",0.5,"primary","mlma_cr2","all_non_null","targeted","joint_tau_omega_direction","mixed_tau_under_omega_over",14,156,0.153595445552126,0.0958185248325598,0.0706043654027976,0.919842197602053,0.914245989856183,-0.019753573327697,0.92082316592793,0.835845729968112,0.672962230064501,0.160255601238835,0.0885676421151639,0.0674136671483015,-0.0885676421151639,0.0674136671483015
"joint_direction","post_production_exploratory_heterogeneity_sensitivity",0.5,"primary","mlma_cr2","all_non_null","targeted","joint_tau_omega_direction","tau_near_omega_under",18,150,0.0833396719561827,0.0457162441263161,0.0447717675146775,0.982907796517464,0.979831938964724,-0.0235274663053248,0.954949140226722,0.960070628615371,0.36101692993081,0.0866998003251366,0.011310241486132,0.105829150404409,0.00251175206415357,-0.105829150404409
"joint_direction","post_production_exploratory_heterogeneity_sensitivity",0.5,"primary","mlma_cr2","all_non_null","targeted","joint_tau_omega_direction","both_near",18,54,0.0393444057183519,0.0250402061394804,0.00174665457820494,0.989022298456261,0.993542278254772,-0.000693103553224859,0.9977877166644,0.987126258679683,0.105925715623078,0.0477913813089201,0.01054100749652,0.0136189643624757,0.00239425803172508,-0.00425169212122767
"joint_direction","post_production_exploratory_heterogeneity_sensitivity",0.5,"primary","mlma_cr2","all_non_null","targeted","joint_tau_omega_direction","tau_near_omega_over",14,66,0.0967878167581093,0.0623758358639866,-0.0587452225265267,0.95748330943955,0.973026561642622,0.0767400552690473,0.965666792297733,0.946780689662063,0.367353848339813,0.0856542379260274,0.00879274842921979,0.0675152585223655,0.00212722613984216,0.0675152585223655
"joint_direction","post_production_exploratory_heterogeneity_sensitivity",0.5,"primary","mlma_cr2","all_non_null","targeted","joint_tau_omega_direction","mixed_tau_over_omega_under",12,180,0.20732533184957,0.136726245854345,-0.125775703383193,0.875157183683726,0.873449834803755,0.172297542905273,0.899617470341289,0.762914613918707,0.752385688101263,0.237492396676882,0.080968997848065,0.0948750637538422,0.080968997848065,-0.0948750637538422
"joint_direction","post_production_exploratory_heterogeneity_sensitivity",0.5,"primary","mlma_cr2","all_non_null","targeted","joint_tau_omega_direction","omega_near_tau_over",12,72,0.217522444159041,0.155165898929665,-0.155165898929665,0.90326841961365,0.890100052201997,0.18760223905237,0.925903108731372,0.792278102929998,0.756302306380802,0.28400112642406,0.0796963870956098,0.00934033090597959,0.0796963870956098,-0.00267366423931292
"joint_direction","post_production_exploratory_heterogeneity_sensitivity",0.5,"primary","mlma_cr2","all_non_null","targeted","joint_tau_omega_direction","both_over",12,108,0.240874584348643,0.189047095827686,-0.189047095827686,0.918949399247877,0.891656123044797,0.209538790898482,0.950025354373191,0.795050641763278,0.761383736772573,0.357289275477471,0.077575369174851,0.0676620016182358,0.077575369174851,0.0676620016182358
"one_component_correct","post_production_exploratory_heterogeneity_sensitivity",0.5,"primary","mlma_cr2","all_non_null","targeted","one_component_near","neither_near",20,984,0.268633270195255,0.186566326816939,0.0910931204726597,0.761623940578764,0.733785034811695,0.0688661078080947,0.705812714787985,0.538440477313601,0.898006614750978,0.391736982682618,0.0986800931708705,0.0949976148148545,-0.0520285495051477,-0.0587699151199266
"one_component_correct","post_production_exploratory_heterogeneity_sensitivity",0.5,"primary","mlma_cr2","all_non_null","targeted","one_component_near","omega_near_tau_misspecified",20,246,0.217720425217875,0.152302577440845,0.0614737585551855,0.851508874967948,0.817817036094242,0.0471386930745807,0.788738285994689,0.668824704525971,0.756302306380802,0.371645392651139,0.0986800931708705,0.0148482222803983,-0.0520285495051477,-0.000843085851633927
"one_component_correct","post_production_exploratory_heterogeneity_sensitivity",0.5,"primary","mlma_cr2","all_non_null","targeted","one_component_near","tau_near_omega_misspecified",18,216,0.0876679688187385,0.0508066749350488,0.0131415761131984,0.965749040357,0.96871648554626,0.00256848783221423,0.967782344111058,0.938411629369097,0.367353848339813,0.0862411702653581,0.01054100749652,0.0941221278848955,0.00239425803172508,-0.0528628032323388
"one_component_correct","post_production_exploratory_heterogeneity_sensitivity",0.5,"primary","mlma_cr2","all_non_null","targeted","one_component_near","both_near",18,54,0.0393444057183519,0.0250402061394804,0.00174665457820494,0.989022298456261,0.993542278254772,-0.000693103553224859,0.9977877166644,0.987126258679683,0.105925715623078,0.0477913813089201,0.01054100749652,0.0136189643624757,0.00239425803172508,-0.00425169212122767
"abs_tau_x_abs_omega","post_production_exploratory_heterogeneity_sensitivity",0.5,"primary","mlma_cr2","all_non_null","targeted","abs_tau_and_abs_omega","[0.15,Inf) x [0.15,Inf)",10,42,0.515088673091319,0.427444189559969,0.348851332720921,0.56946472206753,0.30118836466123,0.152774781772696,0.217904601810364,0.090714431007306,0.898006614750978,1.13956438475523,0.195483360705631,0.179157448180153,-0.148847418769396,-0.179157448180153
"abs_tau_x_abs_omega","post_production_exploratory_heterogeneity_sensitivity",0.5,"primary","mlma_cr2","all_non_null","targeted","abs_tau_and_abs_omega","[0.15,Inf) x [0.05,0.10)",12,48,0.383678393581042,0.303247977944572,0.230682329213972,0.755287124759838,0.596859692385627,0.0580239074628122,0.530600638741883,0.356241492394665,0.787511912579822,0.724384054679399,0.184498553277226,0.0726270424172981,-0.14369210408302,-0.0526270424172981
"abs_tau_x_abs_omega","post_production_exploratory_heterogeneity_sensitivity",0.5,"primary","mlma_cr2","all_non_null","targeted","abs_tau_and_abs_omega","[0.15,Inf) x [0.10,0.15)",12,42,0.428339735516436,0.335953439277147,0.256169089574726,0.625045605537553,0.466817519172308,0.107875668523637,0.396386822042284,0.217918596206188,0.815176156772164,0.781313839728611,0.189426918031116,0.123002334191198,-0.14279097609488,-0.0858594770483407
"abs_tau_x_abs_omega","post_production_exploratory_heterogeneity_sensitivity",0.5,"primary","mlma_cr2","all_non_null","targeted","abs_tau_and_abs_omega","[0.15,Inf) x [0.025,0.05)",10,36,0.341219265415565,0.265920084339377,0.159185240464649,0.775202838822274,0.615043190407646,0.0864547030956773,0.527331691688334,0.378278126066816,0.761383736772573,0.743922476462791,0.188932221249367,0.0304947485425508,-0.134523622323759,0.0036782430973835
"abs_tau_x_abs_omega","post_production_exploratory_heterogeneity_sensitivity",0.5,"primary","mlma_cr2","all_non_null","targeted","abs_tau_and_abs_omega","[0.15,Inf) x [0,0.025)",12,42,0.338752444744429,0.260939515387546,0.173831666456965,0.79891394807792,0.637373361949595,0.0729775841936695,0.526070372348116,0.40624480252293,0.756302306380802,0.649172049446004,0.189426918031116,0.0200167580953401,-0.14279097609488,-0.000145191334055001
"abs_tau_x_abs_omega","post_production_exploratory_heterogeneity_sensitivity",0.5,"primary","mlma_cr2","all_non_null","targeted","abs_tau_and_abs_omega","[0.025,0.05) x [0.15,Inf)",14,48,0.144732374925051,0.092905014735613,0.0865495394080616,0.944219763860099,0.940608755635872,-0.0274988788351388,0.871956164903062,0.884744831178864,0.56373838497393,0.32203237955023,0.0389248493779452,0.173456518465537,-0.0230899425258394,-0.173456518465537
"abs_tau_x_abs_omega","post_production_exploratory_heterogeneity_sensitivity",0.5,"primary","mlma_cr2","all_non_null","targeted","abs_tau_and_abs_omega","[0.025,0.05) x [0.05,0.10)",20,78,0.123266385754966,0.0865764833244033,0.0317876588607592,0.955419254955987,0.940326899738,0.00634775811296596,0.926721334194246,0.884214678370879,0.466010672277182,0.257382686420766,0.0406925920232271,0.0703512576770468,-0.0109480339603928,-0.039582026907816
"abs_tau_x_abs_omega","post_production_exploratory_heterogeneity_sensitivity",0.5,"primary","mlma_cr2","all_non_null","targeted","abs_tau_and_abs_omega","[0.025,0.05) x [0.10,0.15)",18,60,0.154876260870654,0.102955177467764,0.0423037207305286,0.920915889492207,0.907364585766098,0.013777831781079,0.888650966849413,0.823310491502482,0.561993745754638,0.300098181974435,0.0399003696301952,0.116456634980161,-0.0232324441485106,-0.0464566349801608
"abs_tau_x_abs_omega","post_production_exploratory_heterogeneity_sensitivity",0.5,"primary","mlma_cr2","all_non_null","targeted","abs_tau_and_abs_omega","[0.025,0.05) x [0.025,0.05)",18,54,0.076793548964379,0.0550988052040798,-0.000280359060191211,0.978883171336001,0.975212724113132,0.00893441880923619,0.981876822232321,0.951039857272156,0.212624904741564,0.142682523614811,0.039623177508927,0.0363129154856627,-0.0144365936403886,0.006502160902342
"abs_tau_x_abs_omega","post_production_exploratory_heterogeneity_sensitivity",0.5,"primary","mlma_cr2","all_non_null","targeted","abs_tau_and_abs_omega","[0.025,0.05) x [0,0.025)",20,60,0.0920207966802384,0.0663409551405426,0.0243016233111833,0.974159488746874,0.966543653792046,-0.00248418012517534,0.954629477824089,0.934206634685678,0.24034585860009,0.179854037443775,0.0399003696301952,0.0146269558551722,-0.0172324441485106,-0.0014566349801608
"abs_tau_x_abs_omega","post_production_exploratory_heterogeneity_sensitivity",0.5,"primary","mlma_cr2","all_non_null","targeted","abs_tau_and_abs_omega","[0.10,0.15) x [0.15,Inf)",14,48,0.388548431198725,0.305311743443061,0.257713535725057,0.799120474601924,0.628108904014413,0.0189135889493624,0.56253374723415,0.394520795302187,0.814769136192344,0.776467428141945,0.132646391720045,0.173456518465537,-0.104339942525839,-0.173456518465537
"abs_tau_x_abs_omega","post_production_exploratory_heterogeneity_sensitivity",0.5,"primary","mlma_cr2","all_non_null","targeted","abs_tau_and_abs_omega","[0.10,0.15) x [0.05,0.10)",18,78,0.287641363205329,0.21736126355333,0.0637583251235542,0.728125002243089,0.671381940095036,0.125000994958181,0.646309517370884,0.450753709485775,0.708467774920922,0.536606007326836,0.119905848849135,0.0703512576770468,-0.0532557262680851,-0.0411204884462775
"abs_tau_x_abs_omega","post_production_exploratory_heterogeneity_sensitivity",0.5,"primary","mlma_cr2","all_non_null","targeted","abs_tau_and_abs_omega","[0.10,0.15) x [0.10,0.15)",16,60,0.309688830679383,0.236604325825834,0.0381612971019048,0.610187869754046,0.590069656170967,0.161587751816388,0.590137948802548,0.348182199133723,0.717183784212975,0.567472706128817,0.123877603503875,0.115456634980161,-0.0332324441485106,-0.0474566349801608
"abs_tau_x_abs_omega","post_production_exploratory_heterogeneity_sensitivity",0.5,"primary","mlma_cr2","all_non_null","targeted","abs_tau_and_abs_omega","[0.10,0.15) x [0.025,0.05)",16,54,0.259417243134384,0.196730751560969,0.0309532538170155,0.767154625327938,0.722649096719238,0.110975242606626,0.713414711207601,0.522221716989131,0.67274173577277,0.498408027118263,0.121820104035238,0.0363129154856627,-0.0477699269737219,-0.000164505764324665
"abs_tau_x_abs_omega","post_production_exploratory_heterogeneity_sensitivity",0.5,"primary","mlma_cr2","all_non_null","targeted","abs_tau_and_abs_omega","[0.10,0.15) x [0,0.025)",18,60,0.248423059395664,0.191354723878206,0.0535483478904093,0.799121907909143,0.749554459354058,0.0815201122930378,0.728758083380769,0.561831887537554,0.658883127012162,0.525107024066343,0.123877603503875,0.0146269558551722,-0.0572324441485106,0.0025433650198392
"abs_tau_x_abs_omega","post_production_exploratory_heterogeneity_sensitivity",0.5,"primary","mlma_cr2","all_non_null","targeted","abs_tau_and_abs_omega","[0.05,0.10) x [0.15,Inf)",14,60,0.238218755240157,0.184972622746031,0.120382777556908,0.861911337123521,0.816962366142919,-0.00353465810983327,0.785421330134301,0.667427507693836,0.56496641106023,0.528832339145273,0.0824510761168786,0.169750327889808,-0.0371379912798292,-0.169750327889808
"abs_tau_x_abs_omega","post_production_exploratory_heterogeneity_sensitivity",0.5,"primary","mlma_cr2","all_non_null","targeted","abs_tau_and_abs_omega","[0.05,0.10) x [0.05,0.10)",20,114,0.198441808546169,0.14679874663626,0.0546588877916482,0.852199169487343,0.845431581491064,0.0429873559755639,0.834444608471844,0.714754558982482,0.637221164711717,0.355775489117209,0.0753745085498514,0.0697061832092311,-0.0252097270566675,-0.0349693411039679
"abs_tau_x_abs_omega","post_production_exploratory_heterogeneity_sensitivity",0.5,"primary","mlma_cr2","all_non_null","targeted","abs_tau_and_abs_omega","[0.05,0.10) x [0.10,0.15)",18,84,0.20386588350924,0.150196461470363,0.0282329571856066,0.835380142823482,0.828441639806422,0.0648219438565156,0.828823109363946,0.686315550565154,0.691499770108544,0.351811337096271,0.0772939758890841,0.114601248641099,-0.0292132010054774,-0.0317441057839564
"abs_tau_x_abs_omega","post_production_exploratory_heterogeneity_sensitivity",0.5,"primary","mlma_cr2","all_non_null","targeted","abs_tau_and_abs_omega","[0.05,0.10) x [0.025,0.05)",18,78,0.178322008227504,0.130073167209974,0.0145416966724113,0.85340282010353,0.868671718501448,0.0614066164941502,0.859819370468998,0.754590554524259,0.484982109731284,0.351533705311364,0.0761323510558129,0.0382280852459371,-0.0228145934888519,0.00989756284209969
"abs_tau_x_abs_omega","post_production_exploratory_heterogeneity_sensitivity",0.5,"primary","mlma_cr2","all_non_null","targeted","abs_tau_and_abs_omega","[0.05,0.10) x [0,0.025)",20,84,0.176958138610153,0.131490876941023,0.0375073373962802,0.885913046496276,0.875493773221209,0.0380744674888527,0.861587782149408,0.766489346949109,0.57673357723698,0.366412769665294,0.0772939758890841,0.0125800492661074,-0.0277846295769059,-0.00317267721252786
"abs_tau_x_abs_omega","post_production_exploratory_heterogeneity_sensitivity",0.5,"primary","mlma_cr2","all_non_null","targeted","abs_tau_and_abs_omega","[0,0.025) x [0.15,Inf)",12,42,0.105889437660923,0.0625361208763137,0.0621928845365786,0.981439484353813,0.969026520872384,-0.0238099632162849,0.914350534741928,0.939012398154038,0.36101692993081,0.145194382617333,0.0117819955352958,0.173050146716248,0.00130760336627382,-0.173050146716248
"abs_tau_x_abs_omega","post_production_exploratory_heterogeneity_sensitivity",0.5,"primary","mlma_cr2","all_non_null","targeted","abs_tau_and_abs_omega","[0,0.025) x [0.05,0.10)",18,72,0.0630561794484603,0.0349347797363131,0.0174434031217876,0.975123428289842,0.984603306803178,-0.00841864242624121,0.982717021602053,0.969443671767753,0.22753354906765,0.0413071227963145,0.00957242228905664,0.0698554357575874,0.000129026857127146,-0.0365221024242541
"abs_tau_x_abs_omega","post_production_exploratory_heterogeneity_sensitivity",0.5,"primary","mlma_cr2","all_non_null","targeted","abs_tau_and_abs_omega","[0,0.025) x [0.10,0.15)",16,54,0.108768948332278,0.068393356505324,-0.00901776215181511,0.952272040384212,0.950848939213086,0.0259746553162102,0.963980929022065,0.904113705202652,0.367353848339813,0.135580341104246,0.01054100749652,0.115362803232339,0.00683870247616953,-0.037585025454561
"abs_tau_x_abs_omega","post_production_exploratory_heterogeneity_sensitivity",0.5,"primary","mlma_cr2","all_non_null","targeted","abs_tau_and_abs_omega","[0,0.025) x [0.025,0.05)",16,48,0.0741679427856708,0.0445662357679857,-0.0113018037220028,0.967216673903604,0.978103900615753,0.0182353902307953,0.985829399068952,0.95668724039975,0.242992892881102,0.076647157428618,0.0109080207737861,0.0375643898325506,0.00174292762589184,0.0106025711039546
"abs_tau_x_abs_omega","post_production_exploratory_heterogeneity_sensitivity",0.5,"primary","mlma_cr2","all_non_null","targeted","abs_tau_and_abs_omega","[0,0.025) x [0,0.025)",18,54,0.0393444057183519,0.0250402061394804,0.00174665457820494,0.989022298456261,0.993542278254772,-0.000693103553224859,0.9977877166644,0.987126258679683,0.105925715623078,0.0477913813089201,0.01054100749652,0.0136189643624757,0.00239425803172508,-0.00425169212122767
"tau_given_omega_near","post_production_exploratory_heterogeneity_sensitivity",0.5,"primary","mlma_cr2","all_non_null","targeted","abs_tau_plan_minus_true | omega_near","[0.15,Inf)",12,42,0.338752444744429,0.260939515387546,0.173831666456965,0.79891394807792,0.637373361949595,0.0729775841936695,0.526070372348116,0.40624480252293,0.756302306380802,0.649172049446004,0.189426918031116,0.0200167580953401,-0.14279097609488,-0.000145191334055001
"tau_given_omega_near","post_production_exploratory_heterogeneity_sensitivity",0.5,"primary","mlma_cr2","all_non_null","targeted","abs_tau_plan_minus_true | omega_near","[0.10,0.15)",18,60,0.248423059395664,0.191354723878206,0.0535483478904093,0.799121907909143,0.749554459354058,0.0815201122930378,0.728758083380769,0.561831887537554,0.658883127012162,0.525107024066343,0.123877603503875,0.0146269558551722,-0.0572324441485106,0.0025433650198392
"tau_given_omega_near","post_production_exploratory_heterogeneity_sensitivity",0.5,"primary","mlma_cr2","all_non_null","targeted","abs_tau_plan_minus_true | omega_near","[0.05,0.10)",20,84,0.176958138610153,0.131490876941023,0.0375073373962802,0.885913046496276,0.875493773221209,0.0380744674888527,0.861587782149408,0.766489346949109,0.57673357723698,0.366412769665294,0.0772939758890841,0.0125800492661074,-0.0277846295769059,-0.00317267721252786
"tau_given_omega_near","post_production_exploratory_heterogeneity_sensitivity",0.5,"primary","mlma_cr2","all_non_null","targeted","abs_tau_plan_minus_true | omega_near","[0.025,0.05)",20,60,0.0920207966802384,0.0663409551405426,0.0243016233111833,0.974159488746874,0.966543653792046,-0.00248418012517534,0.954629477824089,0.934206634685678,0.24034585860009,0.179854037443775,0.0399003696301952,0.0146269558551722,-0.0172324441485106,-0.0014566349801608
"tau_given_omega_near","post_production_exploratory_heterogeneity_sensitivity",0.5,"primary","mlma_cr2","all_non_null","targeted","abs_tau_plan_minus_true | omega_near","[0,0.025)",18,54,0.0393444057183519,0.0250402061394804,0.00174665457820494,0.989022298456261,0.993542278254772,-0.000693103553224859,0.9977877166644,0.987126258679683,0.105925715623078,0.0477913813089201,0.01054100749652,0.0136189643624757,0.00239425803172508,-0.00425169212122767
"omega_given_tau_near","post_production_exploratory_heterogeneity_sensitivity",0.5,"primary","mlma_cr2","all_non_null","targeted","abs_omega_plan_minus_true | tau_near","[0.15,Inf)",12,42,0.105889437660923,0.0625361208763137,0.0621928845365786,0.981439484353813,0.969026520872384,-0.0238099632162849,0.914350534741928,0.939012398154038,0.36101692993081,0.145194382617333,0.0117819955352958,0.173050146716248,0.00130760336627382,-0.173050146716248
"omega_given_tau_near","post_production_exploratory_heterogeneity_sensitivity",0.5,"primary","mlma_cr2","all_non_null","targeted","abs_omega_plan_minus_true | tau_near","[0.10,0.15)",16,54,0.108768948332278,0.068393356505324,-0.00901776215181511,0.952272040384212,0.950848939213086,0.0259746553162102,0.963980929022065,0.904113705202652,0.367353848339813,0.135580341104246,0.01054100749652,0.115362803232339,0.00683870247616953,-0.037585025454561
"omega_given_tau_near","post_production_exploratory_heterogeneity_sensitivity",0.5,"primary","mlma_cr2","all_non_null","targeted","abs_omega_plan_minus_true | tau_near","[0.05,0.10)",18,72,0.0630561794484603,0.0349347797363131,0.0174434031217876,0.975123428289842,0.984603306803178,-0.00841864242624121,0.982717021602053,0.969443671767753,0.22753354906765,0.0413071227963145,0.00957242228905664,0.0698554357575874,0.000129026857127146,-0.0365221024242541
"omega_given_tau_near","post_production_exploratory_heterogeneity_sensitivity",0.5,"primary","mlma_cr2","all_non_null","targeted","abs_omega_plan_minus_true | tau_near","[0,0.025)",18,54,0.0393444057183519,0.0250402061394804,0.00174665457820494,0.989022298456261,0.993542278254772,-0.000693103553224859,0.9977877166644,0.987126258679683,0.105925715623078,0.0477913813089201,0.01054100749652,0.0136189643624757,0.00239425803172508,-0.00425169212122767
"omega_given_tau_near","post_production_exploratory_heterogeneity_sensitivity",0.5,"primary","mlma_cr2","all_non_null","targeted","abs_omega_plan_minus_true | tau_near","[0.025,0.05)",16,48,0.0741679427856708,0.0445662357679857,-0.0113018037220028,0.967216673903604,0.978103900615753,0.0182353902307953,0.985829399068952,0.95668724039975,0.242992892881102,0.076647157428618,0.0109080207737861,0.0375643898325506,0.00174292762589184,0.0106025711039546
