"family_id","quantity","derived","reconstruction","abs_diff","match"
1,"delta_P_H_0.10",0.450847906392342,0.450847906392342,0,TRUE
1,"power_0.10_tau_0.05",0.7006,0.7006,0,TRUE
1,"power_0.10_tau_0.12",0.416,0.416,0,TRUE
1,"power_0.10_tau_0.20",0.2444,0.2444,0,TRUE
1,"power_0.10_tau_0.30",0.1472,0.1472,0,TRUE
1,"predicted_power_H_0.10_tau_0.05",0.59353644231076,0.59353644231076,0,TRUE
1,"predicted_power_H_0.10_tau_0.12",0.434440511362569,0.434440511362569,0,TRUE
1,"predicted_power_H_0.10_tau_0.20",0.2266763506054,0.2266763506054,0,TRUE
1,"predicted_power_H_0.10_tau_0.30",0.142688535918418,0.142688535918418,0,TRUE
1,"delta_P_emp_0.10",0.5534,0.5534,0,TRUE
1,"signed_error",-0.102552093607658,-0.102552093607658,0,TRUE
1,"abs_error",0.102552093607658,0.102552093607658,0,TRUE
1,"scenario_id_tau_0.05",97,97,0,TRUE
1,"scenario_id_tau_0.12",98,98,0,TRUE
1,"scenario_id_tau_0.20",99,99,0,TRUE
1,"scenario_id_tau_0.30",100,100,0,TRUE
1,"family_mae",0.0232881793876776,0.0232881793876776,0,TRUE
1,"family_rmse",0.0427948674730464,0.0427948674730464,0,TRUE
1,"spearman_delta_P_H_vs_emp",1,1,0,TRUE
2,"delta_P_H_0.10",0.72553589011492,0.72553589011492,0,TRUE
2,"power_0.10_tau_0.05",0.931,0.931,0,TRUE
2,"power_0.10_tau_0.12",0.654,0.654,0,TRUE
2,"power_0.10_tau_0.20",0.3812,0.3812,0,TRUE
2,"power_0.10_tau_0.30",0.225,0.225,0,TRUE
2,"predicted_power_H_0.10_tau_0.05",0.940599896414254,0.940599896414254,0,TRUE
2,"predicted_power_H_0.10_tau_0.12",0.751393095642741,0.751393095642741,0,TRUE
2,"predicted_power_H_0.10_tau_0.20",0.375575866278959,0.375575866278959,0,TRUE
2,"predicted_power_H_0.10_tau_0.30",0.215064006299334,0.215064006299334,0,TRUE
2,"delta_P_emp_0.10",0.706,0.706,0,TRUE
2,"signed_error",0.01953589011492,0.01953589011492,0,TRUE
2,"abs_error",0.01953589011492,0.01953589011492,0,TRUE
2,"scenario_id_tau_0.05",101,101,0,TRUE
2,"scenario_id_tau_0.12",102,102,0,TRUE
2,"scenario_id_tau_0.20",103,103,0,TRUE
2,"scenario_id_tau_0.30",104,104,0,TRUE
2,"family_mae",0.0232881793876776,0.0232881793876776,0,TRUE
2,"family_rmse",0.0427948674730464,0.0427948674730464,0,TRUE
2,"spearman_delta_P_H_vs_emp",1,1,0,TRUE
3,"delta_P_H_0.10",0.648935384357166,0.648935384357166,0,TRUE
3,"power_0.10_tau_0.05",0.9994,0.9994,0,TRUE
3,"power_0.10_tau_0.12",0.915,0.915,0,TRUE
3,"power_0.10_tau_0.20",0.6024,0.6024,0,TRUE
3,"power_0.10_tau_0.30",0.3458,0.3458,0,TRUE
3,"predicted_power_H_0.10_tau_0.05",0.999751849774786,0.999751849774786,0,TRUE
3,"predicted_power_H_0.10_tau_0.12",0.971057604035407,0.971057604035407,0,TRUE
3,"predicted_power_H_0.10_tau_0.20",0.622077371560904,0.622077371560904,0,TRUE
3,"predicted_power_H_0.10_tau_0.30",0.35081646541762,0.35081646541762,0,TRUE
3,"delta_P_emp_0.10",0.6536,0.6536,0,TRUE
3,"signed_error",-0.00466461564283394,-0.00466461564283394,0,TRUE
3,"abs_error",0.00466461564283394,0.00466461564283394,0,TRUE
3,"scenario_id_tau_0.05",105,105,0,TRUE
3,"scenario_id_tau_0.12",106,106,0,TRUE
3,"scenario_id_tau_0.20",107,107,0,TRUE
3,"scenario_id_tau_0.30",108,108,0,TRUE
3,"family_mae",0.0232881793876776,0.0232881793876776,0,TRUE
3,"family_rmse",0.0427948674730464,0.0427948674730464,0,TRUE
3,"spearman_delta_P_H_vs_emp",1,1,0,TRUE
4,"delta_P_H_0.10",0.585262290888484,0.585262290888484,0,TRUE
4,"power_0.10_tau_0.05",0.771954390878176,0.771954390878176,0,TRUE
4,"power_0.10_tau_0.12",0.5154,0.5154,0,TRUE
4,"power_0.10_tau_0.20",0.3,0.3,0,TRUE
4,"power_0.10_tau_0.30",0.183,0.183,0,TRUE
4,"predicted_power_H_0.10_tau_0.05",0.760115519361678,0.760115519361678,0,TRUE
4,"predicted_power_H_0.10_tau_0.12",0.570741746019817,0.570741746019817,0,TRUE
4,"predicted_power_H_0.10_tau_0.20",0.291288860753134,0.291288860753134,0,TRUE
4,"predicted_power_H_0.10_tau_0.30",0.174853228473194,0.174853228473194,0,TRUE
4,"delta_P_emp_0.10",0.588954390878176,0.588954390878176,0,TRUE
4,"signed_error",-0.003692099989692,-0.003692099989692,0,TRUE
4,"abs_error",0.003692099989692,0.003692099989692,0,TRUE
4,"scenario_id_tau_0.05",109,109,0,TRUE
4,"scenario_id_tau_0.12",110,110,0,TRUE
4,"scenario_id_tau_0.20",111,111,0,TRUE
4,"scenario_id_tau_0.30",112,112,0,TRUE
4,"family_mae",0.0232881793876776,0.0232881793876776,0,TRUE
4,"family_rmse",0.0427948674730464,0.0427948674730464,0,TRUE
4,"spearman_delta_P_H_vs_emp",1,1,0,TRUE
5,"delta_P_H_0.10",0.73506194511359,0.73506194511359,0,TRUE
5,"power_0.10_tau_0.05",0.9058,0.9058,0,TRUE
5,"power_0.10_tau_0.12",0.567,0.567,0,TRUE
5,"power_0.10_tau_0.20",0.3042,0.3042,0,TRUE
5,"power_0.10_tau_0.30",0.173,0.173,0,TRUE
5,"predicted_power_H_0.10_tau_0.05",0.910420852707914,0.910420852707914,0,TRUE
5,"predicted_power_H_0.10_tau_0.12",0.678251425834407,0.678251425834407,0,TRUE
5,"predicted_power_H_0.10_tau_0.20",0.30922353167158,0.30922353167158,0,TRUE
5,"predicted_power_H_0.10_tau_0.30",0.175358907594324,0.175358907594324,0,TRUE
5,"delta_P_emp_0.10",0.7328,0.7328,0,TRUE
5,"signed_error",0.0022619451135899,0.0022619451135899,0,TRUE
5,"abs_error",0.0022619451135899,0.0022619451135899,0,TRUE
5,"scenario_id_tau_0.05",113,113,0,TRUE
5,"scenario_id_tau_0.12",114,114,0,TRUE
5,"scenario_id_tau_0.20",115,115,0,TRUE
5,"scenario_id_tau_0.30",116,116,0,TRUE
5,"family_mae",0.0232881793876776,0.0232881793876776,0,TRUE
5,"family_rmse",0.0427948674730464,0.0427948674730464,0,TRUE
5,"spearman_delta_P_H_vs_emp",1,1,0,TRUE
6,"delta_P_H_0.10",0.677222431857372,0.677222431857372,0,TRUE
6,"power_0.10_tau_0.05",0.9986,0.9986,0,TRUE
6,"power_0.10_tau_0.12",0.9074,0.9074,0,TRUE
6,"power_0.10_tau_0.20",0.585,0.585,0,TRUE
6,"power_0.10_tau_0.30",0.3284,0.3284,0,TRUE
6,"predicted_power_H_0.10_tau_0.05",0.997766777784195,0.997766777784195,0,TRUE
6,"predicted_power_H_0.10_tau_0.12",0.946425285096356,0.946425285096356,0,TRUE
6,"predicted_power_H_0.10_tau_0.20",0.57320147334772,0.57320147334772,0,TRUE
6,"predicted_power_H_0.10_tau_0.30",0.320544345926823,0.320544345926823,0,TRUE
6,"delta_P_emp_0.10",0.6702,0.6702,0,TRUE
6,"signed_error",0.00702243185737195,0.00702243185737195,0,TRUE
6,"abs_error",0.00702243185737195,0.00702243185737195,0,TRUE
6,"scenario_id_tau_0.05",117,117,0,TRUE
6,"scenario_id_tau_0.12",118,118,0,TRUE
6,"scenario_id_tau_0.20",119,119,0,TRUE
6,"scenario_id_tau_0.30",120,120,0,TRUE
6,"family_mae",0.0232881793876776,0.0232881793876776,0,TRUE
6,"family_rmse",0.0427948674730464,0.0427948674730464,0,TRUE
6,"spearman_delta_P_H_vs_emp",1,1,0,TRUE
