"condition_id","J","k_imbalance","moderator_split","n_imbalance","beta1_true","allocation_pattern","method","power","mcse_reject_rate","coverage","mcse_coverage","mean_df","median_df","min_df","max_df","n_success","error_rate"
2,20,"balanced","50_50","balanced",0.1,"independent","aggregate_hksj",0.4096,0.00695453578608954,0.9474,0.00315699984162179,18,18,18,18,5000,0
2,20,"balanced","50_50","balanced",0.1,"independent","che_rve",0.4096,0.00695453578608954,0.9474,0.00315699984162179,18,18,18,18,5000,0
2,20,"balanced","50_50","balanced",0.1,"independent","mlma",0.4612,0.00704974552732224,0.9284,0.00364618814654428,NA,NA,NA,NA,5000,0
2,20,"balanced","50_50","balanced",0.1,"independent","mlma_cr2",0.4096,0.00695453578608954,0.9474,0.00315699984162179,18,18,18,18,5000,0
4,20,"balanced","50_50","moderate",0.1,"independent","aggregate_hksj",0.3882,0.00689203540327529,0.9526,0.00300510365877785,18,18,18,18,5000,0
4,20,"balanced","50_50","moderate",0.1,"independent","che_rve",0.3876,0.00689008330864003,0.953,0.00299302522541993,17.8194054494214,17.8574648614508,16.5480582715926,17.9797053322757,5000,0
4,20,"balanced","50_50","moderate",0.1,"independent","mlma",0.435,0.00701106268692557,0.937,0.00343601513384327,NA,NA,NA,NA,5000,0
4,20,"balanced","50_50","moderate",0.1,"independent","mlma_cr2",0.3886,0.00689333068987699,0.952,0.00302311098043059,17.9673737406228,17.9750404429696,17.6303877372747,17.9967488069855,5000,0
6,20,"balanced","50_50","severe",0.1,"independent","aggregate_hksj",0.374,0.00684286489710267,0.9512,0.00304691844328003,18,18,18,18,5000,0
6,20,"balanced","50_50","severe",0.1,"independent","che_rve",0.3718,0.00683468741055507,0.9492,0.00310545842026584,17.1282965397966,17.2495077744883,13.8013321586111,17.8490932833797,5000,0
6,20,"balanced","50_50","severe",0.1,"independent","mlma",0.4196,0.00697905208463155,0.936,0.00346132922444543,NA,NA,NA,NA,5000,0
6,20,"balanced","50_50","severe",0.1,"independent","mlma_cr2",0.3692,0.00682482761687063,0.952,0.00302311098043059,17.795428837706,17.8318010594159,16.1024738139293,17.9749127152025,5000,0
8,20,"balanced","50_50","extreme",0.1,"independent","aggregate_hksj",0.3298,0.00664878876187235,0.9466,0.00317957355631223,18,18,18,18,5000,0
8,20,"balanced","50_50","extreme",0.1,"independent","che_rve",0.3192,0.00659259220640864,0.9526,0.00300510365877785,15.3483843412567,15.642192518763,8.54272505758118,17.4551567881879,5000,0
8,20,"balanced","50_50","extreme",0.1,"independent","mlma",0.3652,0.00680924312974651,0.9408,0.0033375248313683,NA,NA,NA,NA,5000,0
8,20,"balanced","50_50","extreme",0.1,"independent","mlma_cr2",0.3128,0.0065567699364855,0.9536,0.00297479545515318,17.2307236820308,17.3604476777821,12.839734177308,17.9016310621803,5000,0
10,20,"balanced","70_30","balanced",0.1,"independent","aggregate_hksj",0.3654,0.00681003436114679,0.95,0.00308220700148449,18,18,18,18,5000,0
10,20,"balanced","70_30","balanced",0.1,"independent","che_rve",0.3382,0.00669060176665746,0.951,0.00305283474822991,9.53079178885631,9.53079178885631,9.53079178885626,9.53079178885634,5000,0
10,20,"balanced","70_30","balanced",0.1,"independent","mlma",0.4216,0.00698360136319363,0.935,0.00348640215695206,NA,NA,NA,NA,5000,0
10,20,"balanced","70_30","balanced",0.1,"independent","mlma_cr2",0.3382,0.00669060176665746,0.951,0.00305283474822991,9.53079178885631,9.53079178885631,9.53079178885627,9.53079178885634,5000,0
12,20,"balanced","70_30","moderate",0.1,"independent","aggregate_hksj",0.3544,0.00676462327110682,0.9514,0.0030409879973456,18,18,18,18,5000,0
12,20,"balanced","70_30","moderate",0.1,"independent","che_rve",0.3294,0.0066467381473923,0.954,0.00296256645495084,9.44896419796413,9.46969820313576,7.92686313628768,10.4617485408934,5000,0
12,20,"balanced","70_30","moderate",0.1,"independent","mlma",0.4042,0.00694006282392314,0.9402,0.00335332551357604,NA,NA,NA,NA,5000,0
12,20,"balanced","70_30","moderate",0.1,"independent","mlma_cr2",0.332,0.00665996996990227,0.954,0.00296256645495084,9.51768211874145,9.52408035784302,8.91327445117472,9.94795292157115,5000,0
14,20,"balanced","70_30","severe",0.1,"independent","aggregate_hksj",0.3314,0.00665693683310875,0.9442,0.00324611644892786,18,18,18,18,5000,0
14,20,"balanced","70_30","severe",0.1,"independent","che_rve",0.299,0.00647455017742546,0.9496,0.00309385972532693,9.1099931994778,9.17731211823185,5.52491843328213,11.9283160501227,5000,0
14,20,"balanced","70_30","severe",0.1,"independent","mlma",0.3746,0.00684506888204933,0.9322,0.00355536664775941,NA,NA,NA,NA,5000,0
14,20,"balanced","70_30","severe",0.1,"independent","mlma_cr2",0.2968,0.00646080118870717,0.9522,0.00301712313305241,9.43159403222033,9.47222468305153,7.72524744302209,10.6572027671627,5000,0
16,20,"balanced","70_30","extreme",0.1,"independent","aggregate_hksj",0.3018,0.00649179112418137,0.9426,0.0032895361375124,18,18,18,18,5000,0
16,20,"balanced","70_30","extreme",0.1,"independent","che_rve",0.265,0.00624139407504445,0.9494,0.00309966578843591,8.30905038186489,8.37124615379269,3.28252180787813,12.2503150802869,5000,0
16,20,"balanced","70_30","extreme",0.1,"independent","mlma",0.3248,0.00662276316955393,0.931,0.00358438279205779,NA,NA,NA,NA,5000,0
16,20,"balanced","70_30","extreme",0.1,"independent","mlma_cr2",0.2572,0.00618139401753359,0.9502,0.00307636018697421,9.18075097062094,9.23626192092763,6.02323551947132,11.2086744319336,5000,0
18,20,"balanced","85_15","balanced",0.1,"independent","aggregate_hksj",0.242,0.00605699595509193,0.9502,0.00307636018697421,18,18,18,18,5000,0
18,20,"balanced","85_15","balanced",0.1,"independent","che_rve",0.1288,0.00473731062946056,0.9716,0.00234918879615922,2.7574321413184,2.7574321413184,2.75743214131839,2.7574321413184,5000,0
18,20,"balanced","85_15","balanced",0.1,"independent","mlma",0.2858,0.00638934049804829,0.936,0.00346132922444543,NA,NA,NA,NA,5000,0
18,20,"balanced","85_15","balanced",0.1,"independent","mlma_cr2",0.1288,0.00473731062946056,0.9716,0.00234918879615922,2.7574321413184,2.7574321413184,2.75743214131839,2.75743214131841,5000,0
20,20,"balanced","85_15","moderate",0.1,"independent","aggregate_hksj",0.232,0.00596952259397684,0.9502,0.00307636018697421,18,18,18,18,5000,0
20,20,"balanced","85_15","moderate",0.1,"independent","che_rve",0.126,0.00469305870408628,0.969,0.00245108139399735,2.73858837074127,2.74818032656739,2.27947953939605,3.04688189168252,5000,0
20,20,"balanced","85_15","moderate",0.1,"independent","mlma",0.2774,0.00633165444414017,0.9334,0.00352603006226549,NA,NA,NA,NA,5000,0
20,20,"balanced","85_15","moderate",0.1,"independent","mlma_cr2",0.124,0.00466098701993473,0.9696,0.00242799670510485,2.75429982445306,2.75774361539548,2.58811256237603,2.85436830115011,5000,0
22,20,"balanced","85_15","severe",0.1,"independent","aggregate_hksj",0.226,0.00591479500912754,0.9504,0.00307049963361014,18,18,18,18,5000,0
22,20,"balanced","85_15","severe",0.1,"independent","che_rve",0.1132,0.00448075350806089,0.9698,0.00242024626846113,2.65574080939582,2.70128998249492,1.79783892033347,3.2130250346862,5000,0
22,20,"balanced","85_15","severe",0.1,"independent","mlma",0.2618,0.00621708549080677,0.9356,0.00347138704266753,NA,NA,NA,NA,5000,0
22,20,"balanced","85_15","severe",0.1,"independent","mlma_cr2",0.1166,0.00453882011099801,0.9704,0.00239682456596222,2.733446090461,2.75382934653665,2.18683794194218,2.98224901066465,5000,0
24,20,"balanced","85_15","extreme",0.1,"independent","aggregate_hksj",0.197,0.00562478444031413,0.9488,0.0031170036894428,18,18,18,18,5000,0
24,20,"balanced","85_15","extreme",0.1,"independent","che_rve",0.0842,0.00392709460033751,0.9774,0.00210186774084384,2.4465282855765,2.42836846629186,1.45966249250962,3.46998277174518,5000,0
24,20,"balanced","85_15","extreme",0.1,"independent","mlma",0.222,0.00587734633997351,0.9338,0.00351617860752266,NA,NA,NA,NA,5000,0
24,20,"balanced","85_15","extreme",0.1,"independent","mlma_cr2",0.0914,0.00407543960818953,0.9732,0.00228393344911799,2.65964298964974,2.68905886018065,1.67408430895813,3.15336815722918,5000,0
26,20,"moderate","50_50","balanced",0.1,"independent","aggregate_hksj",0.3756,0.00684871725215752,0.9504,0.00307049963361014,18,18,18,18,5000,0
26,20,"moderate","50_50","balanced",0.1,"independent","che_rve",0.3868,0.00688746339373212,0.9484,0.00312849612433834,17.0271068624914,17.1916260934718,13.529298204225,17.9179890696046,5000,0
26,20,"moderate","50_50","balanced",0.1,"independent","mlma",0.4434,0.00702561655657352,0.9322,0.00355536664775941,NA,NA,NA,NA,5000,0
26,20,"moderate","50_50","balanced",0.1,"independent","mlma_cr2",0.387,0.00688812020801031,0.9484,0.00312849612433834,17.020193840696,17.1916274234147,11.9159784392237,17.9179890646716,5000,0
28,20,"moderate","50_50","moderate",0.1,"independent","aggregate_hksj",0.3726,0.00683767855342733,0.9538,0.00296868859936505,18,18,18,18,5000,0
28,20,"moderate","50_50","moderate",0.1,"independent","che_rve",0.3872,0.00688877579835489,0.9494,0.00309966578843591,16.8860797050618,17.0597762591191,12.8089752673856,17.8892411681149,5000,0
28,20,"moderate","50_50","moderate",0.1,"independent","mlma",0.4356,0.00701216999223493,0.9334,0.00352603006226549,NA,NA,NA,NA,5000,0
28,20,"moderate","50_50","moderate",0.1,"independent","mlma_cr2",0.384,0.0068781392832655,0.949,0.00311123769583746,17.0045732793119,17.1485442243359,12.2032419978209,17.9122269641698,5000,0
30,20,"moderate","50_50","severe",0.1,"independent","aggregate_hksj",0.3496,0.00674358717597689,0.9496,0.00309385972532693,18,18,18,18,5000,0
30,20,"moderate","50_50","severe",0.1,"independent","che_rve",0.3606,0.00679069422077007,0.9544,0.00295027591929975,16.218438594687,16.4902798598892,9.08807559979793,17.8308545658442,5000,0
30,20,"moderate","50_50","severe",0.1,"independent","mlma",0.4046,0.00694116474375879,0.9396,0.00336903072114221,NA,NA,NA,NA,5000,0
30,20,"moderate","50_50","severe",0.1,"independent","mlma_cr2",0.3518,0.00675332155313221,0.9542,0.00295642892693195,16.7712840841345,16.9546054374996,10.6710215285018,17.9350535694844,5000,0
32,20,"moderate","50_50","extreme",0.1,"independent","aggregate_hksj",0.319863972794559,0.00659688609282838,0.937987597519504,0.00341111419096802,18,18,18,18,4999,2e-04
32,20,"moderate","50_50","extreme",0.1,"independent","che_rve",0.3158,0.00657374109620998,0.941,0.00333223648620562,14.5214081605846,14.8753725048611,7.02511749118082,17.4918201965915,5000,0
32,20,"moderate","50_50","extreme",0.1,"independent","mlma",0.3598,0.00678739950201843,0.9274,0.00366958417262774,NA,NA,NA,NA,5000,0
32,20,"moderate","50_50","extreme",0.1,"independent","mlma_cr2",0.3088,0.00653364461843465,0.9436,0.00326248494249399,16.1297092686989,16.333072970703,7.88987709679952,17.8788492082248,5000,0
34,20,"moderate","70_30","balanced",0.1,"independent","aggregate_hksj",0.333,0.00666499812453087,0.9514,0.0030409879973456,18,18,18,18,5000,0
34,20,"moderate","70_30","balanced",0.1,"independent","che_rve",0.311,0.00654643414386794,0.9538,0.00296868859936505,9.08297753582663,9.15783848732662,4.94686142470249,11.617381333668,5000,0
34,20,"moderate","70_30","balanced",0.1,"independent","mlma",0.391,0.00690099992754673,0.9338,0.00351617860752266,NA,NA,NA,NA,5000,0
34,20,"moderate","70_30","balanced",0.1,"independent","mlma_cr2",0.311,0.00654643414386794,0.9536,0.00297479545515318,9.08064371519962,9.15625697763288,3.91160750538525,11.6684247547677,5000,0
36,20,"moderate","70_30","moderate",0.1,"independent","aggregate_hksj",0.323,0.00661318380207295,0.9558,0.00290676314824583,18,18,18,18,5000,0
36,20,"moderate","70_30","moderate",0.1,"independent","che_rve",0.3024,0.00649544825243031,0.9532,0.00298696367570816,8.98924028369892,9.05778495143783,4.76300095985512,11.4839680692215,5000,0
36,20,"moderate","70_30","moderate",0.1,"independent","mlma",0.3798,0.00686370104244059,0.9358,0.00346636293541228,NA,NA,NA,NA,5000,0
36,20,"moderate","70_30","moderate",0.1,"independent","mlma_cr2",0.3004,0.00648320661401439,0.9532,0.00298696367570816,9.04299782341516,9.11840122201436,5.20192135569007,11.3512299347912,5000,0
38,20,"moderate","70_30","severe",0.1,"independent","aggregate_hksj",0.3168,0.00657932762522129,0.9468,0.00317394895989208,18,18,18,18,5000,0
38,20,"moderate","70_30","severe",0.1,"independent","che_rve",0.2904,0.0064197794354635,0.951,0.00305283474822991,8.70495762803647,8.79421558903534,4.54484160457574,11.7763192795063,5000,0
38,20,"moderate","70_30","severe",0.1,"independent","mlma",0.3654,0.00681003436114679,0.9342,0.00350629034736144,NA,NA,NA,NA,5000,0
38,20,"moderate","70_30","severe",0.1,"independent","mlma_cr2",0.2864,0.00639335655192169,0.9508,0.00305873699425106,8.96166577917137,9.05413649237199,4.0361563350354,11.8997476167301,5000,0
40,20,"moderate","70_30","extreme",0.1,"independent","aggregate_hksj",0.279455891178236,0.00634666173951708,0.944788957791558,0.00323026988563598,18,18,18,18,4999,2e-04
40,20,"moderate","70_30","extreme",0.1,"independent","che_rve",0.2438,0.00607225757029459,0.9514,0.0030409879973456,7.88845749294425,7.96590146593751,2.51631920361789,12.5946809126503,5000,0
40,20,"moderate","70_30","extreme",0.1,"independent","mlma",0.3162,0.00657597992697666,0.9332,0.00353094208392038,NA,NA,NA,NA,5000,0
40,20,"moderate","70_30","extreme",0.1,"independent","mlma_cr2",0.2436,0.00607056900133752,0.9518,0.00302908435009658,8.63139576989447,8.75037249700675,2.69188690354251,11.895110104105,5000,0
42,20,"moderate","85_15","balanced",0.1,"independent","aggregate_hksj",0.2246,0.00590177668164427,0.952,0.00302311098043059,18,18,18,18,5000,0
42,20,"moderate","85_15","balanced",0.1,"independent","che_rve",0.1086,0.004400137270586,0.975,0.00220794021658196,2.63834207858313,2.62672174136285,1.84284219646484,3.16348524620587,5000,0
42,20,"moderate","85_15","balanced",0.1,"independent","mlma",0.2668,0.00625488225308838,0.9348,0.00349138826256834,NA,NA,NA,NA,5000,0
42,20,"moderate","85_15","balanced",0.1,"independent","mlma_cr2",0.1086,0.004400137270586,0.9748,0.00221652701314466,2.63784151663172,2.62584897423322,1.74706910098763,3.29309503745242,5000,0
44,20,"moderate","85_15","moderate",0.1,"independent","aggregate_hksj",0.2128,0.00578819764693639,0.9496,0.00309385972532693,18,18,18,18,5000,0
44,20,"moderate","85_15","moderate",0.1,"independent","che_rve",0.1088,0.00440369299565717,0.9724,0.00231681850821336,2.63363131996691,2.63231302840627,1.87410943636442,3.29729731617536,5000,0
44,20,"moderate","85_15","moderate",0.1,"independent","mlma",0.26,0.00620322496770833,0.9356,0.00347138704266753,NA,NA,NA,NA,5000,0
44,20,"moderate","85_15","moderate",0.1,"independent","mlma_cr2",0.1084,0.00439657685023246,0.973,0.00229220417938717,2.64083343675438,2.63771402690941,1.7814383766351,3.32109743662906,5000,0
46,20,"moderate","85_15","severe",0.1,"independent","aggregate_hksj",0.2082,0.00574199895506783,0.9498,0.00308804015517933,18,18,18,18,5000,0
46,20,"moderate","85_15","severe",0.1,"independent","che_rve",0.103,0.00429862768799532,0.9736,0.00226729089443768,2.56652050379054,2.58410612718034,1.61092015177989,3.76662757654026,5000,0
46,20,"moderate","85_15","severe",0.1,"independent","mlma",0.249,0.0061155375887979,0.9322,0.00355536664775941,NA,NA,NA,NA,5000,0
46,20,"moderate","85_15","severe",0.1,"independent","mlma_cr2",0.1046,0.00432802125687941,0.9722,0.00232495849425318,2.60997048517226,2.64434049906945,1.64004839529227,3.34946144988427,5000,0
48,20,"moderate","85_15","extreme",0.1,"independent","aggregate_hksj",0.1964,0.00561831006620318,0.9426,0.0032895361375124,18,18,18,18,5000,0
48,20,"moderate","85_15","extreme",0.1,"independent","che_rve",0.0828,0.00389728520896277,0.9788,0.00203718236787971,2.4067309818762,2.40226627167633,1.43302521427531,4.00905157647014,5000,0
48,20,"moderate","85_15","extreme",0.1,"independent","mlma",0.225,0.00590550590550886,0.9282,0.00365088372863338,NA,NA,NA,NA,5000,0
48,20,"moderate","85_15","extreme",0.1,"independent","mlma_cr2",0.0868,0.00398160168776336,0.9766,0.00213786996798215,2.54128588213291,2.62000467795262,1.33642081025606,3.86489927821718,5000,0
50,20,"severe","50_50","balanced",0.1,"independent","aggregate_hksj",0.3338,0.00666899632628479,0.955,0.00293172304285381,18,18,18,18,5000,0
50,20,"severe","50_50","balanced",0.1,"independent","che_rve",0.3478,0.0067355053262543,0.9472,0.00316266216975509,16.1178215173884,16.6532840798677,8.96077612641509,17.9182593604521,5000,0
50,20,"severe","50_50","balanced",0.1,"independent","mlma",0.4098,0.00695505513996834,0.9258,0.00370659844061911,NA,NA,NA,NA,5000,0
50,20,"severe","50_50","balanced",0.1,"independent","mlma_cr2",0.3474,0.00673369497378668,0.9462,0.00319078548323136,16.056656196088,16.6532839974406,4.9564144906015,17.918259353348,5000,0
52,20,"severe","50_50","moderate",0.1,"independent","aggregate_hksj",0.3322,0.00666097830652525,0.9484,0.00312849612433834,18,18,18,18,5000,0
52,20,"severe","50_50","moderate",0.1,"independent","che_rve",0.3426,0.00671156077227943,0.9458,0.00320194815698193,16.0082364191362,16.5461837474166,7.72546403973266,17.8865204450765,5000,0
52,20,"severe","50_50","moderate",0.1,"independent","mlma",0.3952,0.00691399971073184,0.9262,0.00369739259478893,NA,NA,NA,NA,5000,0
52,20,"severe","50_50","moderate",0.1,"independent","mlma_cr2",0.3422,0.00670968195967588,0.9452,0.00321860093829602,16.0179495746762,16.5839988872582,5.17023675049709,17.8810362310056,5000,0
54,20,"severe","50_50","severe",0.1,"independent","aggregate_hksj",0.3068,0.00652186721729291,0.946,0.00319637294444813,18,18,18,18,5000,0
54,20,"severe","50_50","severe",0.1,"independent","che_rve",0.3122,0.00655333747032762,0.9428,0.00328414859590732,15.4023555377009,15.9840850033193,5.65737936165699,17.8802793299484,5000,0
54,20,"severe","50_50","severe",0.1,"independent","mlma",0.3634,0.00680206498057759,0.923,0.00377017240985077,NA,NA,NA,NA,5000,0
54,20,"severe","50_50","severe",0.1,"independent","mlma_cr2",0.3126,0.00655562720111509,0.9408,0.0033375248313683,15.6616407347773,16.1833577800426,4.49440419264908,17.9100167117488,5000,0
56,20,"severe","50_50","extreme",0.1,"independent","aggregate_hksj",0.276,0.00632177190350933,0.9378,0.00341558662604244,18,18,18,18,5000,0
56,20,"severe","50_50","extreme",0.1,"independent","che_rve",0.277,0.00632883875604364,0.9338,0.00351617860752266,13.8935612783213,14.5066324823852,4.31829589028183,17.6675720053219,5000,0
56,20,"severe","50_50","extreme",0.1,"independent","mlma",0.3232,0.00661425369939799,0.9176,0.00388870775451177,NA,NA,NA,NA,5000,0
56,20,"severe","50_50","extreme",0.1,"independent","mlma_cr2",0.2728,0.00629889133102009,0.9404,0.00334806929438445,14.8063490541653,15.3327852660853,3.73778995414864,17.8725197139985,5000,0
58,20,"severe","70_30","balanced",0.1,"independent","aggregate_hksj",0.2996,0.00647826890457628,0.9484,0.00312849612433834,18,18,18,18,5000,0
58,20,"severe","70_30","balanced",0.1,"independent","che_rve",0.284,0.00637720942105558,0.948,0.00313993630508646,8.65847128089183,8.82284318025016,4.12117388305563,12.3331935347045,5000,0
58,20,"severe","70_30","balanced",0.1,"independent","mlma",0.3642,0.00680526795945611,0.923,0.00377017240985077,NA,NA,NA,NA,5000,0
58,20,"severe","70_30","balanced",0.1,"independent","mlma_cr2",0.284,0.00637720942105558,0.947,0.00316831185333767,8.63085986656736,8.82090267170778,2.8699126421507,12.3331933952381,5000,0
60,20,"severe","70_30","moderate",0.1,"independent","aggregate_hksj",0.2806,0.00635395372976543,0.951,0.00305283474822991,18,18,18,18,5000,0
60,20,"severe","70_30","moderate",0.1,"independent","che_rve",0.2676,0.00626083444917688,0.9472,0.00316266216975509,8.58145941797979,8.76726951481348,3.7409800144017,12.4282916910692,5000,0
60,20,"severe","70_30","moderate",0.1,"independent","mlma",0.3404,0.006701161690334,0.9248,0.00372947610261817,NA,NA,NA,NA,5000,0
60,20,"severe","70_30","moderate",0.1,"independent","mlma_cr2",0.2672,0.00625786161560001,0.9496,0.00309385972532693,8.58200381474034,8.77757020299399,2.81603394077726,12.3408029157357,5000,0
62,20,"severe","70_30","severe",0.1,"independent","aggregate_hksj",0.2624,0.00622167565853444,0.9476,0.00315132480077824,18,18,18,18,5000,0
62,20,"severe","70_30","severe",0.1,"independent","che_rve",0.2564,0.00617509578873073,0.9514,0.0030409879973456,8.29109618493775,8.44873147327612,3.41377961900879,12.9683961001583,5000,0
62,20,"severe","70_30","severe",0.1,"independent","mlma",0.3154,0.00657149663318791,0.93,0.00360832371053374,NA,NA,NA,NA,5000,0
62,20,"severe","70_30","severe",0.1,"independent","mlma_cr2",0.2512,0.0061334910124659,0.9516,0.00303504332753257,8.39017611370468,8.56703714084008,2.48530014647776,11.8336337924602,5000,0
64,20,"severe","70_30","extreme",0.1,"independent","aggregate_hksj",0.2374,0.00601732897555053,0.9426,0.0032895361375124,18,18,18,18,5000,0
64,20,"severe","70_30","extreme",0.1,"independent","che_rve",0.2132,0.00579216298113235,0.95,0.00308220700148449,7.63418050393324,7.75459469232511,2.46201709973165,12.972101000641,5000,0
64,20,"severe","70_30","extreme",0.1,"independent","mlma",0.2882,0.00640532216207741,0.929,0.00363205176174569,NA,NA,NA,NA,5000,0
64,20,"severe","70_30","extreme",0.1,"independent","mlma_cr2",0.2072,0.00573180878955326,0.9506,0.0030646252625729,8.02179007270873,8.17107764027569,2.16290444067373,12.7254530230438,5000,0
66,20,"severe","85_15","balanced",0.1,"independent","aggregate_hksj",0.1872,0.00551645103304652,0.9544,0.00295027591929975,18,18,18,18,5000,0
66,20,"severe","85_15","balanced",0.1,"independent","che_rve",0.104,0.00431703602023425,0.9774,0.00210186774084384,2.59274569716892,2.6021670923962,1.89006147769274,4.04918142698411,5000,0
66,20,"severe","85_15","balanced",0.1,"independent","mlma",0.2456,0.00608737447509187,0.9304,0.00359877312427444,NA,NA,NA,NA,5000,0
66,20,"severe","85_15","balanced",0.1,"independent","mlma_cr2",0.1046,0.00432802125687941,0.9768,0.0021289321266776,2.58987318072301,2.60223648870664,1.63021463213669,4.04918143119349,5000,0
68,20,"severe","85_15","moderate",0.1,"independent","aggregate_hksj",0.1946,0.00559876486378916,0.954,0.00296256645495084,18,18,18,18,5000,0
68,20,"severe","85_15","moderate",0.1,"independent","che_rve",0.1074,0.00437870391782774,0.975,0.00220794021658196,2.57946027389897,2.59613834498904,1.74739123488906,4.15136921272856,5000,0
68,20,"severe","85_15","moderate",0.1,"independent","mlma",0.2456,0.00608737447509187,0.9294,0.00362258581678889,NA,NA,NA,NA,5000,0
68,20,"severe","85_15","moderate",0.1,"independent","mlma_cr2",0.1082,0.00439301172318035,0.9746,0.00222507707731665,2.57762878126552,2.59627646028654,1.59308116532901,4.58768676154233,5000,0
70,20,"severe","85_15","severe",0.1,"independent","aggregate_hksj",0.1762,0.00538801559017789,0.9438,0.00325704037432759,18,18,18,18,5000,0
70,20,"severe","85_15","severe",0.1,"independent","che_rve",0.085,0.003943982758583,0.9698,0.00242024626846113,2.52965917213341,2.56040028165902,1.62758954274958,4.23623343917701,5000,0
70,20,"severe","85_15","severe",0.1,"independent","mlma",0.2242,0.00589803967433248,0.9194,0.00384976986325157,NA,NA,NA,NA,5000,0
70,20,"severe","85_15","severe",0.1,"independent","mlma_cr2",0.0852,0.0039481884453506,0.97,0.00241246761636296,2.53698024701419,2.57245715393981,1.54503012484097,4.32889575967427,5000,0
72,20,"severe","85_15","extreme",0.1,"independent","aggregate_hksj",0.1634,0.00522877499994023,0.9488,0.0031170036894428,18,18,18,18,5000,0
72,20,"severe","85_15","extreme",0.1,"independent","che_rve",0.0722,0.0036602502646677,0.9776,0.00209276085590303,2.38861528768983,2.38418644934803,1.39573220804198,5.3059461895641,5000,0
72,20,"severe","85_15","extreme",0.1,"independent","mlma",0.2004,0.00566109247407247,0.928,0.00365557109081467,NA,NA,NA,NA,5000,0
72,20,"severe","85_15","extreme",0.1,"independent","mlma_cr2",0.0708,0.00362732297982962,0.9784,0.00205589104769684,2.43916029571973,2.47308449873569,1.37832541617136,4.09829879235806,5000,0
74,40,"balanced","50_50","balanced",0.1,"independent","aggregate_hksj",0.713,0.00639735883001728,0.9564,0.00288787257336607,38,38,38,38,5000,0
74,40,"balanced","50_50","balanced",0.1,"independent","che_rve",0.713,0.00639735883001728,0.9564,0.00288787257336607,38,38,38,38,5000,0
74,40,"balanced","50_50","balanced",0.1,"independent","mlma",0.7368,0.00622777263554154,0.9484,0.00312849612433834,NA,NA,NA,NA,5000,0
74,40,"balanced","50_50","balanced",0.1,"independent","mlma_cr2",0.713,0.00639735883001728,0.9564,0.00288787257336607,38,38,38,38,5000,0
76,40,"balanced","50_50","moderate",0.1,"independent","aggregate_hksj",0.711,0.00641060059588803,0.9458,0.00320194815698193,38,38,38,38,5000,0
76,40,"balanced","50_50","moderate",0.1,"independent","che_rve",0.7114,0.00640796441937687,0.9452,0.00321860093829602,37.6728973480623,37.7069452946048,35.9623896838824,37.9148197240826,5000,0
76,40,"balanced","50_50","moderate",0.1,"independent","mlma",0.7312,0.00626971386906931,0.939,0.00338464178311384,NA,NA,NA,NA,5000,0
76,40,"balanced","50_50","moderate",0.1,"independent","mlma_cr2",0.713,0.00639735883001728,0.9454,0.00321306209090332,37.9411776341261,37.947891760612,37.6354151476334,37.9859161775195,5000,0
78,40,"balanced","50_50","severe",0.1,"independent","aggregate_hksj",0.67,0.00664981202741852,0.9488,0.0031170036894428,38,38,38,38,5000,0
78,40,"balanced","50_50","severe",0.1,"independent","che_rve",0.6684,0.00665794923381066,0.95,0.00308220700148449,36.3570830678549,36.4767193483696,32.3369529422497,37.5394105552816,5000,0
78,40,"balanced","50_50","severe",0.1,"independent","mlma",0.686,0.00656359657504938,0.9452,0.00321860093829602,NA,NA,NA,NA,5000,0
78,40,"balanced","50_50","severe",0.1,"independent","mlma_cr2",0.6584,0.00670685380785954,0.9528,0.00299907185642492,37.6000699683873,37.6353288351122,36.5287238572992,37.8999340885701,5000,0
80,40,"balanced","50_50","extreme",0.1,"independent","aggregate_hksj",0.6358,0.00680526795945611,0.9474,0.00315699984162179,38,38,38,38,5000,0
80,40,"balanced","50_50","extreme",0.1,"independent","che_rve",0.6312,0.00682329187416162,0.9498,0.00308804015517933,33.3236778151166,33.5470093854505,23.922688324038,36.7472807287217,5000,0
80,40,"balanced","50_50","extreme",0.1,"independent","mlma",0.6338,0.00681318662594824,0.9394,0.00337424480439698,NA,NA,NA,NA,5000,0
80,40,"balanced","50_50","extreme",0.1,"independent","mlma_cr2",0.61,0.00689782574439221,0.949,0.00311123769583746,36.6638700089515,36.7557961256024,32.3089169800602,37.7400958742911,5000,0
82,40,"balanced","70_30","balanced",0.1,"independent","aggregate_hksj",0.6334,0.00681475516801594,0.953,0.00299302522541993,38,38,38,38,5000,0
82,40,"balanced","70_30","balanced",0.1,"independent","che_rve",0.6178,0.0068720180442138,0.9512,0.00304691844328003,20.8860759493671,20.8860759493671,20.8860759493669,20.8860759493672,5000,0
82,40,"balanced","70_30","balanced",0.1,"independent","mlma",0.6594,0.00670211369643936,0.9464,0.00318518570887162,NA,NA,NA,NA,5000,0
82,40,"balanced","70_30","balanced",0.1,"independent","mlma_cr2",0.6178,0.0068720180442138,0.9512,0.00304691844328003,20.8860759493671,20.8860759493671,20.886075949367,20.8860759493672,5000,0
84,40,"balanced","70_30","moderate",0.1,"independent","aggregate_hksj",0.625,0.00684653196881458,0.9566,0.00288154264240528,38,38,38,38,5000,0
84,40,"balanced","70_30","moderate",0.1,"independent","che_rve",0.6146,0.00688283139412844,0.9538,0.00296868859936505,20.7196793346653,20.741617451455,18.2412570010221,22.3133168818587,5000,0
84,40,"balanced","70_30","moderate",0.1,"independent","mlma",0.6476,0.00675594908210534,0.9482,0.0031342227106573,NA,NA,NA,NA,5000,0
84,40,"balanced","70_30","moderate",0.1,"independent","mlma_cr2",0.613,0.00688812020801031,0.954,0.00296256645495084,20.8567262495865,20.8638409019963,19.9330512516799,21.5404054115455,5000,0
86,40,"balanced","70_30","severe",0.1,"independent","aggregate_hksj",0.6012,0.00692471746716066,0.947,0.00316831185333767,38,38,38,38,5000,0
86,40,"balanced","70_30","severe",0.1,"independent","che_rve",0.5808,0.00697812811576285,0.9472,0.00316266216975509,20.0252594527553,20.0939405784489,14.6758165448002,22.6123320897576,5000,0
86,40,"balanced","70_30","severe",0.1,"independent","mlma",0.6148,0.00688216477570829,0.9386,0.00339499749631719,NA,NA,NA,NA,5000,0
86,40,"balanced","70_30","severe",0.1,"independent","mlma_cr2",0.5738,0.00699361937768992,0.947,0.00316831185333767,20.6775412679257,20.7130898947788,18.4996307666487,21.8264997388583,5000,0
88,40,"balanced","70_30","extreme",0.1,"independent","aggregate_hksj",0.5404,0.00704794778641272,0.9434,0.00326791799162708,38,38,38,38,5000,0
88,40,"balanced","70_30","extreme",0.1,"independent","che_rve",0.52,0.00706540869306228,0.9492,0.00310545842026584,18.413437389888,18.463972057647,10.5161460836379,23.6026028715798,5000,0
88,40,"balanced","70_30","extreme",0.1,"independent","mlma",0.5448,0.00704262678267136,0.9378,0.00341558662604244,NA,NA,NA,NA,5000,0
88,40,"balanced","70_30","extreme",0.1,"independent","mlma_cr2",0.5042,0.00707081834019231,0.95,0.00308220700148449,20.1698679534274,20.2155897030906,15.7683950954664,22.6823197911825,5000,0
90,40,"balanced","85_15","balanced",0.1,"independent","aggregate_hksj",0.4514,0.00703758538136483,0.957,0.00286883251515316,38,38,38,38,5000,0
90,40,"balanced","85_15","balanced",0.1,"independent","che_rve",0.3642,0.00680526795945611,0.9584,0.00282380735886852,6.88791484032561,6.88791484032561,6.88791484032558,6.88791484032564,5000,0
90,40,"balanced","85_15","balanced",0.1,"independent","mlma",0.476,0.00706291724431201,0.947,0.00316831185333767,NA,NA,NA,NA,5000,0
90,40,"balanced","85_15","balanced",0.1,"independent","mlma_cr2",0.3642,0.00680526795945611,0.9584,0.00282380735886852,6.88791484032561,6.88791484032561,6.88791484032558,6.88791484032564,5000,0
92,40,"balanced","85_15","moderate",0.1,"independent","aggregate_hksj",0.424,0.0069889054937093,0.9492,0.00310545842026584,38,38,38,38,5000,0
92,40,"balanced","85_15","moderate",0.1,"independent","che_rve",0.3518,0.00675332155313221,0.9496,0.00309385972532693,6.832505357097,6.8430574711489,6.13585387614405,7.16014094261572,5000,0
92,40,"balanced","85_15","moderate",0.1,"independent","mlma",0.4456,0.00702909154869959,0.9418,0.00331097447891101,NA,NA,NA,NA,5000,0
92,40,"balanced","85_15","moderate",0.1,"independent","mlma_cr2",0.3518,0.00675332155313221,0.9502,0.00307636018697421,6.8781966094069,6.88179516670999,6.61692509092965,7.01098696404272,5000,0
94,40,"balanced","85_15","severe",0.1,"independent","aggregate_hksj",0.409,0.00695297058817309,0.9546,0.00294410733499986,38,38,38,38,5000,0
94,40,"balanced","85_15","severe",0.1,"independent","che_rve",0.3248,0.00662276316955393,0.9586,0.00281730509529941,6.59535197160507,6.65389765492662,5.00634138976816,7.58280552980319,5000,0
94,40,"balanced","85_15","severe",0.1,"independent","mlma",0.4292,0.00699981942624237,0.9496,0.00309385972532693,NA,NA,NA,NA,5000,0
94,40,"balanced","85_15","severe",0.1,"independent","mlma_cr2",0.3282,0.00664055359138077,0.9568,0.00287519599331941,6.81676161580483,6.8483793722653,6.12367564176425,7.16525155895749,5000,0
96,40,"balanced","85_15","extreme",0.1,"independent","aggregate_hksj",0.3532,0.00675943429585642,0.9472,0.00316266216975509,38,38,38,38,5000,0
96,40,"balanced","85_15","extreme",0.1,"independent","che_rve",0.2778,0.00633446382892822,0.9554,0.00291927525252416,6.06932913111999,6.08728921133521,3.63639383671087,8.22601565711361,5000,0
96,40,"balanced","85_15","extreme",0.1,"independent","mlma",0.3638,0.00680366901017385,0.9422,0.00330027756408457,NA,NA,NA,NA,5000,0
96,40,"balanced","85_15","extreme",0.1,"independent","mlma_cr2",0.274,0.00630751932220584,0.9548,0.00293792307591605,6.65248867411978,6.66483689631231,5.15689725184301,7.48133945479643,5000,0
98,40,"moderate","50_50","balanced",0.1,"independent","aggregate_hksj",0.676,0.00661851947190608,0.9494,0.00309966578843591,38,38,38,38,5000,0
98,40,"moderate","50_50","balanced",0.1,"independent","che_rve",0.6918,0.0065301264918836,0.95,0.00308220700148449,36.3363445040354,36.4540259193196,31.3327368357449,37.6557998346985,5000,0
98,40,"moderate","50_50","balanced",0.1,"independent","mlma",0.7114,0.00640796441937687,0.9416,0.00331630637909105,NA,NA,NA,NA,5000,0
98,40,"moderate","50_50","balanced",0.1,"independent","mlma_cr2",0.6918,0.0065301264918836,0.95,0.00308220700148449,36.3363274770202,36.4540256670828,31.2479050100249,37.6557998257556,5000,0
100,40,"moderate","50_50","moderate",0.1,"independent","aggregate_hksj",0.6576,0.0067106220278004,0.9502,0.00307636018697421,38,38,38,38,5000,0
100,40,"moderate","50_50","moderate",0.1,"independent","che_rve",0.6788,0.00660349240932402,0.9496,0.00309385972532693,35.9865472137076,36.1379543829817,28.4962532514164,37.5197428602683,5000,0
100,40,"moderate","50_50","moderate",0.1,"independent","mlma",0.6986,0.0064893457297327,0.9408,0.0033375248313683,NA,NA,NA,NA,5000,0
100,40,"moderate","50_50","moderate",0.1,"independent","mlma_cr2",0.6744,0.00662698483474951,0.9504,0.00307049963361014,36.2066767085763,36.3229728071204,31.0423032518211,37.6018995515218,5000,0
102,40,"moderate","50_50","severe",0.1,"independent","aggregate_hksj",0.6322,0.00681943047475374,0.947,0.00316831185333767,38,38,38,38,5000,0
102,40,"moderate","50_50","severe",0.1,"independent","che_rve",0.6464,0.00676116912966981,0.9442,0.00324611644892786,34.7255499815314,34.9693983827466,24.8706407789192,37.1644060697883,5000,0
102,40,"moderate","50_50","severe",0.1,"independent","mlma",0.6614,0.00669253375038184,0.9396,0.00336903072114221,NA,NA,NA,NA,5000,0
102,40,"moderate","50_50","severe",0.1,"independent","mlma_cr2",0.6378,0.00679722237388185,0.9468,0.00317394895989208,35.7627253831064,35.9007213618702,30.3773579215586,37.6011150273216,5000,0
104,40,"moderate","50_50","extreme",0.1,"independent","aggregate_hksj",0.5632,0.00701435328451597,0.9426,0.0032895361375124,38,38,38,38,5000,0
104,40,"moderate","50_50","extreme",0.1,"independent","che_rve",0.5762,0.00698846993268197,0.9468,0.00317394895989208,31.8555415335876,32.1970506135026,16.8220024440145,36.1591476920156,5000,0
104,40,"moderate","50_50","extreme",0.1,"independent","mlma",0.5828,0.0069734376027896,0.9418,0.00331097447891101,NA,NA,NA,NA,5000,0
104,40,"moderate","50_50","extreme",0.1,"independent","mlma_cr2",0.552,0.00703272351226749,0.9484,0.00312849612433834,34.7516209172324,34.925380569339,26.885901965867,37.2639957588087,5000,0
106,40,"moderate","70_30","balanced",0.1,"independent","aggregate_hksj",0.607,0.00690725705327375,0.9494,0.00309966578843591,38,38,38,38,5000,0
106,40,"moderate","70_30","balanced",0.1,"independent","che_rve",0.6054,0.00691217534499813,0.9502,0.00307636018697421,19.9939140704317,20.0558661555201,15.132542022252,22.8507705621661,5000,0
106,40,"moderate","70_30","balanced",0.1,"independent","mlma",0.6466,0.00676030236010195,0.9402,0.00335332551357604,NA,NA,NA,NA,5000,0
106,40,"moderate","70_30","balanced",0.1,"independent","mlma_cr2",0.6054,0.00691217534499813,0.9502,0.00307636018697421,19.9939140295814,20.0558662058482,15.1325403110503,22.8507705930571,5000,0
108,40,"moderate","70_30","moderate",0.1,"independent","aggregate_hksj",0.58,0.00697997134664606,0.9532,0.00298696367570816,38,38,38,38,5000,0
108,40,"moderate","70_30","moderate",0.1,"independent","che_rve",0.579,0.00698224892137197,0.951,0.00305283474822991,19.8732543490157,19.9365186036066,13.6870356891489,23.0757671423231,5000,0
108,40,"moderate","70_30","moderate",0.1,"independent","mlma",0.6224,0.00685592065298308,0.9436,0.00326248494249399,NA,NA,NA,NA,5000,0
108,40,"moderate","70_30","moderate",0.1,"independent","mlma_cr2",0.58,0.00697997134664606,0.951,0.00305283474822991,19.9807892454098,20.0404688890262,14.1636533596107,23.3010588430498,5000,0
110,40,"moderate","70_30","severe",0.1,"independent","aggregate_hksj",0.5576,0.00702399088837678,0.9492,0.00310545842026584,38,38,38,38,5000,0
110,40,"moderate","70_30","severe",0.1,"independent","che_rve",0.5552,0.00702784405063174,0.9488,0.0031170036894428,19.2106632152282,19.3224456538748,10.9773180774606,23.4817204529897,5000,0
110,40,"moderate","70_30","severe",0.1,"independent","mlma",0.5912,0.00695244647588171,0.944,0.00325158422926425,NA,NA,NA,NA,5000,0
110,40,"moderate","70_30","severe",0.1,"independent","mlma_cr2",0.5474,0.00703922211611482,0.9516,0.00303504332753257,19.7566586083207,19.8644019919883,11.6228058130984,23.3662345739197,5000,0
112,40,"moderate","70_30","extreme",0.1,"independent","aggregate_hksj",0.5068,0.0070704138492736,0.946,0.00319637294444813,38,38,38,38,5000,0
112,40,"moderate","70_30","extreme",0.1,"independent","che_rve",0.5016,0.0070710316079056,0.9472,0.00316266216975509,17.6038924621319,17.691681540599,8.18911105563575,23.8811674363234,5000,0
112,40,"moderate","70_30","extreme",0.1,"independent","mlma",0.5258,0.00706164796630362,0.9408,0.0033375248313683,NA,NA,NA,NA,5000,0
112,40,"moderate","70_30","extreme",0.1,"independent","mlma_cr2",0.4816,0.00706627822831793,0.9508,0.00305873699425106,19.1373023815378,19.2490681947778,13.0904813747973,23.601492663857,5000,0
114,40,"moderate","85_15","balanced",0.1,"independent","aggregate_hksj",0.4006,0.00692992986977502,0.9504,0.00307049963361014,38,38,38,38,5000,0
114,40,"moderate","85_15","balanced",0.1,"independent","che_rve",0.3362,0.00668086162107853,0.9492,0.00310545842026584,6.59653962582552,6.63228958572943,4.78218302813405,7.46694826574473,5000,0
114,40,"moderate","85_15","balanced",0.1,"independent","mlma",0.4382,0.0070168477252966,0.938,0.00341045451516363,NA,NA,NA,NA,5000,0
114,40,"moderate","85_15","balanced",0.1,"independent","mlma_cr2",0.3362,0.00668086162107853,0.9492,0.00310545842026584,6.59653964438052,6.63228939858597,4.78218353139273,7.46694837797295,5000,0
116,40,"moderate","85_15","moderate",0.1,"independent","aggregate_hksj",0.4008,0.00693050301204754,0.95,0.00308220700148449,38,38,38,38,5000,0
116,40,"moderate","85_15","moderate",0.1,"independent","che_rve",0.3364,0.00668184166229641,0.9566,0.00288154264240528,6.54572820285991,6.57377387144251,4.39445440695905,7.575581483711,5000,0
116,40,"moderate","85_15","moderate",0.1,"independent","mlma",0.4362,0.00701326685646568,0.9384,0.00340015999623547,NA,NA,NA,NA,5000,0
116,40,"moderate","85_15","moderate",0.1,"independent","mlma_cr2",0.3378,0.00668866444067872,0.9566,0.00288154264240528,6.57957367276178,6.61091632220851,4.81179752655034,7.4796534650335,5000,0
118,40,"moderate","85_15","severe",0.1,"independent","aggregate_hksj",0.3768,0.0068530542096207,0.9526,0.00300510365877785,38,38,38,38,5000,0
118,40,"moderate","85_15","severe",0.1,"independent","che_rve",0.3018,0.00649179112418137,0.954,0.00296256645495084,6.33693310131534,6.37827454453743,2.68331071529987,7.83869927755012,5000,0
118,40,"moderate","85_15","severe",0.1,"independent","mlma",0.4058,0.00694444180622172,0.9448,0.00322964270469661,NA,NA,NA,NA,5000,0
118,40,"moderate","85_15","severe",0.1,"independent","mlma_cr2",0.2966,0.00645954239865333,0.9538,0.00296868859936505,6.50953005314891,6.55364214549889,2.66956395287137,7.69052175174384,5000,0
120,40,"moderate","85_15","extreme",0.1,"independent","aggregate_hksj",0.33,0.00664981202741852,0.9508,0.00305873699425106,38,38,38,38,5000,0
120,40,"moderate","85_15","extreme",0.1,"independent","che_rve",0.2608,0.00620940190356527,0.9562,0.00289418589589542,5.84696495831519,5.89274727849749,2.33805351897115,8.97842130353509,5000,0
120,40,"moderate","85_15","extreme",0.1,"independent","mlma",0.3442,0.00671902314328504,0.9444,0.00324063697442339,NA,NA,NA,NA,5000,0
120,40,"moderate","85_15","extreme",0.1,"independent","mlma_cr2",0.2544,0.00615923112084617,0.9576,0.00284963997726029,6.32561697080785,6.41340917778899,3.41692296728331,7.84550835578671,5000,0
122,40,"severe","50_50","balanced",0.1,"independent","aggregate_hksj",0.6038,0.00691701611968629,0.9528,0.00299907185642492,38,38,38,38,5000,0
122,40,"severe","50_50","balanced",0.1,"independent","che_rve",0.625,0.00684653196881458,0.9522,0.00301712313305241,34.8297842606686,35.2963041560323,22.7635139069455,37.4763766880072,5000,0
122,40,"severe","50_50","balanced",0.1,"independent","mlma",0.6534,0.00673005854357895,0.9424,0.00329491244193226,NA,NA,NA,NA,5000,0
122,40,"severe","50_50","balanced",0.1,"independent","mlma_cr2",0.625,0.00684653196881458,0.9522,0.00301712313305241,34.8273031163204,35.2963031331752,14.9210827342422,37.4763768497754,5000,0
124,40,"severe","50_50","moderate",0.1,"independent","aggregate_hksj",0.5938,0.00694552460221688,0.9504,0.00307049963361014,38,38,38,38,5000,0
124,40,"severe","50_50","moderate",0.1,"independent","che_rve",0.6142,0.00688416095105279,0.9472,0.00316266216975509,34.5186055394953,35.0264651792977,20.1788546932538,37.5851997108003,5000,0
124,40,"severe","50_50","moderate",0.1,"independent","mlma",0.6438,0.00677231954355374,0.94,0.00335857112474933,NA,NA,NA,NA,5000,0
124,40,"severe","50_50","moderate",0.1,"independent","mlma_cr2",0.6134,0.00688680535517013,0.9482,0.0031342227106573,34.6411544883164,35.103045942014,14.6709358362111,37.5840242246419,5000,0
126,40,"severe","50_50","severe",0.1,"independent","aggregate_hksj",0.5786,0.00698315172397106,0.9544,0.00295027591929975,38,38,38,38,5000,0
126,40,"severe","50_50","severe",0.1,"independent","che_rve",0.5948,0.00694280865356377,0.9518,0.00302908435009658,33.2794398752911,33.9014830455227,15.6383832571219,37.1123005261043,5000,0
126,40,"severe","50_50","severe",0.1,"independent","mlma",0.6156,0.00687948602731338,0.9432,0.00327333957908433,NA,NA,NA,NA,5000,0
126,40,"severe","50_50","severe",0.1,"independent","mlma_cr2",0.589,0.00695814630487172,0.9504,0.00307049963361014,33.9526407820782,34.4140590355511,14.1954219092803,37.3664312372286,5000,0
128,40,"severe","50_50","extreme",0.1,"independent","aggregate_hksj",0.5226,0.00706384088156012,0.9402,0.00335332551357604,38,38,38,38,5000,0
128,40,"severe","50_50","extreme",0.1,"independent","che_rve",0.5356,0.00705312186198424,0.9416,0.00331630637909105,30.2658376535211,31.1248545498465,8.72597325395054,35.9329264421189,5000,0
128,40,"severe","50_50","extreme",0.1,"independent","mlma",0.5504,0.00703505280719342,0.9324,0.0035504996831432,NA,NA,NA,NA,5000,0
128,40,"severe","50_50","extreme",0.1,"independent","mlma_cr2",0.519,0.00706596065655619,0.941,0.00333223648620562,32.2610235890521,32.7608495280396,7.55730155564775,36.6161315781815,5000,0
130,40,"severe","70_30","balanced",0.1,"independent","aggregate_hksj",0.5312,0.00705728786432862,0.9554,0.00291927525252416,38,38,38,38,5000,0
130,40,"severe","70_30","balanced",0.1,"independent","che_rve",0.5332,0.00705546256456655,0.953,0.00299302522541993,19.2426457055299,19.3952569790261,11.0095330588332,22.9422828088972,5000,0
130,40,"severe","70_30","balanced",0.1,"independent","mlma",0.575,0.00699106572705478,0.9428,0.00328414859590732,NA,NA,NA,NA,5000,0
130,40,"severe","70_30","balanced",0.1,"independent","mlma_cr2",0.5332,0.00705546256456655,0.953,0.00299302522541993,19.2419803109187,19.3952596468197,10.9003450759826,22.9422827320292,5000,0
132,40,"severe","70_30","moderate",0.1,"independent","aggregate_hksj",0.5182,0.00706638181815843,0.9496,0.00309385972532693,38,38,38,38,5000,0
132,40,"severe","70_30","moderate",0.1,"independent","che_rve",0.5186,0.00706617350480442,0.9482,0.0031342227106573,19.0803805020384,19.2788549530738,9.74625512929619,23.6604741149255,5000,0
132,40,"severe","70_30","moderate",0.1,"independent","mlma",0.5648,0.0070114329491196,0.9446,0.00323514574633045,NA,NA,NA,NA,5000,0
132,40,"severe","70_30","moderate",0.1,"independent","mlma_cr2",0.5174,0.00706678484177918,0.9496,0.00309385972532693,19.1420104717735,19.308907602147,6.71892440000424,23.3384108925446,5000,0
134,40,"severe","70_30","severe",0.1,"independent","aggregate_hksj",0.504,0.00707084153407499,0.9526,0.00300510365877785,38,38,38,38,5000,0
134,40,"severe","70_30","severe",0.1,"independent","che_rve",0.5014,0.00707104009322532,0.952,0.00302311098043059,18.4608046926939,18.6649394622342,8.68003158972382,23.5689698343005,5000,0
134,40,"severe","70_30","severe",0.1,"independent","mlma",0.5452,0.00704211559121263,0.9456,0.0032075111847038,NA,NA,NA,NA,5000,0
134,40,"severe","70_30","severe",0.1,"independent","mlma_cr2",0.4988,0.00707104744716085,0.955,0.00293172304285381,18.7851147840889,18.945111605831,8.09816807272278,23.7936056663008,5000,0
136,40,"severe","70_30","extreme",0.1,"independent","aggregate_hksj",0.4334,0.00700805878970775,0.954,0.00296256645495084,38,38,38,38,5000,0
136,40,"severe","70_30","extreme",0.1,"independent","che_rve",0.4276,0.00699654543328349,0.9474,0.00315699984162179,16.9768500232073,17.1631769679417,4.18309105988648,23.3789518724018,5000,0
136,40,"severe","70_30","extreme",0.1,"independent","mlma",0.4632,0.00705188995943641,0.9434,0.00326791799162708,NA,NA,NA,NA,5000,0
136,40,"severe","70_30","extreme",0.1,"independent","mlma_cr2",0.4204,0.00698088590366581,0.9532,0.00298696367570816,17.9569901748216,18.1146999070119,6.02176680829467,24.5534605349971,5000,0
138,40,"severe","85_15","balanced",0.1,"independent","aggregate_hksj",0.3472,0.00673278783268863,0.9554,0.00291927525252416,38,38,38,38,5000,0
138,40,"severe","85_15","balanced",0.1,"independent","che_rve",0.297,0.00646205849555697,0.9552,0.00292550713552368,6.38029696588882,6.43176443419026,3.23675122674584,9.48814463468015,5000,0
138,40,"severe","85_15","balanced",0.1,"independent","mlma",0.3922,0.00690476878686028,0.946,0.00319637294444813,NA,NA,NA,NA,5000,0
138,40,"severe","85_15","balanced",0.1,"independent","mlma_cr2",0.297,0.00646205849555697,0.9552,0.00292550713552368,6.37990855121693,6.4317650872008,2.63534525595307,9.48814452852716,5000,0
140,40,"severe","85_15","moderate",0.1,"independent","aggregate_hksj",0.358,0.00677991150384723,0.9478,0.00314563697841948,38,38,38,38,5000,0
140,40,"severe","85_15","moderate",0.1,"independent","che_rve",0.2992,0.00647579122578855,0.9538,0.00296868859936505,6.33041746009805,6.39911262735583,3.02992657566706,7.99048733714199,5000,0
140,40,"severe","85_15","moderate",0.1,"independent","mlma",0.3968,0.00691881145862496,0.937,0.00343601513384327,NA,NA,NA,NA,5000,0
140,40,"severe","85_15","moderate",0.1,"independent","mlma_cr2",0.2956,0.00645322616990913,0.953,0.00299302522541993,6.34208816627399,6.40308196170289,3.23980244173595,8.45942431794005,5000,0
142,40,"severe","85_15","severe",0.1,"independent","aggregate_hksj",0.3248,0.00662276316955393,0.9532,0.00298696367570816,38,38,38,38,5000,0
142,40,"severe","85_15","severe",0.1,"independent","che_rve",0.2626,0.00622320239105238,0.962,0.0027039230758289,6.13643928143246,6.2390129171666,3.11558355264561,7.79120298954437,5000,0
142,40,"severe","85_15","severe",0.1,"independent","mlma",0.3634,0.00680206498057759,0.947,0.00316831185333767,NA,NA,NA,NA,5000,0
142,40,"severe","85_15","severe",0.1,"independent","mlma_cr2",0.262,0.00621861720963753,0.9614,0.00272433624943765,6.21562641825839,6.29475183341827,2.68555685185716,7.98257071100136,5000,0
144,40,"severe","85_15","extreme",0.1,"independent","aggregate_hksj",0.3008,0.00648566665810077,0.9494,0.00309966578843591,38,38,38,38,5000,0
144,40,"severe","85_15","extreme",0.1,"independent","che_rve",0.239,0.00603123536267654,0.9568,0.00287519599331941,5.68526564080042,5.75688725851623,2.14201598153411,8.0098314417037,5000,0
144,40,"severe","85_15","extreme",0.1,"independent","mlma",0.3302,0.00665083393267341,0.9426,0.0032895361375124,NA,NA,NA,NA,5000,0
144,40,"severe","85_15","extreme",0.1,"independent","mlma_cr2",0.2398,0.00603814474818218,0.9602,0.00276463234445378,5.939357628008,5.99751231064934,1.96557555467861,7.95766209806966,5000,0
146,80,"balanced","50_50","balanced",0.1,"independent","aggregate_hksj",0.9574,0.00285605462132642,0.9486,0.00312275647465504,78,78,78,78,5000,0
146,80,"balanced","50_50","balanced",0.1,"independent","che_rve",0.9574,0.00285605462132642,0.9486,0.00312275647465504,78,78,77.9999999999999,78.0000000000001,5000,0
146,80,"balanced","50_50","balanced",0.1,"independent","mlma",0.9594,0.00279111590586991,0.946,0.00319637294444813,NA,NA,NA,NA,5000,0
146,80,"balanced","50_50","balanced",0.1,"independent","mlma_cr2",0.9574,0.00285605462132642,0.9486,0.00312275647465504,78,78,77.9999999999999,78.0000000000001,5000,0
148,80,"balanced","50_50","moderate",0.1,"independent","aggregate_hksj",0.9526,0.00300510365877785,0.948,0.00313993630508646,78,78,78,78,5000,0
148,80,"balanced","50_50","moderate",0.1,"independent","che_rve",0.952,0.00302311098043059,0.9484,0.00312849612433834,77.3815942339872,77.4113786075716,75.9294911478876,77.783525721126,5000,0
148,80,"balanced","50_50","moderate",0.1,"independent","mlma",0.9544,0.00295027591929975,0.9436,0.00326248494249399,NA,NA,NA,NA,5000,0
148,80,"balanced","50_50","moderate",0.1,"independent","mlma_cr2",0.9518,0.00302908435009658,0.9474,0.00315699984162179,77.8880836824931,77.8940826811695,77.5551809698632,77.9625161307317,5000,0
150,80,"balanced","50_50","severe",0.1,"independent","aggregate_hksj",0.9332,0.00353094208392038,0.9502,0.00307636018697421,78,78,78,78,5000,0
150,80,"balanced","50_50","severe",0.1,"independent","che_rve",0.9332,0.00353094208392038,0.9508,0.00305873699425106,74.828824667673,74.9248513967315,69.505892503575,76.5654289223605,5000,0
150,80,"balanced","50_50","severe",0.1,"independent","mlma",0.934,0.00351123909752668,0.9468,0.00317394895989208,NA,NA,NA,NA,5000,0
150,80,"balanced","50_50","severe",0.1,"independent","mlma_cr2",0.93,0.00360832371053374,0.9504,0.00307049963361014,77.2068475140673,77.2366206312267,75.550202699488,77.6985562805251,5000,0
152,80,"balanced","50_50","extreme",0.1,"independent","aggregate_hksj",0.9022,0.00420083705944422,0.9548,0.00293792307591605,78,78,78,78,5000,0
152,80,"balanced","50_50","extreme",0.1,"independent","che_rve",0.9018,0.00420848571341284,0.9548,0.00293792307591605,69.0976494346877,69.3152404207324,56.3086102708637,73.9092516014484,5000,0
152,80,"balanced","50_50","extreme",0.1,"independent","mlma",0.896,0.00431703602023425,0.9498,0.00308804015517933,NA,NA,NA,NA,5000,0
152,80,"balanced","50_50","extreme",0.1,"independent","mlma_cr2",0.8904,0.00441786916963371,0.9546,0.00294410733499986,75.4809736383489,75.5746140024625,69.8824373097462,77.1450802525233,5000,0
154,80,"balanced","70_30","balanced",0.1,"independent","aggregate_hksj",0.916,0.00392285610238255,0.9456,0.0032075111847038,78,78,78,78,5000,0
154,80,"balanced","70_30","balanced",0.1,"independent","che_rve",0.9126,0.00399402653972154,0.9478,0.00314563697841948,43.5906271536871,43.5906271536871,43.5906271536866,43.5906271536876,5000,0
154,80,"balanced","70_30","balanced",0.1,"independent","mlma",0.9206,0.00382349682882045,0.9426,0.0032895361375124,NA,NA,NA,NA,5000,0
154,80,"balanced","70_30","balanced",0.1,"independent","mlma_cr2",0.9126,0.00399402653972154,0.9478,0.00314563697841948,43.5906271536871,43.5906271536871,43.5906271536865,43.5906271536876,5000,0
156,80,"balanced","70_30","moderate",0.1,"independent","aggregate_hksj",0.903,0.0041854748834511,0.9488,0.0031170036894428,78,78,78,78,5000,0
156,80,"balanced","70_30","moderate",0.1,"independent","che_rve",0.8962,0.00431336434816258,0.9486,0.00312275647465504,43.2495187422759,43.2762444350065,40.9379084051948,44.7428214964811,5000,0
156,80,"balanced","70_30","moderate",0.1,"independent","mlma",0.906,0.00412708129311745,0.9464,0.00318518570887162,NA,NA,NA,NA,5000,0
156,80,"balanced","70_30","moderate",0.1,"independent","mlma_cr2",0.8952,0.00433167311786104,0.949,0.00311123769583746,43.52790657671,43.538375353019,42.6266291519271,44.1174664997054,5000,0
158,80,"balanced","70_30","severe",0.1,"independent","aggregate_hksj",0.892,0.00438944187796125,0.947,0.00316831185333767,78,78,78,78,5000,0
158,80,"balanced","70_30","severe",0.1,"independent","che_rve",0.8846,0.00451846965243765,0.9474,0.00315699984162179,41.8734018260896,41.9450621252398,35.826198514216,46.4931245724513,5000,0
158,80,"balanced","70_30","severe",0.1,"independent","mlma",0.8938,0.00435709903490843,0.9424,0.00329491244193226,NA,NA,NA,NA,5000,0
158,80,"balanced","70_30","severe",0.1,"independent","mlma_cr2",0.8802,0.00459234057970443,0.9456,0.0032075111847038,43.1654941453142,43.2139015033529,40.3934411327177,45.1272309246201,5000,0
160,80,"balanced","70_30","extreme",0.1,"independent","aggregate_hksj",0.8406,0.00517671015221057,0.9518,0.00302908435009658,78,78,78,78,5000,0
160,80,"balanced","70_30","extreme",0.1,"independent","che_rve",0.8312,0.00529729289354478,0.9546,0.00294410733499986,38.7556361029452,38.8308791431245,27.2585841327944,47.6777527290311,5000,0
160,80,"balanced","70_30","extreme",0.1,"independent","mlma",0.8308,0.00530228931688945,0.952,0.00302311098043059,NA,NA,NA,NA,5000,0
160,80,"balanced","70_30","extreme",0.1,"independent","mlma_cr2",0.8182,0.00545433332314775,0.9554,0.00291927525252416,42.2170658104826,42.2747535716248,36.2736902511363,46.0997777902662,5000,0
162,80,"balanced","85_15","balanced",0.1,"independent","aggregate_hksj",0.7484,0.0061367326811586,0.9482,0.0031342227106573,78,78,78,78,5000,0
162,80,"balanced","85_15","balanced",0.1,"independent","che_rve",0.702,0.00646832281198148,0.9494,0.00309966578843591,15.1474668584935,15.1474668584935,15.1474668584934,15.1474668584936,5000,0
162,80,"balanced","85_15","balanced",0.1,"independent","mlma",0.758,0.00605699595509193,0.9446,0.00323514574633045,NA,NA,NA,NA,5000,0
162,80,"balanced","85_15","balanced",0.1,"independent","mlma_cr2",0.702,0.00646832281198148,0.9494,0.00309966578843591,15.1474668584935,15.1474668584935,15.1474668584934,15.1474668584936,5000,0
164,80,"balanced","85_15","moderate",0.1,"independent","aggregate_hksj",0.7242,0.00632035378756601,0.9488,0.0031170036894428,78,78,78,78,5000,0
164,80,"balanced","85_15","moderate",0.1,"independent","che_rve",0.6798,0.00659805971479495,0.9476,0.00315132480077824,15.0312582710799,15.044143241157,14.2538788210468,15.5350921051658,5000,0
164,80,"balanced","85_15","moderate",0.1,"independent","mlma",0.735,0.00624139407504445,0.9442,0.00324611644892786,NA,NA,NA,NA,5000,0
164,80,"balanced","85_15","moderate",0.1,"independent","mlma_cr2",0.6794,0.00660023696544298,0.9476,0.00315132480077824,15.1268039566042,15.1313282963627,14.8276177382497,15.3108700155959,5000,0
166,80,"balanced","85_15","severe",0.1,"independent","aggregate_hksj",0.6918,0.0065301264918836,0.9438,0.00325704037432759,78,78,78,78,5000,0
166,80,"balanced","85_15","severe",0.1,"independent","che_rve",0.645,0.00676720030736493,0.9478,0.00314563697841948,14.5373874352407,14.5940939427564,11.2315129931643,15.8409162742785,5000,0
166,80,"balanced","85_15","severe",0.1,"independent","mlma",0.6958,0.00650634090714589,0.941,0.00333223648620562,NA,NA,NA,NA,5000,0
166,80,"balanced","85_15","severe",0.1,"independent","mlma_cr2",0.639,0.0067923339140534,0.9476,0.00315132480077824,14.9941257075461,15.0362442827923,13.486379161275,15.5184104957749,5000,0
168,80,"balanced","85_15","extreme",0.1,"independent","aggregate_hksj",0.6358,0.00680526795945611,0.9496,0.00309385972532693,78,78,78,78,5000,0
168,80,"balanced","85_15","extreme",0.1,"independent","che_rve",0.5848,0.00696862913348099,0.951,0.00305283474822991,13.4351218745173,13.4654725507368,9.56103001989007,16.8442491622982,5000,0
168,80,"balanced","85_15","extreme",0.1,"independent","mlma",0.6318,0.00682097881539006,0.9472,0.00316266216975509,NA,NA,NA,NA,5000,0
168,80,"balanced","85_15","extreme",0.1,"independent","mlma_cr2",0.5772,0.00698627454370353,0.954,0.00296256645495084,14.6618683090609,14.6839687486996,12.7705986660557,16.0228295796939,5000,0
170,80,"moderate","50_50","balanced",0.1,"independent","aggregate_hksj",0.929,0.00363205176174569,0.95,0.00308220700148449,78,78,78,78,5000,0
170,80,"moderate","50_50","balanced",0.1,"independent","che_rve",0.938,0.00341045451516363,0.9498,0.00308804015517933,74.8348135468769,74.9455079416177,69.6976790593416,76.9744679226391,5000,0
170,80,"moderate","50_50","balanced",0.1,"independent","mlma",0.9402,0.00335332551357604,0.9474,0.00315699984162179,NA,NA,NA,NA,5000,0
170,80,"moderate","50_50","balanced",0.1,"independent","mlma_cr2",0.938,0.00341045451516363,0.9498,0.00308804015517933,74.8348138017489,74.9455095494856,69.6976790206443,76.9744698437786,5000,0
172,80,"moderate","50_50","moderate",0.1,"independent","aggregate_hksj",0.9286,0.0036414843127494,0.9494,0.00309966578843591,78,78,78,78,5000,0
172,80,"moderate","50_50","moderate",0.1,"independent","che_rve",0.9352,0.00348140661227613,0.9492,0.00310545842026584,74.2526303104483,74.3965023151649,68.2296946055673,76.6364531737223,5000,0
172,80,"moderate","50_50","moderate",0.1,"independent","mlma",0.939,0.00338464178311384,0.9452,0.00321860093829602,NA,NA,NA,NA,5000,0
172,80,"moderate","50_50","moderate",0.1,"independent","mlma_cr2",0.9346,0.00349636496950762,0.9484,0.00312849612433834,74.6443869263937,74.7505058518213,69.8001142459116,76.7599979488609,5000,0
174,80,"moderate","50_50","severe",0.1,"independent","aggregate_hksj",0.9098,0.00405127041802939,0.9514,0.0030409879973456,78,78,78,78,5000,0
174,80,"moderate","50_50","severe",0.1,"independent","che_rve",0.9186,0.0038671446830963,0.9512,0.00304691844328003,71.7887106087132,71.9931738178745,63.9795135262381,75.9845371564473,5000,0
174,80,"moderate","50_50","severe",0.1,"independent","mlma",0.921,0.0038146821623826,0.9482,0.0031342227106573,NA,NA,NA,NA,5000,0
174,80,"moderate","50_50","severe",0.1,"independent","mlma_cr2",0.9164,0.00391435920681789,0.9496,0.00309385972532693,73.7475354904934,73.8583831454552,68.3055092577689,76.7845004382146,5000,0
176,80,"moderate","50_50","extreme",0.1,"independent","aggregate_hksj",0.8626,0.00486870085341049,0.9514,0.0030409879973456,78,78,78,78,5000,0
176,80,"moderate","50_50","extreme",0.1,"independent","che_rve",0.8778,0.00463178496910208,0.9514,0.0030409879973456,66.2917876535561,66.6578117048307,49.0530078921881,72.6888080132415,5000,0
176,80,"moderate","50_50","extreme",0.1,"independent","mlma",0.8698,0.00475915874919087,0.9464,0.00318518570887162,NA,NA,NA,NA,5000,0
176,80,"moderate","50_50","extreme",0.1,"independent","mlma_cr2",0.8618,0.00488058930867984,0.9506,0.0030646252625729,71.7449016396102,71.916405037085,60.7277160781578,76.0530794269294,5000,0
178,80,"moderate","70_30","balanced",0.1,"independent","aggregate_hksj",0.8798,0.00459895553359673,0.948,0.00313993630508646,78,78,78,78,5000,0
178,80,"moderate","70_30","balanced",0.1,"independent","che_rve",0.8856,0.00450139178477057,0.9484,0.00312849612433834,41.9008752973602,41.9413767834732,35.480441399226,46.6767423322162,5000,0
178,80,"moderate","70_30","balanced",0.1,"independent","mlma",0.9006,0.00423130334530627,0.945,0.0032241277890307,NA,NA,NA,NA,5000,0
178,80,"moderate","70_30","balanced",0.1,"independent","mlma_cr2",0.8856,0.00450139178477057,0.9484,0.00312849612433834,41.9008755479053,41.9413746926488,35.4804463532811,46.6767422733052,5000,0
180,80,"moderate","70_30","moderate",0.1,"independent","aggregate_hksj",0.8808,0.00458238715081997,0.953,0.00299302522541993,78,78,78,78,5000,0
180,80,"moderate","70_30","moderate",0.1,"independent","che_rve",0.8856,0.00450139178477057,0.951,0.00305283474822991,41.5383912741183,41.6154266640095,34.4182551176769,46.0395931531672,5000,0
180,80,"moderate","70_30","moderate",0.1,"independent","mlma",0.8956,0.00432436446197589,0.9468,0.00317394895989208,NA,NA,NA,NA,5000,0
180,80,"moderate","70_30","moderate",0.1,"independent","mlma_cr2",0.8856,0.00450139178477057,0.9502,0.00307636018697421,41.7498831806061,41.8188518553929,34.8780527414143,46.0155960839072,5000,0
182,80,"moderate","70_30","severe",0.1,"independent","aggregate_hksj",0.8542,0.00499083880725475,0.952,0.00302311098043059,78,78,78,78,5000,0
182,80,"moderate","70_30","severe",0.1,"independent","che_rve",0.854,0.00499367600070329,0.9494,0.00309966578843591,40.2620302719085,40.3504096694158,32.3303586435226,46.3526022122749,5000,0
182,80,"moderate","70_30","severe",0.1,"independent","mlma",0.8648,0.00483572042202607,0.9472,0.00316266216975509,NA,NA,NA,NA,5000,0
182,80,"moderate","70_30","severe",0.1,"independent","mlma_cr2",0.8508,0.00503863791118195,0.9498,0.00308804015517933,41.3247749625293,41.4286006186626,34.9623045082418,46.5783117349431,5000,0
184,80,"moderate","70_30","extreme",0.1,"independent","aggregate_hksj",0.8034,0.00562047044294337,0.9462,0.00319078548323136,78,78,78,78,5000,0
184,80,"moderate","70_30","extreme",0.1,"independent","che_rve",0.8018,0.00563767256942083,0.9482,0.0031342227106573,37.1311084765968,37.3023077451307,24.0876479738174,47.730152870692,5000,0
184,80,"moderate","70_30","extreme",0.1,"independent","mlma",0.8022,0.00563338548299333,0.949,0.00311123769583746,NA,NA,NA,NA,5000,0
184,80,"moderate","70_30","extreme",0.1,"independent","mlma_cr2",0.7812,0.00584682067452047,0.953,0.00299302522541993,40.1410856530082,40.3291785724924,29.4344282730058,47.1763925328077,5000,0
186,80,"moderate","85_15","balanced",0.1,"independent","aggregate_hksj",0.6922,0.00652777389314305,0.9558,0.00290676314824583,78,78,78,78,5000,0
186,80,"moderate","85_15","balanced",0.1,"independent","che_rve",0.6542,0.00672640111798278,0.9534,0.00298088711627931,14.5446475040843,14.5581298345527,12.3572518009177,16.145020154855,5000,0
186,80,"moderate","85_15","balanced",0.1,"independent","mlma",0.7206,0.00634563850215248,0.9484,0.00312849612433834,NA,NA,NA,NA,5000,0
186,80,"moderate","85_15","balanced",0.1,"independent","mlma_cr2",0.6542,0.00672640111798278,0.9534,0.00298088711627931,14.5446475988987,14.5581296100059,12.3572513642204,16.145020202949,5000,0
188,80,"moderate","85_15","moderate",0.1,"independent","aggregate_hksj",0.6692,0.00665389149295358,0.947,0.00316831185333767,78,78,78,78,5000,0
188,80,"moderate","85_15","moderate",0.1,"independent","che_rve",0.6376,0.00679803265658529,0.9468,0.00317394895989208,14.4263818183114,14.460493669695,11.3915016133406,15.9982840949467,5000,0
188,80,"moderate","85_15","moderate",0.1,"independent","mlma",0.6926,0.00652541554232372,0.9424,0.00329491244193226,NA,NA,NA,NA,5000,0
188,80,"moderate","85_15","moderate",0.1,"independent","mlma_cr2",0.6372,0.00679964940272659,0.9458,0.00320194815698193,14.4999088617504,14.5336610930231,11.655262648241,16.1498117915864,5000,0
190,80,"moderate","85_15","severe",0.1,"independent","aggregate_hksj",0.6418,0.00678074863123534,0.9494,0.00309966578843591,78,78,78,78,5000,0
190,80,"moderate","85_15","severe",0.1,"independent","che_rve",0.6052,0.00691278467768236,0.9496,0.00309385972532693,13.9528839755087,14.0084378707472,10.56968253482,16.2344662761629,5000,0
190,80,"moderate","85_15","severe",0.1,"independent","mlma",0.6614,0.00669253375038184,0.9432,0.00327333957908433,NA,NA,NA,NA,5000,0
190,80,"moderate","85_15","severe",0.1,"independent","mlma_cr2",0.603,0.0069194074890846,0.9518,0.00302908435009658,14.3292018607906,14.3794579624499,11.0856144870778,16.0607891199858,5000,0
192,80,"moderate","85_15","extreme",0.1,"independent","aggregate_hksj",0.5934,0.00694660262286537,0.9468,0.00317394895989208,78,78,78,78,5000,0
192,80,"moderate","85_15","extreme",0.1,"independent","che_rve",0.551,0.00703418794175987,0.9506,0.0030646252625729,12.9114243997329,12.952878405614,8.49817418783478,16.4081231236578,5000,0
192,80,"moderate","85_15","extreme",0.1,"independent","mlma",0.6014,0.00692413229220817,0.9448,0.00322964270469661,NA,NA,NA,NA,5000,0
192,80,"moderate","85_15","extreme",0.1,"independent","mlma_cr2",0.5434,0.00704437988754156,0.9502,0.00307636018697421,13.9521750721367,14.0310516989881,10.2422885945174,16.3772902707983,5000,0
194,80,"severe","50_50","balanced",0.1,"independent","aggregate_hksj",0.8988,0.00426517432234604,0.9528,0.00299907185642492,78,78,78,78,5000,0
194,80,"severe","50_50","balanced",0.1,"independent","che_rve",0.9104,0.00403910485132535,0.9506,0.0030646252625729,72.3342494290399,72.7297127112154,52.6857083588204,76.3231651783623,5000,0
194,80,"severe","50_50","balanced",0.1,"independent","mlma",0.917,0.00390156378904664,0.9462,0.00319078548323136,NA,NA,NA,NA,5000,0
194,80,"severe","50_50","balanced",0.1,"independent","mlma_cr2",0.9104,0.00403910485132535,0.9506,0.0030646252625729,72.3342510636598,72.7297125851967,52.685704295678,76.3231645833409,5000,0
196,80,"severe","50_50","moderate",0.1,"independent","aggregate_hksj",0.877,0.00464480354805238,0.952,0.00302311098043059,78,78,78,78,5000,0
196,80,"severe","50_50","moderate",0.1,"independent","che_rve",0.8878,0.00446343275965932,0.9544,0.00295027591929975,71.6746635911582,72.121847219818,56.9705021655448,76.1443875212798,5000,0
196,80,"severe","50_50","moderate",0.1,"independent","mlma",0.8934,0.00436431987828573,0.9502,0.00307636018697421,NA,NA,NA,NA,5000,0
196,80,"severe","50_50","moderate",0.1,"independent","mlma_cr2",0.8866,0.00448420427723805,0.954,0.00296256645495084,71.8705537074995,72.2665384527648,56.9073981397996,76.1838075755409,5000,0
198,80,"severe","50_50","severe",0.1,"independent","aggregate_hksj",0.8616,0.00488355280507951,0.9574,0.00285605462132642,78,78,78,78,5000,0
198,80,"severe","50_50","severe",0.1,"independent","che_rve",0.8738,0.0046962444570103,0.9562,0.00289418589589542,69.3362650068229,69.9137620106467,44.7005322294057,75.29153321877,5000,0
198,80,"severe","50_50","severe",0.1,"independent","mlma",0.8746,0.00468347819467541,0.9544,0.00295027591929975,NA,NA,NA,NA,5000,0
198,80,"severe","50_50","severe",0.1,"independent","mlma_cr2",0.869,0.00477156158924937,0.9578,0.00284320804725929,70.4828495702055,70.8903012163797,53.0628626923891,75.8524355803383,5000,0
200,80,"severe","50_50","extreme",0.1,"independent","aggregate_hksj",0.8194,0.00544028749240332,0.953,0.00299302522541993,78,78,78,78,5000,0
200,80,"severe","50_50","extreme",0.1,"independent","che_rve",0.8316,0.00529228570657329,0.9492,0.00310545842026584,63.8511438718429,64.5500788686401,30.0453704943768,72.5577638704232,5000,0
200,80,"severe","50_50","extreme",0.1,"independent","mlma",0.8236,0.00539041816559717,0.945,0.0032241277890307,NA,NA,NA,NA,5000,0
200,80,"severe","50_50","extreme",0.1,"independent","mlma_cr2",0.8142,0.00550051561219491,0.9492,0.00310545842026584,67.4787029195499,67.8493534511858,50.0202512835948,74.23241701821,5000,0
202,80,"severe","70_30","balanced",0.1,"independent","aggregate_hksj",0.8342,0.00525947449846465,0.9498,0.00308804015517933,78,78,78,78,5000,0
202,80,"severe","70_30","balanced",0.1,"independent","che_rve",0.8468,0.00509371691400298,0.9476,0.00315132480077824,40.5100529374183,40.677239268382,31.7045547004954,46.226645595627,5000,0
202,80,"severe","70_30","balanced",0.1,"independent","mlma",0.863,0.00486273585546244,0.9434,0.00326791799162708,NA,NA,NA,NA,5000,0
202,80,"severe","70_30","balanced",0.1,"independent","mlma_cr2",0.8468,0.00509371691400298,0.9476,0.00315132480077824,40.5100537059562,40.6772418831266,31.7045413652022,46.2266457103724,5000,0
204,80,"severe","70_30","moderate",0.1,"independent","aggregate_hksj",0.8304,0.00530727500700689,0.9528,0.00299907185642492,78,78,78,78,5000,0
204,80,"severe","70_30","moderate",0.1,"independent","che_rve",0.8396,0.00518983313797274,0.9536,0.00297479545515318,40.1437009182335,40.323445431713,31.7809645594575,45.7598554618491,5000,0
204,80,"severe","70_30","moderate",0.1,"independent","mlma",0.855,0.00497945780180935,0.9482,0.0031342227106573,NA,NA,NA,NA,5000,0
204,80,"severe","70_30","moderate",0.1,"independent","mlma_cr2",0.8384,0.00520548633654916,0.9542,0.00295642892693195,40.2550080407685,40.4083409257992,32.1620188003856,45.4307406215657,5000,0
206,80,"severe","70_30","severe",0.1,"independent","aggregate_hksj",0.7966,0.00569259940624668,0.9506,0.0030646252625729,78,78,78,78,5000,0
206,80,"severe","70_30","severe",0.1,"independent","che_rve",0.8014,0.0056419507264775,0.948,0.00313993630508646,38.8066087753093,39.0348463958574,24.8823088521194,46.1360472766746,5000,0
206,80,"severe","70_30","severe",0.1,"independent","mlma",0.8172,0.00546597036215895,0.9442,0.00324611644892786,NA,NA,NA,NA,5000,0
206,80,"severe","70_30","severe",0.1,"independent","mlma_cr2",0.797,0.00568842684755636,0.9466,0.00317957355631223,39.4374670502173,39.6399705966726,27.5570464588652,48.197986063026,5000,0
208,80,"severe","70_30","extreme",0.1,"independent","aggregate_hksj",0.7346,0.00624440293382802,0.9468,0.00317394895989208,78,78,78,78,5000,0
208,80,"severe","70_30","extreme",0.1,"independent","che_rve",0.7422,0.00618609990220009,0.9468,0.00317394895989208,35.9287776114228,36.208000898488,15.2909201322333,46.8536073076889,5000,0
208,80,"severe","70_30","extreme",0.1,"independent","mlma",0.7426,0.0061829643375973,0.944,0.00325158422926425,NA,NA,NA,NA,5000,0
208,80,"severe","70_30","extreme",0.1,"independent","mlma_cr2",0.7254,0.00631181178426607,0.9492,0.00310545842026584,37.8735591802029,38.069200626561,26.3376994613574,48.2407539439196,5000,0
210,80,"severe","85_15","balanced",0.1,"independent","aggregate_hksj",0.6232,0.0068530542096207,0.9484,0.00312849612433834,78,78,78,78,5000,0
210,80,"severe","85_15","balanced",0.1,"independent","che_rve",0.5992,0.00693050301204754,0.9556,0.00291302729132427,14.0778333105096,14.1420600231549,9.68095558986476,15.9250170196715,5000,0
210,80,"severe","85_15","balanced",0.1,"independent","mlma",0.655,0.00672272266273122,0.946,0.00319637294444813,NA,NA,NA,NA,5000,0
210,80,"severe","85_15","balanced",0.1,"independent","mlma_cr2",0.5992,0.00693050301204754,0.9556,0.00291302729132427,14.0778336366856,14.1420599335807,9.68095551851665,15.9250177910832,5000,0
212,80,"severe","85_15","moderate",0.1,"independent","aggregate_hksj",0.6198,0.00686509956227876,0.9496,0.00309385972532693,78,78,78,78,5000,0
212,80,"severe","85_15","moderate",0.1,"independent","che_rve",0.5872,0.00696270292343426,0.9508,0.00305873699425106,13.9723592089556,14.0450857075613,8.65273978239698,15.780104157972,5000,0
212,80,"severe","85_15","moderate",0.1,"independent","mlma",0.6498,0.00674625762923415,0.9474,0.00315699984162179,NA,NA,NA,NA,5000,0
212,80,"severe","85_15","moderate",0.1,"independent","mlma_cr2",0.5866,0.00696420045662099,0.9512,0.00304691844328003,14.0022320150481,14.0666571092049,10.1607920857717,15.7043621572394,5000,0
214,80,"severe","85_15","severe",0.1,"independent","aggregate_hksj",0.5852,0.00696765326347401,0.9478,0.00314563697841948,78,78,78,78,5000,0
214,80,"severe","85_15","severe",0.1,"independent","che_rve",0.5524,0.00703212969163681,0.9512,0.00304691844328003,13.5258795687937,13.6323778877741,7.19303417931946,15.9653285797324,5000,0
214,80,"severe","85_15","severe",0.1,"independent","mlma",0.6102,0.00689718725278646,0.9464,0.00318518570887162,NA,NA,NA,NA,5000,0
214,80,"severe","85_15","severe",0.1,"independent","mlma_cr2",0.548,0.00703840891111052,0.9508,0.00305873699425106,13.721626246165,13.7991581276166,7.48298328668731,16.0976060389443,5000,0
216,80,"severe","85_15","extreme",0.1,"independent","aggregate_hksj",0.5318,0.00705675222747689,0.9534,0.00298088711627931,78,78,78,78,5000,0
216,80,"severe","85_15","extreme",0.1,"independent","che_rve",0.5026,0.00707097221038239,0.952,0.00302311098043059,12.5049655648232,12.6057740801198,6.53976842658015,16.5232048197826,5000,0
216,80,"severe","85_15","extreme",0.1,"independent","mlma",0.5458,0.00704134021334007,0.9484,0.00312849612433834,NA,NA,NA,NA,5000,0
216,80,"severe","85_15","extreme",0.1,"independent","mlma_cr2",0.4858,0.0070682156164056,0.9566,0.00288154264240528,13.138516777672,13.2123739292056,8.08300073198756,16.2378868003101,5000,0
221,20,"severe","85_15","extreme",0.1,"n_majority","aggregate_hksj",0.0876,0.00399815557476194,0.9608,0.0027445713690848,18,18,18,18,5000,0
221,20,"severe","85_15","extreme",0.1,"n_majority","che_rve",0.0562,0.00325704037432759,0.9686,0.00246633493264804,2.13982195231473,2.14971759607095,1.72452780421833,2.58971955387573,5000,0
221,20,"severe","85_15","extreme",0.1,"n_majority","mlma",0.191,0.0055591186351795,0.879,0.00461213616451206,NA,NA,NA,NA,5000,0
221,20,"severe","85_15","extreme",0.1,"n_majority","mlma_cr2",0.0532,0.00317394895989208,0.9676,0.0025040063897682,2.0124764453873,2.04030057868629,1.25166733094629,3.16376851226773,5000,0
222,20,"severe","85_15","extreme",0.1,"n_minority","aggregate_hksj",0.2226,0.00588301351349799,0.9328,0.00354073890593475,18,18,18,18,5000,0
222,20,"severe","85_15","extreme",0.1,"n_minority","che_rve",0.1306,0.00476536756189908,0.9606,0.00275127752144345,3.09440009455868,3.01605934930216,2.21995633462783,7.18053836539622,5000,0
222,20,"severe","85_15","extreme",0.1,"n_minority","mlma",0.2266,0.00592034526020231,0.9348,0.00349138826256834,NA,NA,NA,NA,5000,0
222,20,"severe","85_15","extreme",0.1,"n_minority","mlma_cr2",0.1114,0.004449495252273,0.971,0.00237314137800511,2.92792827059776,2.91577325307042,1.82483634323223,5.17004820287252,5000,0
223,20,"severe","85_15","extreme",0.1,"nk_majority","aggregate_hksj",0.0864,0.00397328680062238,0.9558,0.00290676314824583,18,18,18,18,5000,0
223,20,"severe","85_15","extreme",0.1,"nk_majority","che_rve",0.0608,0.00337944847571316,0.9596,0.00278452293939195,2.159316998944,2.15821485384813,2.01230500790648,2.41652930319955,5000,0
223,20,"severe","85_15","extreme",0.1,"nk_majority","mlma",0.1014,0.00426891180513254,0.9486,0.00312275647465504,NA,NA,NA,NA,5000,0
223,20,"severe","85_15","extreme",0.1,"nk_majority","mlma_cr2",0.0608,0.00337944847571316,0.96,0.0027712812921102,2.15959589106627,2.15853668075156,1.99292535185907,2.41426565134865,5000,0
224,20,"severe","85_15","extreme",0.1,"nk_minority","aggregate_hksj",0.216,0.00581969071343143,0.9574,0.00285605462132642,18,18,18,18,5000,0
224,20,"severe","85_15","extreme",0.1,"nk_minority","che_rve",0.184,0.00547985401265399,0.9542,0.00295642892693195,4.15132121135752,3.89525209722004,3.04291182975165,6.81501050764739,5000,0
224,20,"severe","85_15","extreme",0.1,"nk_minority","mlma",0.314,0.00656359657504938,0.915,0.003943982758583,NA,NA,NA,NA,5000,0
224,20,"severe","85_15","extreme",0.1,"nk_minority","mlma_cr2",0.1776,0.00540478010653533,0.9568,0.00287519599331941,3.95188045077827,3.7707742382197,3.0273115757005,6.00317698218598,5000,0
229,40,"severe","85_15","extreme",0.1,"n_majority","aggregate_hksj",0.1558,0.00512886654144949,0.9566,0.00288154264240528,38,38,38,38,5000,0
229,40,"severe","85_15","extreme",0.1,"n_majority","che_rve",0.1282,0.00472789086168452,0.9532,0.00298696367570816,5.21618590208382,5.2515299191003,4.00462128554258,5.99933098767231,5000,0
229,40,"severe","85_15","extreme",0.1,"n_majority","mlma",0.2782,0.00633726691879078,0.8862,0.00449109251741712,NA,NA,NA,NA,5000,0
229,40,"severe","85_15","extreme",0.1,"n_majority","mlma_cr2",0.131,0.00477156158924937,0.9522,0.00301712313305241,4.42504520682715,4.43362318221026,2.09289515935809,6.82295565291267,5000,0
230,40,"severe","85_15","extreme",0.1,"n_minority","aggregate_hksj",0.3716,0.00683393649370551,0.9448,0.00322964270469661,38,38,38,38,5000,0
230,40,"severe","85_15","extreme",0.1,"n_minority","che_rve",0.3236,0.00661638934767294,0.9528,0.00299907185642492,7.37674778382642,7.40080424121954,3.8564680962251,13.755821078177,5000,0
230,40,"severe","85_15","extreme",0.1,"n_minority","mlma",0.3594,0.0067857444691058,0.955,0.00293172304285381,NA,NA,NA,NA,5000,0
230,40,"severe","85_15","extreme",0.1,"n_minority","mlma_cr2",0.3084,0.00653130063616735,0.9552,0.00292550713552368,7.22320537831085,7.23080978120854,3.60624655861589,9.32715953568132,5000,0
231,40,"severe","85_15","extreme",0.1,"nk_majority","aggregate_hksj",0.1458,0.00499083880725475,0.955,0.00293172304285381,38,38,38,38,5000,0
231,40,"severe","85_15","extreme",0.1,"nk_majority","che_rve",0.114,0.00449453000879959,0.9548,0.00293792307591605,5.3714748754357,5.3718549893462,4.97573474583065,5.84690000230946,5000,0
231,40,"severe","85_15","extreme",0.1,"nk_majority","mlma",0.1504,0.00505529108954173,0.9528,0.00299907185642492,NA,NA,NA,NA,5000,0
231,40,"severe","85_15","extreme",0.1,"nk_majority","mlma_cr2",0.1138,0.00449109251741711,0.9546,0.00294410733499986,5.37179291350534,5.37183173252151,4.96985916137364,5.84143440666674,5000,0
232,40,"severe","85_15","extreme",0.1,"nk_minority","aggregate_hksj",0.3924,0.00690539267529371,0.9612,0.00273110087693589,38,38,38,38,5000,0
232,40,"severe","85_15","extreme",0.1,"nk_minority","che_rve",0.4092,0.00695349351045933,0.9486,0.00312275647465504,9.75997318861516,9.53594765101326,8.04379475361411,15.6859295957332,5000,0
232,40,"severe","85_15","extreme",0.1,"nk_minority","mlma",0.4904,0.00706976435250851,0.9344,0.00350133231784702,NA,NA,NA,NA,5000,0
232,40,"severe","85_15","extreme",0.1,"nk_minority","mlma_cr2",0.4072,0.00694821070492253,0.9498,0.00308804015517933,9.44227759420356,9.27327457094282,7.98130393291643,14.1740382745689,5000,0
