"condition_id","condition_set","J","k_imbalance","moderator_split","n_imbalance","beta1_true","allocation_pattern"
1,"core",20,"balanced","50_50","balanced",0,"independent"
2,"core",20,"balanced","50_50","balanced",0.1,"independent"
3,"core",20,"balanced","50_50","moderate",0,"independent"
4,"core",20,"balanced","50_50","moderate",0.1,"independent"
5,"core",20,"balanced","50_50","severe",0,"independent"
6,"core",20,"balanced","50_50","severe",0.1,"independent"
7,"core",20,"balanced","50_50","extreme",0,"independent"
8,"core",20,"balanced","50_50","extreme",0.1,"independent"
9,"core",20,"balanced","70_30","balanced",0,"independent"
10,"core",20,"balanced","70_30","balanced",0.1,"independent"
11,"core",20,"balanced","70_30","moderate",0,"independent"
12,"core",20,"balanced","70_30","moderate",0.1,"independent"
13,"core",20,"balanced","70_30","severe",0,"independent"
14,"core",20,"balanced","70_30","severe",0.1,"independent"
15,"core",20,"balanced","70_30","extreme",0,"independent"
16,"core",20,"balanced","70_30","extreme",0.1,"independent"
17,"core",20,"balanced","85_15","balanced",0,"independent"
18,"core",20,"balanced","85_15","balanced",0.1,"independent"
19,"core",20,"balanced","85_15","moderate",0,"independent"
20,"core",20,"balanced","85_15","moderate",0.1,"independent"
21,"core",20,"balanced","85_15","severe",0,"independent"
22,"core",20,"balanced","85_15","severe",0.1,"independent"
23,"core",20,"balanced","85_15","extreme",0,"independent"
24,"core",20,"balanced","85_15","extreme",0.1,"independent"
25,"core",20,"moderate","50_50","balanced",0,"independent"
26,"core",20,"moderate","50_50","balanced",0.1,"independent"
27,"core",20,"moderate","50_50","moderate",0,"independent"
28,"core",20,"moderate","50_50","moderate",0.1,"independent"
29,"core",20,"moderate","50_50","severe",0,"independent"
30,"core",20,"moderate","50_50","severe",0.1,"independent"
31,"core",20,"moderate","50_50","extreme",0,"independent"
32,"core",20,"moderate","50_50","extreme",0.1,"independent"
33,"core",20,"moderate","70_30","balanced",0,"independent"
34,"core",20,"moderate","70_30","balanced",0.1,"independent"
35,"core",20,"moderate","70_30","moderate",0,"independent"
36,"core",20,"moderate","70_30","moderate",0.1,"independent"
37,"core",20,"moderate","70_30","severe",0,"independent"
38,"core",20,"moderate","70_30","severe",0.1,"independent"
39,"core",20,"moderate","70_30","extreme",0,"independent"
40,"core",20,"moderate","70_30","extreme",0.1,"independent"
41,"core",20,"moderate","85_15","balanced",0,"independent"
42,"core",20,"moderate","85_15","balanced",0.1,"independent"
43,"core",20,"moderate","85_15","moderate",0,"independent"
44,"core",20,"moderate","85_15","moderate",0.1,"independent"
45,"core",20,"moderate","85_15","severe",0,"independent"
46,"core",20,"moderate","85_15","severe",0.1,"independent"
47,"core",20,"moderate","85_15","extreme",0,"independent"
48,"core",20,"moderate","85_15","extreme",0.1,"independent"
49,"core",20,"severe","50_50","balanced",0,"independent"
50,"core",20,"severe","50_50","balanced",0.1,"independent"
51,"core",20,"severe","50_50","moderate",0,"independent"
52,"core",20,"severe","50_50","moderate",0.1,"independent"
53,"core",20,"severe","50_50","severe",0,"independent"
54,"core",20,"severe","50_50","severe",0.1,"independent"
55,"core",20,"severe","50_50","extreme",0,"independent"
56,"core",20,"severe","50_50","extreme",0.1,"independent"
57,"core",20,"severe","70_30","balanced",0,"independent"
58,"core",20,"severe","70_30","balanced",0.1,"independent"
59,"core",20,"severe","70_30","moderate",0,"independent"
60,"core",20,"severe","70_30","moderate",0.1,"independent"
61,"core",20,"severe","70_30","severe",0,"independent"
62,"core",20,"severe","70_30","severe",0.1,"independent"
63,"core",20,"severe","70_30","extreme",0,"independent"
64,"core",20,"severe","70_30","extreme",0.1,"independent"
65,"core",20,"severe","85_15","balanced",0,"independent"
66,"core",20,"severe","85_15","balanced",0.1,"independent"
67,"core",20,"severe","85_15","moderate",0,"independent"
68,"core",20,"severe","85_15","moderate",0.1,"independent"
69,"core",20,"severe","85_15","severe",0,"independent"
70,"core",20,"severe","85_15","severe",0.1,"independent"
71,"core",20,"severe","85_15","extreme",0,"independent"
72,"core",20,"severe","85_15","extreme",0.1,"independent"
73,"core",40,"balanced","50_50","balanced",0,"independent"
74,"core",40,"balanced","50_50","balanced",0.1,"independent"
75,"core",40,"balanced","50_50","moderate",0,"independent"
76,"core",40,"balanced","50_50","moderate",0.1,"independent"
77,"core",40,"balanced","50_50","severe",0,"independent"
78,"core",40,"balanced","50_50","severe",0.1,"independent"
79,"core",40,"balanced","50_50","extreme",0,"independent"
80,"core",40,"balanced","50_50","extreme",0.1,"independent"
81,"core",40,"balanced","70_30","balanced",0,"independent"
82,"core",40,"balanced","70_30","balanced",0.1,"independent"
83,"core",40,"balanced","70_30","moderate",0,"independent"
84,"core",40,"balanced","70_30","moderate",0.1,"independent"
85,"core",40,"balanced","70_30","severe",0,"independent"
86,"core",40,"balanced","70_30","severe",0.1,"independent"
87,"core",40,"balanced","70_30","extreme",0,"independent"
88,"core",40,"balanced","70_30","extreme",0.1,"independent"
89,"core",40,"balanced","85_15","balanced",0,"independent"
90,"core",40,"balanced","85_15","balanced",0.1,"independent"
91,"core",40,"balanced","85_15","moderate",0,"independent"
92,"core",40,"balanced","85_15","moderate",0.1,"independent"
93,"core",40,"balanced","85_15","severe",0,"independent"
94,"core",40,"balanced","85_15","severe",0.1,"independent"
95,"core",40,"balanced","85_15","extreme",0,"independent"
96,"core",40,"balanced","85_15","extreme",0.1,"independent"
97,"core",40,"moderate","50_50","balanced",0,"independent"
98,"core",40,"moderate","50_50","balanced",0.1,"independent"
99,"core",40,"moderate","50_50","moderate",0,"independent"
100,"core",40,"moderate","50_50","moderate",0.1,"independent"
101,"core",40,"moderate","50_50","severe",0,"independent"
102,"core",40,"moderate","50_50","severe",0.1,"independent"
103,"core",40,"moderate","50_50","extreme",0,"independent"
104,"core",40,"moderate","50_50","extreme",0.1,"independent"
105,"core",40,"moderate","70_30","balanced",0,"independent"
106,"core",40,"moderate","70_30","balanced",0.1,"independent"
107,"core",40,"moderate","70_30","moderate",0,"independent"
108,"core",40,"moderate","70_30","moderate",0.1,"independent"
109,"core",40,"moderate","70_30","severe",0,"independent"
110,"core",40,"moderate","70_30","severe",0.1,"independent"
111,"core",40,"moderate","70_30","extreme",0,"independent"
112,"core",40,"moderate","70_30","extreme",0.1,"independent"
113,"core",40,"moderate","85_15","balanced",0,"independent"
114,"core",40,"moderate","85_15","balanced",0.1,"independent"
115,"core",40,"moderate","85_15","moderate",0,"independent"
116,"core",40,"moderate","85_15","moderate",0.1,"independent"
117,"core",40,"moderate","85_15","severe",0,"independent"
118,"core",40,"moderate","85_15","severe",0.1,"independent"
119,"core",40,"moderate","85_15","extreme",0,"independent"
120,"core",40,"moderate","85_15","extreme",0.1,"independent"
121,"core",40,"severe","50_50","balanced",0,"independent"
122,"core",40,"severe","50_50","balanced",0.1,"independent"
123,"core",40,"severe","50_50","moderate",0,"independent"
124,"core",40,"severe","50_50","moderate",0.1,"independent"
125,"core",40,"severe","50_50","severe",0,"independent"
126,"core",40,"severe","50_50","severe",0.1,"independent"
127,"core",40,"severe","50_50","extreme",0,"independent"
128,"core",40,"severe","50_50","extreme",0.1,"independent"
129,"core",40,"severe","70_30","balanced",0,"independent"
130,"core",40,"severe","70_30","balanced",0.1,"independent"
131,"core",40,"severe","70_30","moderate",0,"independent"
132,"core",40,"severe","70_30","moderate",0.1,"independent"
133,"core",40,"severe","70_30","severe",0,"independent"
134,"core",40,"severe","70_30","severe",0.1,"independent"
135,"core",40,"severe","70_30","extreme",0,"independent"
136,"core",40,"severe","70_30","extreme",0.1,"independent"
137,"core",40,"severe","85_15","balanced",0,"independent"
138,"core",40,"severe","85_15","balanced",0.1,"independent"
139,"core",40,"severe","85_15","moderate",0,"independent"
140,"core",40,"severe","85_15","moderate",0.1,"independent"
141,"core",40,"severe","85_15","severe",0,"independent"
142,"core",40,"severe","85_15","severe",0.1,"independent"
143,"core",40,"severe","85_15","extreme",0,"independent"
144,"core",40,"severe","85_15","extreme",0.1,"independent"
145,"core",80,"balanced","50_50","balanced",0,"independent"
146,"core",80,"balanced","50_50","balanced",0.1,"independent"
147,"core",80,"balanced","50_50","moderate",0,"independent"
148,"core",80,"balanced","50_50","moderate",0.1,"independent"
149,"core",80,"balanced","50_50","severe",0,"independent"
150,"core",80,"balanced","50_50","severe",0.1,"independent"
151,"core",80,"balanced","50_50","extreme",0,"independent"
152,"core",80,"balanced","50_50","extreme",0.1,"independent"
153,"core",80,"balanced","70_30","balanced",0,"independent"
154,"core",80,"balanced","70_30","balanced",0.1,"independent"
155,"core",80,"balanced","70_30","moderate",0,"independent"
156,"core",80,"balanced","70_30","moderate",0.1,"independent"
157,"core",80,"balanced","70_30","severe",0,"independent"
158,"core",80,"balanced","70_30","severe",0.1,"independent"
159,"core",80,"balanced","70_30","extreme",0,"independent"
160,"core",80,"balanced","70_30","extreme",0.1,"independent"
161,"core",80,"balanced","85_15","balanced",0,"independent"
162,"core",80,"balanced","85_15","balanced",0.1,"independent"
163,"core",80,"balanced","85_15","moderate",0,"independent"
164,"core",80,"balanced","85_15","moderate",0.1,"independent"
165,"core",80,"balanced","85_15","severe",0,"independent"
166,"core",80,"balanced","85_15","severe",0.1,"independent"
167,"core",80,"balanced","85_15","extreme",0,"independent"
168,"core",80,"balanced","85_15","extreme",0.1,"independent"
169,"core",80,"moderate","50_50","balanced",0,"independent"
170,"core",80,"moderate","50_50","balanced",0.1,"independent"
171,"core",80,"moderate","50_50","moderate",0,"independent"
172,"core",80,"moderate","50_50","moderate",0.1,"independent"
173,"core",80,"moderate","50_50","severe",0,"independent"
174,"core",80,"moderate","50_50","severe",0.1,"independent"
175,"core",80,"moderate","50_50","extreme",0,"independent"
176,"core",80,"moderate","50_50","extreme",0.1,"independent"
177,"core",80,"moderate","70_30","balanced",0,"independent"
178,"core",80,"moderate","70_30","balanced",0.1,"independent"
179,"core",80,"moderate","70_30","moderate",0,"independent"
180,"core",80,"moderate","70_30","moderate",0.1,"independent"
181,"core",80,"moderate","70_30","severe",0,"independent"
182,"core",80,"moderate","70_30","severe",0.1,"independent"
183,"core",80,"moderate","70_30","extreme",0,"independent"
184,"core",80,"moderate","70_30","extreme",0.1,"independent"
185,"core",80,"moderate","85_15","balanced",0,"independent"
186,"core",80,"moderate","85_15","balanced",0.1,"independent"
187,"core",80,"moderate","85_15","moderate",0,"independent"
188,"core",80,"moderate","85_15","moderate",0.1,"independent"
189,"core",80,"moderate","85_15","severe",0,"independent"
190,"core",80,"moderate","85_15","severe",0.1,"independent"
191,"core",80,"moderate","85_15","extreme",0,"independent"
192,"core",80,"moderate","85_15","extreme",0.1,"independent"
193,"core",80,"severe","50_50","balanced",0,"independent"
194,"core",80,"severe","50_50","balanced",0.1,"independent"
195,"core",80,"severe","50_50","moderate",0,"independent"
196,"core",80,"severe","50_50","moderate",0.1,"independent"
197,"core",80,"severe","50_50","severe",0,"independent"
198,"core",80,"severe","50_50","severe",0.1,"independent"
199,"core",80,"severe","50_50","extreme",0,"independent"
200,"core",80,"severe","50_50","extreme",0.1,"independent"
201,"core",80,"severe","70_30","balanced",0,"independent"
202,"core",80,"severe","70_30","balanced",0.1,"independent"
203,"core",80,"severe","70_30","moderate",0,"independent"
204,"core",80,"severe","70_30","moderate",0.1,"independent"
205,"core",80,"severe","70_30","severe",0,"independent"
206,"core",80,"severe","70_30","severe",0.1,"independent"
207,"core",80,"severe","70_30","extreme",0,"independent"
208,"core",80,"severe","70_30","extreme",0.1,"independent"
209,"core",80,"severe","85_15","balanced",0,"independent"
210,"core",80,"severe","85_15","balanced",0.1,"independent"
211,"core",80,"severe","85_15","moderate",0,"independent"
212,"core",80,"severe","85_15","moderate",0.1,"independent"
213,"core",80,"severe","85_15","severe",0,"independent"
214,"core",80,"severe","85_15","severe",0.1,"independent"
215,"core",80,"severe","85_15","extreme",0,"independent"
216,"core",80,"severe","85_15","extreme",0.1,"independent"
217,"alignment",20,"severe","85_15","extreme",0,"n_majority"
218,"alignment",20,"severe","85_15","extreme",0,"n_minority"
219,"alignment",20,"severe","85_15","extreme",0,"nk_majority"
220,"alignment",20,"severe","85_15","extreme",0,"nk_minority"
221,"alignment",20,"severe","85_15","extreme",0.1,"n_majority"
222,"alignment",20,"severe","85_15","extreme",0.1,"n_minority"
223,"alignment",20,"severe","85_15","extreme",0.1,"nk_majority"
224,"alignment",20,"severe","85_15","extreme",0.1,"nk_minority"
225,"alignment",40,"severe","85_15","extreme",0,"n_majority"
226,"alignment",40,"severe","85_15","extreme",0,"n_minority"
227,"alignment",40,"severe","85_15","extreme",0,"nk_majority"
228,"alignment",40,"severe","85_15","extreme",0,"nk_minority"
229,"alignment",40,"severe","85_15","extreme",0.1,"n_majority"
230,"alignment",40,"severe","85_15","extreme",0.1,"n_minority"
231,"alignment",40,"severe","85_15","extreme",0.1,"nk_majority"
232,"alignment",40,"severe","85_15","extreme",0.1,"nk_minority"
