"J","n_imbalance","sigma_log_n","n_min","n_q1","n_median","n_mean","n_q3","n_max","n_total","cv_sample","J_precision","J_precision_ratio","max_precision_share"
20,"balanced",0,300,300,300,300,300,300,6000,0,20,1,0.05
20,"moderate",0.5,100,194.25,267.5,300,367.5,712,6000,0.50888595213535,15.9870594152269,0.799352970761347,0.119360269360269
20,"severe",0.9,36,117,208,300,368.75,1211,6000,0.950866640713119,10.6588219940839,0.532941099704193,0.203367003367003
20,"extreme",1.4,20,52.25,127.5,300,312,1976,6000,1.5382472747782,6.0725011574094,0.30362505787047,0.332154882154882
40,"balanced",0,300,300,300,300,300,300,12000,0,40,1,0.025
40,"moderate",0.5,87,192,266,300,368.75,816,12000,0.51674909736702,31.6045605170509,0.790114012926272,0.0684343434343434
40,"severe",0.9,27,113,204.5,300,368.75,1536,12000,0.994619141414057,20.1600756954174,0.504001892385434,0.129040404040404
40,"extreme",1.4,20,52.75,132,300,330.5,2000,12000,1.43773761816594,13.0875780473085,0.327189451182714,0.168097643097643
80,"balanced",0,300,300,300,300,300,300,24000,0,80,1,0.0125
80,"moderate",0.5,76,190.25,265,300,370,925,24000,0.522677839370811,62.732561731619,0.784157021645237,0.0388047138047138
80,"severe",0.9,21,111,202.5,300,368.25,1917,24000,1.02894891271574,38.7084989562772,0.483856236953465,0.0805555555555556
80,"extreme",1.4,20,52.25,131.5,300,333.75,2000,24000,1.43694520878565,25.9706415586315,0.324633019482894,0.0840488215488216
