"condition_id","J","k_imbalance","moderator_split","n_imbalance","beta1_true","allocation_pattern","method","n_attempted","n_success","n_error","n_invalid","error_rate","warning_rate","boundary_study_rate","boundary_effect_rate","boundary_residual_rate"
1,20,"balanced","50_50","balanced",0,"independent","aggregate_hksj",5000,5000,0,0,0,0,0,0,0
1,20,"balanced","50_50","balanced",0,"independent","che_rve",5000,5000,0,0,0,0,0.0046,0,0
1,20,"balanced","50_50","balanced",0,"independent","mlma",5000,5000,0,0,0,0,2e-04,0,0
1,20,"balanced","50_50","balanced",0,"independent","mlma_cr2",5000,5000,0,0,0,0,2e-04,0,0
2,20,"balanced","50_50","balanced",0.1,"independent","aggregate_hksj",5000,5000,0,0,0,0,0,0,2e-04
2,20,"balanced","50_50","balanced",0.1,"independent","che_rve",5000,5000,0,0,0,0,0.0032,0,0
2,20,"balanced","50_50","balanced",0.1,"independent","mlma",5000,5000,0,0,0,0,8e-04,0,0
2,20,"balanced","50_50","balanced",0.1,"independent","mlma_cr2",5000,5000,0,0,0,0,8e-04,0,0
3,20,"balanced","50_50","moderate",0,"independent","aggregate_hksj",5000,5000,0,0,0,0,0,0,0
3,20,"balanced","50_50","moderate",0,"independent","che_rve",5000,5000,0,0,0,0,0.004,0,0
3,20,"balanced","50_50","moderate",0,"independent","mlma",5000,5000,0,0,0,0,0,0,0
3,20,"balanced","50_50","moderate",0,"independent","mlma_cr2",5000,5000,0,0,0,0,0,0,0
4,20,"balanced","50_50","moderate",0.1,"independent","aggregate_hksj",5000,5000,0,0,0,0,0,0,2e-04
4,20,"balanced","50_50","moderate",0.1,"independent","che_rve",5000,5000,0,0,0,0,0.0052,0,0
4,20,"balanced","50_50","moderate",0.1,"independent","mlma",5000,5000,0,0,0,0,4e-04,0,0
4,20,"balanced","50_50","moderate",0.1,"independent","mlma_cr2",5000,5000,0,0,0,0,4e-04,0,0
5,20,"balanced","50_50","severe",0,"independent","aggregate_hksj",5000,5000,0,0,0,0,0,0,0
5,20,"balanced","50_50","severe",0,"independent","che_rve",5000,5000,0,0,0,0,0.008,0,0
5,20,"balanced","50_50","severe",0,"independent","mlma",5000,5000,0,0,0,0,4e-04,0,0
5,20,"balanced","50_50","severe",0,"independent","mlma_cr2",5000,5000,0,0,0,0,4e-04,0,0
6,20,"balanced","50_50","severe",0.1,"independent","aggregate_hksj",5000,5000,0,0,0,0,0,0,0
6,20,"balanced","50_50","severe",0.1,"independent","che_rve",5000,5000,0,0,0,0,0.006,0,0
6,20,"balanced","50_50","severe",0.1,"independent","mlma",5000,5000,0,0,0,0,4e-04,0,0
6,20,"balanced","50_50","severe",0.1,"independent","mlma_cr2",5000,5000,0,0,0,0,4e-04,0,0
7,20,"balanced","50_50","extreme",0,"independent","aggregate_hksj",5000,5000,0,0,0,0,0,0,4e-04
7,20,"balanced","50_50","extreme",0,"independent","che_rve",5000,5000,0,0,0,0,0.0182,0,0
7,20,"balanced","50_50","extreme",0,"independent","mlma",5000,5000,0,0,0,0,0.001,0,0
7,20,"balanced","50_50","extreme",0,"independent","mlma_cr2",5000,5000,0,0,0,0,0.001,0,0
8,20,"balanced","50_50","extreme",0.1,"independent","aggregate_hksj",5000,5000,0,0,0,2e-04,0,0,4e-04
8,20,"balanced","50_50","extreme",0.1,"independent","che_rve",5000,5000,0,0,0,0,0.0222,0,0
8,20,"balanced","50_50","extreme",0.1,"independent","mlma",5000,5000,0,0,0,0,6e-04,0,0
8,20,"balanced","50_50","extreme",0.1,"independent","mlma_cr2",5000,5000,0,0,0,0,6e-04,0,0
9,20,"balanced","70_30","balanced",0,"independent","aggregate_hksj",5000,5000,0,0,0,0,0,0,0
9,20,"balanced","70_30","balanced",0,"independent","che_rve",5000,5000,0,0,0,0,0.0026,0,0
9,20,"balanced","70_30","balanced",0,"independent","mlma",5000,5000,0,0,0,0,0,0,0
9,20,"balanced","70_30","balanced",0,"independent","mlma_cr2",5000,5000,0,0,0,0,0,0,0
10,20,"balanced","70_30","balanced",0.1,"independent","aggregate_hksj",5000,5000,0,0,0,0,0,0,0
10,20,"balanced","70_30","balanced",0.1,"independent","che_rve",5000,5000,0,0,0,0,0.004,0,0
10,20,"balanced","70_30","balanced",0.1,"independent","mlma",5000,5000,0,0,0,0,0,0,0
10,20,"balanced","70_30","balanced",0.1,"independent","mlma_cr2",5000,5000,0,0,0,0,0,0,0
11,20,"balanced","70_30","moderate",0,"independent","aggregate_hksj",5000,5000,0,0,0,0,0,0,0
11,20,"balanced","70_30","moderate",0,"independent","che_rve",5000,5000,0,0,0,0,0.0032,0,0
11,20,"balanced","70_30","moderate",0,"independent","mlma",5000,5000,0,0,0,0,0,0,0
11,20,"balanced","70_30","moderate",0,"independent","mlma_cr2",5000,5000,0,0,0,0,0,0,0
12,20,"balanced","70_30","moderate",0.1,"independent","aggregate_hksj",5000,5000,0,0,0,0,0,0,0
12,20,"balanced","70_30","moderate",0.1,"independent","che_rve",5000,5000,0,0,0,0,0.0044,0,0
12,20,"balanced","70_30","moderate",0.1,"independent","mlma",5000,5000,0,0,0,0,0,0,0
12,20,"balanced","70_30","moderate",0.1,"independent","mlma_cr2",5000,5000,0,0,0,0,0,0,0
13,20,"balanced","70_30","severe",0,"independent","aggregate_hksj",5000,5000,0,0,0,0,0,0,0
13,20,"balanced","70_30","severe",0,"independent","che_rve",5000,5000,0,0,0,0,0.0114,0,0
13,20,"balanced","70_30","severe",0,"independent","mlma",5000,5000,0,0,0,0,8e-04,0,0
13,20,"balanced","70_30","severe",0,"independent","mlma_cr2",5000,5000,0,0,0,0,8e-04,0,0
14,20,"balanced","70_30","severe",0.1,"independent","aggregate_hksj",5000,5000,0,0,0,0,0,0,0
14,20,"balanced","70_30","severe",0.1,"independent","che_rve",5000,5000,0,0,0,0,0.0066,0,0
14,20,"balanced","70_30","severe",0.1,"independent","mlma",5000,5000,0,0,0,0,2e-04,0,0
14,20,"balanced","70_30","severe",0.1,"independent","mlma_cr2",5000,5000,0,0,0,0,2e-04,0,0
15,20,"balanced","70_30","extreme",0,"independent","aggregate_hksj",5000,5000,0,0,0,0,0,0,6e-04
15,20,"balanced","70_30","extreme",0,"independent","che_rve",5000,5000,0,0,0,0,0.0212,0,0
15,20,"balanced","70_30","extreme",0,"independent","mlma",5000,5000,0,0,0,0,4e-04,0,0
15,20,"balanced","70_30","extreme",0,"independent","mlma_cr2",5000,5000,0,0,0,0,4e-04,0,0
16,20,"balanced","70_30","extreme",0.1,"independent","aggregate_hksj",5000,5000,0,0,0,0,0,0,0
16,20,"balanced","70_30","extreme",0.1,"independent","che_rve",5000,5000,0,0,0,0,0.019,0,0
16,20,"balanced","70_30","extreme",0.1,"independent","mlma",5000,5000,0,0,0,0,2e-04,0,0
16,20,"balanced","70_30","extreme",0.1,"independent","mlma_cr2",5000,5000,0,0,0,0,2e-04,0,0
17,20,"balanced","85_15","balanced",0,"independent","aggregate_hksj",5000,5000,0,0,0,0,0,0,0
17,20,"balanced","85_15","balanced",0,"independent","che_rve",5000,5000,0,0,0,0,0.003,0,0
17,20,"balanced","85_15","balanced",0,"independent","mlma",5000,5000,0,0,0,0,2e-04,0,0
17,20,"balanced","85_15","balanced",0,"independent","mlma_cr2",5000,5000,0,0,0,0,2e-04,0,0
18,20,"balanced","85_15","balanced",0.1,"independent","aggregate_hksj",5000,5000,0,0,0,0,0,0,0
18,20,"balanced","85_15","balanced",0.1,"independent","che_rve",5000,5000,0,0,0,0,0.002,0,0
18,20,"balanced","85_15","balanced",0.1,"independent","mlma",5000,5000,0,0,0,0,2e-04,0,0
18,20,"balanced","85_15","balanced",0.1,"independent","mlma_cr2",5000,5000,0,0,0,0,2e-04,0,0
19,20,"balanced","85_15","moderate",0,"independent","aggregate_hksj",5000,5000,0,0,0,0,0,0,0
19,20,"balanced","85_15","moderate",0,"independent","che_rve",5000,5000,0,0,0,0,0.004,0,0
19,20,"balanced","85_15","moderate",0,"independent","mlma",5000,5000,0,0,0,0,8e-04,0,0
19,20,"balanced","85_15","moderate",0,"independent","mlma_cr2",5000,5000,0,0,0,0,8e-04,0,0
20,20,"balanced","85_15","moderate",0.1,"independent","aggregate_hksj",5000,5000,0,0,0,0,0,0,0
20,20,"balanced","85_15","moderate",0.1,"independent","che_rve",5000,5000,0,0,0,0,0.0042,0,0
20,20,"balanced","85_15","moderate",0.1,"independent","mlma",5000,5000,0,0,0,0,2e-04,0,0
20,20,"balanced","85_15","moderate",0.1,"independent","mlma_cr2",5000,5000,0,0,0,0,2e-04,0,0
21,20,"balanced","85_15","severe",0,"independent","aggregate_hksj",5000,5000,0,0,0,0,0,0,0
21,20,"balanced","85_15","severe",0,"independent","che_rve",5000,5000,0,0,0,0,0.0068,0,0
21,20,"balanced","85_15","severe",0,"independent","mlma",5000,5000,0,0,0,0,4e-04,0,0
21,20,"balanced","85_15","severe",0,"independent","mlma_cr2",5000,5000,0,0,0,0,4e-04,0,0
22,20,"balanced","85_15","severe",0.1,"independent","aggregate_hksj",5000,5000,0,0,0,0,0,0,0
22,20,"balanced","85_15","severe",0.1,"independent","che_rve",5000,5000,0,0,0,0,0.0068,0,0
22,20,"balanced","85_15","severe",0.1,"independent","mlma",5000,5000,0,0,0,0,4e-04,0,0
22,20,"balanced","85_15","severe",0.1,"independent","mlma_cr2",5000,5000,0,0,0,0,4e-04,0,0
23,20,"balanced","85_15","extreme",0,"independent","aggregate_hksj",5000,5000,0,0,0,0,0,0,4e-04
23,20,"balanced","85_15","extreme",0,"independent","che_rve",5000,5000,0,0,0,0,0.0186,0,0
23,20,"balanced","85_15","extreme",0,"independent","mlma",5000,5000,0,0,0,0,0.0012,0,0
23,20,"balanced","85_15","extreme",0,"independent","mlma_cr2",5000,5000,0,0,0,0,0.0012,0,0
24,20,"balanced","85_15","extreme",0.1,"independent","aggregate_hksj",5000,5000,0,0,0,0,0,0,2e-04
24,20,"balanced","85_15","extreme",0.1,"independent","che_rve",5000,5000,0,0,0,0,0.0178,0,0
24,20,"balanced","85_15","extreme",0.1,"independent","mlma",5000,5000,0,0,0,0,2e-04,0,0
24,20,"balanced","85_15","extreme",0.1,"independent","mlma_cr2",5000,5000,0,0,0,0,2e-04,0,0
25,20,"moderate","50_50","balanced",0,"independent","aggregate_hksj",5000,5000,0,0,0,0,0,0,0
25,20,"moderate","50_50","balanced",0,"independent","che_rve",5000,5000,0,0,0,0,0.0076,0,0
25,20,"moderate","50_50","balanced",0,"independent","mlma",5000,5000,0,0,0,0,8e-04,0,0
25,20,"moderate","50_50","balanced",0,"independent","mlma_cr2",5000,5000,0,0,0,0,8e-04,0,0
26,20,"moderate","50_50","balanced",0.1,"independent","aggregate_hksj",5000,5000,0,0,0,0,0,0,0
26,20,"moderate","50_50","balanced",0.1,"independent","che_rve",5000,5000,0,0,0,0,0.0088,0,0
26,20,"moderate","50_50","balanced",0.1,"independent","mlma",5000,5000,0,0,0,0,0.001,0,0
26,20,"moderate","50_50","balanced",0.1,"independent","mlma_cr2",5000,5000,0,0,0,0,0.001,0,0
27,20,"moderate","50_50","moderate",0,"independent","aggregate_hksj",5000,5000,0,0,0,0,0,0,0
27,20,"moderate","50_50","moderate",0,"independent","che_rve",5000,5000,0,0,0,0,0.0084,0,0
27,20,"moderate","50_50","moderate",0,"independent","mlma",5000,5000,0,0,0,0,0.001,0,0
27,20,"moderate","50_50","moderate",0,"independent","mlma_cr2",5000,5000,0,0,0,0,0.001,0,0
28,20,"moderate","50_50","moderate",0.1,"independent","aggregate_hksj",5000,5000,0,0,0,0,0,0,0
28,20,"moderate","50_50","moderate",0.1,"independent","che_rve",5000,5000,0,0,0,0,0.0078,0,0
28,20,"moderate","50_50","moderate",0.1,"independent","mlma",5000,5000,0,0,0,0,8e-04,0,0
28,20,"moderate","50_50","moderate",0.1,"independent","mlma_cr2",5000,5000,0,0,0,0,8e-04,0,0
29,20,"moderate","50_50","severe",0,"independent","aggregate_hksj",5000,5000,0,0,0,0,0,0,0
29,20,"moderate","50_50","severe",0,"independent","che_rve",5000,5000,0,0,0,0,0.0118,0,0
29,20,"moderate","50_50","severe",0,"independent","mlma",5000,5000,0,0,0,0,0.001,0,0
29,20,"moderate","50_50","severe",0,"independent","mlma_cr2",5000,5000,0,0,0,0,0.001,0,0
30,20,"moderate","50_50","severe",0.1,"independent","aggregate_hksj",5000,5000,0,0,0,0,0,0,0
30,20,"moderate","50_50","severe",0.1,"independent","che_rve",5000,5000,0,0,0,0,0.0136,0,0
30,20,"moderate","50_50","severe",0.1,"independent","mlma",5000,5000,0,0,0,0,0.001,2e-04,0
30,20,"moderate","50_50","severe",0.1,"independent","mlma_cr2",5000,5000,0,0,0,0,0.001,2e-04,0
31,20,"moderate","50_50","extreme",0,"independent","aggregate_hksj",5000,5000,0,0,0,0,0,0,4e-04
31,20,"moderate","50_50","extreme",0,"independent","che_rve",5000,5000,0,0,0,0,0.0388,0,0
31,20,"moderate","50_50","extreme",0,"independent","mlma",5000,5000,0,0,0,0,0.0016,0,0
31,20,"moderate","50_50","extreme",0,"independent","mlma_cr2",5000,5000,0,0,0,0,0.0016,0,0
32,20,"moderate","50_50","extreme",0.1,"independent","aggregate_hksj",5000,4999,1,0,2e-04,0,0,0,0.000600120024004801
32,20,"moderate","50_50","extreme",0.1,"independent","che_rve",5000,5000,0,0,0,0,0.0334,0,0
32,20,"moderate","50_50","extreme",0.1,"independent","mlma",5000,5000,0,0,0,0,0.0022,2e-04,0
32,20,"moderate","50_50","extreme",0.1,"independent","mlma_cr2",5000,5000,0,0,0,0,0.0022,2e-04,0
33,20,"moderate","70_30","balanced",0,"independent","aggregate_hksj",5000,5000,0,0,0,0,0,0,0
33,20,"moderate","70_30","balanced",0,"independent","che_rve",5000,5000,0,0,0,0,0.0066,0,0
33,20,"moderate","70_30","balanced",0,"independent","mlma",5000,5000,0,0,0,0,4e-04,0,0
33,20,"moderate","70_30","balanced",0,"independent","mlma_cr2",5000,5000,0,0,0,0,4e-04,0,0
34,20,"moderate","70_30","balanced",0.1,"independent","aggregate_hksj",5000,5000,0,0,0,0,0,0,0
34,20,"moderate","70_30","balanced",0.1,"independent","che_rve",5000,5000,0,0,0,0,0.0062,0,0
34,20,"moderate","70_30","balanced",0.1,"independent","mlma",5000,5000,0,0,0,0,6e-04,0,0
34,20,"moderate","70_30","balanced",0.1,"independent","mlma_cr2",5000,5000,0,0,0,0,6e-04,0,0
35,20,"moderate","70_30","moderate",0,"independent","aggregate_hksj",5000,5000,0,0,0,0,0,0,0
35,20,"moderate","70_30","moderate",0,"independent","che_rve",5000,5000,0,0,0,0,0.0088,0,0
35,20,"moderate","70_30","moderate",0,"independent","mlma",5000,5000,0,0,0,0,2e-04,0,0
35,20,"moderate","70_30","moderate",0,"independent","mlma_cr2",5000,5000,0,0,0,0,2e-04,0,0
36,20,"moderate","70_30","moderate",0.1,"independent","aggregate_hksj",5000,5000,0,0,0,0,0,0,0
36,20,"moderate","70_30","moderate",0.1,"independent","che_rve",5000,5000,0,0,0,0,0.0086,0,0
36,20,"moderate","70_30","moderate",0.1,"independent","mlma",5000,5000,0,0,0,0,2e-04,0,0
36,20,"moderate","70_30","moderate",0.1,"independent","mlma_cr2",5000,5000,0,0,0,0,2e-04,0,0
37,20,"moderate","70_30","severe",0,"independent","aggregate_hksj",5000,5000,0,0,0,0,0,0,0
37,20,"moderate","70_30","severe",0,"independent","che_rve",5000,5000,0,0,0,0,0.0146,0,0
37,20,"moderate","70_30","severe",0,"independent","mlma",5000,5000,0,0,0,0,2e-04,0,0
37,20,"moderate","70_30","severe",0,"independent","mlma_cr2",5000,5000,0,0,0,0,2e-04,0,0
38,20,"moderate","70_30","severe",0.1,"independent","aggregate_hksj",5000,5000,0,0,0,0,0,0,0
38,20,"moderate","70_30","severe",0.1,"independent","che_rve",5000,5000,0,0,0,0,0.0142,0,0
38,20,"moderate","70_30","severe",0.1,"independent","mlma",5000,5000,0,0,0,0,8e-04,0,0
38,20,"moderate","70_30","severe",0.1,"independent","mlma_cr2",5000,5000,0,0,0,0,8e-04,0,0
39,20,"moderate","70_30","extreme",0,"independent","aggregate_hksj",5000,5000,0,0,0,0,0,0,8e-04
39,20,"moderate","70_30","extreme",0,"independent","che_rve",5000,5000,0,0,0,0,0.0306,0,0
39,20,"moderate","70_30","extreme",0,"independent","mlma",5000,5000,0,0,0,0,0.0028,2e-04,0
39,20,"moderate","70_30","extreme",0,"independent","mlma_cr2",5000,5000,0,0,0,0,0.0028,2e-04,0
40,20,"moderate","70_30","extreme",0.1,"independent","aggregate_hksj",5000,4999,1,0,2e-04,2e-04,0,0,0.000800160032006401
40,20,"moderate","70_30","extreme",0.1,"independent","che_rve",5000,5000,0,0,0,0,0.0332,0,0
40,20,"moderate","70_30","extreme",0.1,"independent","mlma",5000,5000,0,0,0,0,0.0018,0,0
40,20,"moderate","70_30","extreme",0.1,"independent","mlma_cr2",5000,5000,0,0,0,0,0.0018,0,0
41,20,"moderate","85_15","balanced",0,"independent","aggregate_hksj",5000,5000,0,0,0,0,0,0,0
41,20,"moderate","85_15","balanced",0,"independent","che_rve",5000,5000,0,0,0,0,0.0074,0,0
41,20,"moderate","85_15","balanced",0,"independent","mlma",5000,5000,0,0,0,0,6e-04,0,0
41,20,"moderate","85_15","balanced",0,"independent","mlma_cr2",5000,5000,0,0,0,0,6e-04,0,0
42,20,"moderate","85_15","balanced",0.1,"independent","aggregate_hksj",5000,5000,0,0,0,0,0,0,0
42,20,"moderate","85_15","balanced",0.1,"independent","che_rve",5000,5000,0,0,0,0,0.007,0,0
42,20,"moderate","85_15","balanced",0.1,"independent","mlma",5000,5000,0,0,0,0,8e-04,0,0
42,20,"moderate","85_15","balanced",0.1,"independent","mlma_cr2",5000,5000,0,0,0,0,8e-04,0,0
43,20,"moderate","85_15","moderate",0,"independent","aggregate_hksj",5000,5000,0,0,0,0,0,0,0
43,20,"moderate","85_15","moderate",0,"independent","che_rve",5000,5000,0,0,0,0,0.0102,0,0
43,20,"moderate","85_15","moderate",0,"independent","mlma",5000,5000,0,0,0,0,6e-04,0,0
43,20,"moderate","85_15","moderate",0,"independent","mlma_cr2",5000,5000,0,0,0,0,6e-04,0,0
44,20,"moderate","85_15","moderate",0.1,"independent","aggregate_hksj",5000,5000,0,0,0,0,0,0,0
44,20,"moderate","85_15","moderate",0.1,"independent","che_rve",5000,5000,0,0,0,0,0.0072,0,0
44,20,"moderate","85_15","moderate",0.1,"independent","mlma",5000,5000,0,0,0,0,0.0012,0,0
44,20,"moderate","85_15","moderate",0.1,"independent","mlma_cr2",5000,5000,0,0,0,0,0.0012,0,0
45,20,"moderate","85_15","severe",0,"independent","aggregate_hksj",5000,5000,0,0,0,0,0,0,0
45,20,"moderate","85_15","severe",0,"independent","che_rve",5000,5000,0,0,0,0,0.0154,0,0
45,20,"moderate","85_15","severe",0,"independent","mlma",5000,5000,0,0,0,0,8e-04,0,0
45,20,"moderate","85_15","severe",0,"independent","mlma_cr2",5000,5000,0,0,0,0,8e-04,0,0
46,20,"moderate","85_15","severe",0.1,"independent","aggregate_hksj",5000,5000,0,0,0,0,0,0,0
46,20,"moderate","85_15","severe",0.1,"independent","che_rve",5000,5000,0,0,0,0,0.0162,0,0
46,20,"moderate","85_15","severe",0.1,"independent","mlma",5000,5000,0,0,0,0,0.0016,0,0
46,20,"moderate","85_15","severe",0.1,"independent","mlma_cr2",5000,5000,0,0,0,0,0.0016,0,0
47,20,"moderate","85_15","extreme",0,"independent","aggregate_hksj",5000,5000,0,0,0,0,0,0,4e-04
47,20,"moderate","85_15","extreme",0,"independent","che_rve",5000,5000,0,0,0,0,0.031,0,0
47,20,"moderate","85_15","extreme",0,"independent","mlma",5000,5000,0,0,0,0,0.0014,2e-04,0
47,20,"moderate","85_15","extreme",0,"independent","mlma_cr2",5000,5000,0,0,0,0,0.0014,2e-04,0
48,20,"moderate","85_15","extreme",0.1,"independent","aggregate_hksj",5000,5000,0,0,0,2e-04,0,0,6e-04
48,20,"moderate","85_15","extreme",0.1,"independent","che_rve",5000,5000,0,0,0,0,0.0302,0,0
48,20,"moderate","85_15","extreme",0.1,"independent","mlma",5000,5000,0,0,0,0,0.0018,0,0
48,20,"moderate","85_15","extreme",0.1,"independent","mlma_cr2",5000,5000,0,0,0,0,0.0018,0,0
49,20,"severe","50_50","balanced",0,"independent","aggregate_hksj",5000,5000,0,0,0,0,0,0,0
49,20,"severe","50_50","balanced",0,"independent","che_rve",5000,5000,0,0,0,0,0.0206,0,0
49,20,"severe","50_50","balanced",0,"independent","mlma",5000,5000,0,0,0,0,0.0048,0,0
49,20,"severe","50_50","balanced",0,"independent","mlma_cr2",5000,5000,0,0,0,0,0.0048,0,0
50,20,"severe","50_50","balanced",0.1,"independent","aggregate_hksj",5000,5000,0,0,0,0,0,0,0
50,20,"severe","50_50","balanced",0.1,"independent","che_rve",5000,5000,0,0,0,0,0.026,0,0
50,20,"severe","50_50","balanced",0.1,"independent","mlma",5000,5000,0,0,0,0,0.0074,0,0
50,20,"severe","50_50","balanced",0.1,"independent","mlma_cr2",5000,5000,0,0,0,0,0.0074,0,0
51,20,"severe","50_50","moderate",0,"independent","aggregate_hksj",5000,5000,0,0,0,0,0,0,0
51,20,"severe","50_50","moderate",0,"independent","che_rve",5000,5000,0,0,0,0,0.0292,0,0
51,20,"severe","50_50","moderate",0,"independent","mlma",5000,5000,0,0,0,0,0.0056,0,0
51,20,"severe","50_50","moderate",0,"independent","mlma_cr2",5000,5000,0,0,0,0,0.0056,0,0
52,20,"severe","50_50","moderate",0.1,"independent","aggregate_hksj",5000,5000,0,0,0,0,0,0,0
52,20,"severe","50_50","moderate",0.1,"independent","che_rve",5000,5000,0,0,0,0,0.0276,0,0
52,20,"severe","50_50","moderate",0.1,"independent","mlma",5000,5000,0,0,0,0,0.006,0,0
52,20,"severe","50_50","moderate",0.1,"independent","mlma_cr2",5000,5000,0,0,0,0,0.006,0,0
53,20,"severe","50_50","severe",0,"independent","aggregate_hksj",5000,5000,0,0,0,0,0,0,2e-04
53,20,"severe","50_50","severe",0,"independent","che_rve",5000,5000,0,0,0,0,0.0446,0,0
53,20,"severe","50_50","severe",0,"independent","mlma",5000,5000,0,0,0,0,0.0086,0,0
53,20,"severe","50_50","severe",0,"independent","mlma_cr2",5000,5000,0,0,0,0,0.0086,0,0
54,20,"severe","50_50","severe",0.1,"independent","aggregate_hksj",5000,5000,0,0,0,0,0,0,0
54,20,"severe","50_50","severe",0.1,"independent","che_rve",5000,5000,0,0,0,0,0.0376,0,0
54,20,"severe","50_50","severe",0.1,"independent","mlma",5000,5000,0,0,0,0,0.0064,4e-04,0
54,20,"severe","50_50","severe",0.1,"independent","mlma_cr2",5000,5000,0,0,0,0,0.0064,4e-04,0
55,20,"severe","50_50","extreme",0,"independent","aggregate_hksj",5000,4999,1,0,2e-04,4e-04,0,0,0.000800160032006401
55,20,"severe","50_50","extreme",0,"independent","che_rve",5000,5000,0,0,0,0,0.0754,0,0
55,20,"severe","50_50","extreme",0,"independent","mlma",5000,5000,0,0,0,0,0.0116,0.0038,0
55,20,"severe","50_50","extreme",0,"independent","mlma_cr2",5000,5000,0,0,0,0,0.0116,0.0038,0
56,20,"severe","50_50","extreme",0.1,"independent","aggregate_hksj",5000,5000,0,0,0,0,0,0,4e-04
56,20,"severe","50_50","extreme",0.1,"independent","che_rve",5000,5000,0,0,0,0,0.0634,0,0
56,20,"severe","50_50","extreme",0.1,"independent","mlma",5000,5000,0,0,0,0,0.0096,0.0032,0
56,20,"severe","50_50","extreme",0.1,"independent","mlma_cr2",5000,5000,0,0,0,0,0.0096,0.0032,0
57,20,"severe","70_30","balanced",0,"independent","aggregate_hksj",5000,5000,0,0,0,0,0,0,0
57,20,"severe","70_30","balanced",0,"independent","che_rve",5000,5000,0,0,0,0,0.0254,0,0
57,20,"severe","70_30","balanced",0,"independent","mlma",5000,5000,0,0,0,0,0.0068,0,0
57,20,"severe","70_30","balanced",0,"independent","mlma_cr2",5000,5000,0,0,0,0,0.0068,0,0
58,20,"severe","70_30","balanced",0.1,"independent","aggregate_hksj",5000,5000,0,0,0,0,0,0,0
58,20,"severe","70_30","balanced",0.1,"independent","che_rve",5000,5000,0,0,0,0,0.0264,0,0
58,20,"severe","70_30","balanced",0.1,"independent","mlma",5000,5000,0,0,0,0,0.0078,0,0
58,20,"severe","70_30","balanced",0.1,"independent","mlma_cr2",5000,5000,0,0,0,0,0.0078,0,0
59,20,"severe","70_30","moderate",0,"independent","aggregate_hksj",5000,5000,0,0,0,0,0,0,0
59,20,"severe","70_30","moderate",0,"independent","che_rve",5000,5000,0,0,0,0,0.0282,0,0
59,20,"severe","70_30","moderate",0,"independent","mlma",5000,5000,0,0,0,0,0.0056,0,0
59,20,"severe","70_30","moderate",0,"independent","mlma_cr2",5000,5000,0,0,0,0,0.0056,0,0
60,20,"severe","70_30","moderate",0.1,"independent","aggregate_hksj",5000,5000,0,0,0,0,0,0,0
60,20,"severe","70_30","moderate",0.1,"independent","che_rve",5000,5000,0,0,0,0,0.0326,0,0
60,20,"severe","70_30","moderate",0.1,"independent","mlma",5000,5000,0,0,0,0,0.0082,0,0
60,20,"severe","70_30","moderate",0.1,"independent","mlma_cr2",5000,5000,0,0,0,0,0.0082,0,0
61,20,"severe","70_30","severe",0,"independent","aggregate_hksj",5000,5000,0,0,0,0,0,0,0
61,20,"severe","70_30","severe",0,"independent","che_rve",5000,5000,0,0,0,0,0.0426,0,0
61,20,"severe","70_30","severe",0,"independent","mlma",5000,5000,0,0,0,0,0.008,2e-04,0
61,20,"severe","70_30","severe",0,"independent","mlma_cr2",5000,5000,0,0,0,0,0.008,2e-04,0
62,20,"severe","70_30","severe",0.1,"independent","aggregate_hksj",5000,5000,0,0,0,0,0,0,0
62,20,"severe","70_30","severe",0.1,"independent","che_rve",5000,5000,0,0,0,0,0.0474,0,0
62,20,"severe","70_30","severe",0.1,"independent","mlma",5000,5000,0,0,0,0,0.007,0,0
62,20,"severe","70_30","severe",0.1,"independent","mlma_cr2",5000,5000,0,0,0,0,0.007,0,0
63,20,"severe","70_30","extreme",0,"independent","aggregate_hksj",5000,5000,0,0,0,0,0,0,4e-04
63,20,"severe","70_30","extreme",0,"independent","che_rve",5000,5000,0,0,0,0,0.0742,0,0
63,20,"severe","70_30","extreme",0,"independent","mlma",5000,5000,0,0,0,0,0.0094,0.0044,0
63,20,"severe","70_30","extreme",0,"independent","mlma_cr2",5000,5000,0,0,0,0,0.0094,0.0044,0
64,20,"severe","70_30","extreme",0.1,"independent","aggregate_hksj",5000,5000,0,0,0,0,0,0,4e-04
64,20,"severe","70_30","extreme",0.1,"independent","che_rve",5000,5000,0,0,0,0,0.0672,0,0
64,20,"severe","70_30","extreme",0.1,"independent","mlma",5000,5000,0,0,0,0,0.0082,0.002,0
64,20,"severe","70_30","extreme",0.1,"independent","mlma_cr2",5000,5000,0,0,0,0,0.0082,0.002,0
65,20,"severe","85_15","balanced",0,"independent","aggregate_hksj",5000,5000,0,0,0,0,0,0,0
65,20,"severe","85_15","balanced",0,"independent","che_rve",5000,5000,0,0,0,0,0.0264,0,0
65,20,"severe","85_15","balanced",0,"independent","mlma",5000,5000,0,0,0,0,0.0086,0,0
65,20,"severe","85_15","balanced",0,"independent","mlma_cr2",5000,5000,0,0,0,0,0.0086,0,0
66,20,"severe","85_15","balanced",0.1,"independent","aggregate_hksj",5000,5000,0,0,0,0,0,0,0
66,20,"severe","85_15","balanced",0.1,"independent","che_rve",5000,5000,0,0,0,0,0.0228,0,0
66,20,"severe","85_15","balanced",0.1,"independent","mlma",5000,5000,0,0,0,0,0.0064,0,0
66,20,"severe","85_15","balanced",0.1,"independent","mlma_cr2",5000,5000,0,0,0,0,0.0064,0,0
67,20,"severe","85_15","moderate",0,"independent","aggregate_hksj",5000,5000,0,0,0,0,0,0,2e-04
67,20,"severe","85_15","moderate",0,"independent","che_rve",5000,5000,0,0,0,0,0.03,0,0
67,20,"severe","85_15","moderate",0,"independent","mlma",5000,5000,0,0,0,0,0.006,0,0
67,20,"severe","85_15","moderate",0,"independent","mlma_cr2",5000,5000,0,0,0,0,0.006,0,0
68,20,"severe","85_15","moderate",0.1,"independent","aggregate_hksj",5000,5000,0,0,0,0,0,0,0
68,20,"severe","85_15","moderate",0.1,"independent","che_rve",5000,5000,0,0,0,0,0.0314,0,0
68,20,"severe","85_15","moderate",0.1,"independent","mlma",5000,5000,0,0,0,0,0.0066,0,0
68,20,"severe","85_15","moderate",0.1,"independent","mlma_cr2",5000,5000,0,0,0,0,0.0066,0,0
69,20,"severe","85_15","severe",0,"independent","aggregate_hksj",5000,5000,0,0,0,0,0,0,2e-04
69,20,"severe","85_15","severe",0,"independent","che_rve",5000,5000,0,0,0,0,0.0494,0,0
69,20,"severe","85_15","severe",0,"independent","mlma",5000,5000,0,0,0,0,0.0092,0,0
69,20,"severe","85_15","severe",0,"independent","mlma_cr2",5000,5000,0,0,0,0,0.0092,0,0
70,20,"severe","85_15","severe",0.1,"independent","aggregate_hksj",5000,5000,0,0,0,0,0,0,2e-04
70,20,"severe","85_15","severe",0.1,"independent","che_rve",5000,5000,0,0,0,0,0.0474,0,0
70,20,"severe","85_15","severe",0.1,"independent","mlma",5000,5000,0,0,0,0,0.0082,2e-04,0
70,20,"severe","85_15","severe",0.1,"independent","mlma_cr2",5000,5000,0,0,0,0,0.0082,2e-04,0
71,20,"severe","85_15","extreme",0,"independent","aggregate_hksj",5000,5000,0,0,0,0,0,0,4e-04
71,20,"severe","85_15","extreme",0,"independent","che_rve",5000,5000,0,0,0,0,0.0734,2e-04,0
71,20,"severe","85_15","extreme",0,"independent","mlma",5000,5000,0,0,0,0,0.009,0.0042,0
71,20,"severe","85_15","extreme",0,"independent","mlma_cr2",5000,5000,0,0,0,0,0.009,0.0042,0
72,20,"severe","85_15","extreme",0.1,"independent","aggregate_hksj",5000,5000,0,0,0,0,0,0,0
72,20,"severe","85_15","extreme",0.1,"independent","che_rve",5000,5000,0,0,0,0,0.0712,0,0
72,20,"severe","85_15","extreme",0.1,"independent","mlma",5000,5000,0,0,0,0,0.0076,0.0028,0
72,20,"severe","85_15","extreme",0.1,"independent","mlma_cr2",5000,5000,0,0,0,0,0.0076,0.0028,0
73,40,"balanced","50_50","balanced",0,"independent","aggregate_hksj",5000,5000,0,0,0,0,0,0,0
73,40,"balanced","50_50","balanced",0,"independent","che_rve",5000,5000,0,0,0,0,0,0,0
73,40,"balanced","50_50","balanced",0,"independent","mlma",5000,5000,0,0,0,0,0,0,0
73,40,"balanced","50_50","balanced",0,"independent","mlma_cr2",5000,5000,0,0,0,0,0,0,0
74,40,"balanced","50_50","balanced",0.1,"independent","aggregate_hksj",5000,5000,0,0,0,0,0,0,0
74,40,"balanced","50_50","balanced",0.1,"independent","che_rve",5000,5000,0,0,0,0,2e-04,0,0
74,40,"balanced","50_50","balanced",0.1,"independent","mlma",5000,5000,0,0,0,0,0,0,0
74,40,"balanced","50_50","balanced",0.1,"independent","mlma_cr2",5000,5000,0,0,0,0,0,0,0
75,40,"balanced","50_50","moderate",0,"independent","aggregate_hksj",5000,5000,0,0,0,0,0,0,0
75,40,"balanced","50_50","moderate",0,"independent","che_rve",5000,5000,0,0,0,0,0,0,0
75,40,"balanced","50_50","moderate",0,"independent","mlma",5000,5000,0,0,0,0,0,0,0
75,40,"balanced","50_50","moderate",0,"independent","mlma_cr2",5000,5000,0,0,0,0,0,0,0
76,40,"balanced","50_50","moderate",0.1,"independent","aggregate_hksj",5000,5000,0,0,0,0,0,0,0
76,40,"balanced","50_50","moderate",0.1,"independent","che_rve",5000,5000,0,0,0,0,2e-04,0,0
76,40,"balanced","50_50","moderate",0.1,"independent","mlma",5000,5000,0,0,0,0,0,0,0
76,40,"balanced","50_50","moderate",0.1,"independent","mlma_cr2",5000,5000,0,0,0,0,0,0,0
77,40,"balanced","50_50","severe",0,"independent","aggregate_hksj",5000,5000,0,0,0,0,0,0,0
77,40,"balanced","50_50","severe",0,"independent","che_rve",5000,5000,0,0,0,0,4e-04,0,0
77,40,"balanced","50_50","severe",0,"independent","mlma",5000,5000,0,0,0,0,0,0,0
77,40,"balanced","50_50","severe",0,"independent","mlma_cr2",5000,5000,0,0,0,0,0,0,0
78,40,"balanced","50_50","severe",0.1,"independent","aggregate_hksj",5000,5000,0,0,0,0,0,0,0
78,40,"balanced","50_50","severe",0.1,"independent","che_rve",5000,5000,0,0,0,0,0,0,0
78,40,"balanced","50_50","severe",0.1,"independent","mlma",5000,5000,0,0,0,0,0,0,0
78,40,"balanced","50_50","severe",0.1,"independent","mlma_cr2",5000,5000,0,0,0,0,0,0,0
79,40,"balanced","50_50","extreme",0,"independent","aggregate_hksj",5000,5000,0,0,0,0,0,0,0
79,40,"balanced","50_50","extreme",0,"independent","che_rve",5000,5000,0,0,0,0,2e-04,0,0
79,40,"balanced","50_50","extreme",0,"independent","mlma",5000,5000,0,0,0,0,0,0,0
79,40,"balanced","50_50","extreme",0,"independent","mlma_cr2",5000,5000,0,0,0,0,0,0,0
80,40,"balanced","50_50","extreme",0.1,"independent","aggregate_hksj",5000,5000,0,0,0,0,0,0,0
80,40,"balanced","50_50","extreme",0.1,"independent","che_rve",5000,5000,0,0,0,0,8e-04,0,0
80,40,"balanced","50_50","extreme",0.1,"independent","mlma",5000,5000,0,0,0,0,0,0,0
80,40,"balanced","50_50","extreme",0.1,"independent","mlma_cr2",5000,5000,0,0,0,0,0,0,0
81,40,"balanced","70_30","balanced",0,"independent","aggregate_hksj",5000,5000,0,0,0,0,0,0,0
81,40,"balanced","70_30","balanced",0,"independent","che_rve",5000,5000,0,0,0,0,0,0,0
81,40,"balanced","70_30","balanced",0,"independent","mlma",5000,5000,0,0,0,0,0,0,0
81,40,"balanced","70_30","balanced",0,"independent","mlma_cr2",5000,5000,0,0,0,0,0,0,0
82,40,"balanced","70_30","balanced",0.1,"independent","aggregate_hksj",5000,5000,0,0,0,0,0,0,0
82,40,"balanced","70_30","balanced",0.1,"independent","che_rve",5000,5000,0,0,0,0,0,0,0
82,40,"balanced","70_30","balanced",0.1,"independent","mlma",5000,5000,0,0,0,0,0,0,0
82,40,"balanced","70_30","balanced",0.1,"independent","mlma_cr2",5000,5000,0,0,0,0,0,0,0
83,40,"balanced","70_30","moderate",0,"independent","aggregate_hksj",5000,5000,0,0,0,0,0,0,0
83,40,"balanced","70_30","moderate",0,"independent","che_rve",5000,5000,0,0,0,0,0,0,0
83,40,"balanced","70_30","moderate",0,"independent","mlma",5000,5000,0,0,0,0,0,0,0
83,40,"balanced","70_30","moderate",0,"independent","mlma_cr2",5000,5000,0,0,0,0,0,0,0
84,40,"balanced","70_30","moderate",0.1,"independent","aggregate_hksj",5000,5000,0,0,0,0,0,0,0
84,40,"balanced","70_30","moderate",0.1,"independent","che_rve",5000,5000,0,0,0,0,2e-04,0,0
84,40,"balanced","70_30","moderate",0.1,"independent","mlma",5000,5000,0,0,0,0,0,0,0
84,40,"balanced","70_30","moderate",0.1,"independent","mlma_cr2",5000,5000,0,0,0,0,0,0,0
85,40,"balanced","70_30","severe",0,"independent","aggregate_hksj",5000,5000,0,0,0,0,0,0,0
85,40,"balanced","70_30","severe",0,"independent","che_rve",5000,5000,0,0,0,0,4e-04,0,0
85,40,"balanced","70_30","severe",0,"independent","mlma",5000,5000,0,0,0,0,0,0,0
85,40,"balanced","70_30","severe",0,"independent","mlma_cr2",5000,5000,0,0,0,0,0,0,0
86,40,"balanced","70_30","severe",0.1,"independent","aggregate_hksj",5000,5000,0,0,0,0,0,0,0
86,40,"balanced","70_30","severe",0.1,"independent","che_rve",5000,5000,0,0,0,0,0,0,0
86,40,"balanced","70_30","severe",0.1,"independent","mlma",5000,5000,0,0,0,0,0,0,0
86,40,"balanced","70_30","severe",0.1,"independent","mlma_cr2",5000,5000,0,0,0,0,0,0,0
87,40,"balanced","70_30","extreme",0,"independent","aggregate_hksj",5000,5000,0,0,0,0,0,0,0
87,40,"balanced","70_30","extreme",0,"independent","che_rve",5000,5000,0,0,0,0,0.0012,0,0
87,40,"balanced","70_30","extreme",0,"independent","mlma",5000,5000,0,0,0,0,0,0,0
87,40,"balanced","70_30","extreme",0,"independent","mlma_cr2",5000,5000,0,0,0,0,0,0,0
88,40,"balanced","70_30","extreme",0.1,"independent","aggregate_hksj",5000,5000,0,0,0,0,0,0,0
88,40,"balanced","70_30","extreme",0.1,"independent","che_rve",5000,5000,0,0,0,0,0.002,0,0
88,40,"balanced","70_30","extreme",0.1,"independent","mlma",5000,5000,0,0,0,0,0,0,0
88,40,"balanced","70_30","extreme",0.1,"independent","mlma_cr2",5000,5000,0,0,0,0,0,0,0
89,40,"balanced","85_15","balanced",0,"independent","aggregate_hksj",5000,5000,0,0,0,0,0,0,0
89,40,"balanced","85_15","balanced",0,"independent","che_rve",5000,5000,0,0,0,0,0,0,0
89,40,"balanced","85_15","balanced",0,"independent","mlma",5000,5000,0,0,0,0,0,0,0
89,40,"balanced","85_15","balanced",0,"independent","mlma_cr2",5000,5000,0,0,0,0,0,0,0
90,40,"balanced","85_15","balanced",0.1,"independent","aggregate_hksj",5000,5000,0,0,0,0,0,0,0
90,40,"balanced","85_15","balanced",0.1,"independent","che_rve",5000,5000,0,0,0,0,0,0,0
90,40,"balanced","85_15","balanced",0.1,"independent","mlma",5000,5000,0,0,0,0,0,0,0
90,40,"balanced","85_15","balanced",0.1,"independent","mlma_cr2",5000,5000,0,0,0,0,0,0,0
91,40,"balanced","85_15","moderate",0,"independent","aggregate_hksj",5000,5000,0,0,0,0,0,0,0
91,40,"balanced","85_15","moderate",0,"independent","che_rve",5000,5000,0,0,0,0,0,0,0
91,40,"balanced","85_15","moderate",0,"independent","mlma",5000,5000,0,0,0,0,0,0,0
91,40,"balanced","85_15","moderate",0,"independent","mlma_cr2",5000,5000,0,0,0,0,0,0,0
92,40,"balanced","85_15","moderate",0.1,"independent","aggregate_hksj",5000,5000,0,0,0,0,0,0,0
92,40,"balanced","85_15","moderate",0.1,"independent","che_rve",5000,5000,0,0,0,0,2e-04,0,0
92,40,"balanced","85_15","moderate",0.1,"independent","mlma",5000,5000,0,0,0,0,0,0,0
92,40,"balanced","85_15","moderate",0.1,"independent","mlma_cr2",5000,5000,0,0,0,0,0,0,0
93,40,"balanced","85_15","severe",0,"independent","aggregate_hksj",5000,5000,0,0,0,0,0,0,0
93,40,"balanced","85_15","severe",0,"independent","che_rve",5000,5000,0,0,0,0,4e-04,0,0
93,40,"balanced","85_15","severe",0,"independent","mlma",5000,5000,0,0,0,0,0,0,0
93,40,"balanced","85_15","severe",0,"independent","mlma_cr2",5000,5000,0,0,0,0,0,0,0
94,40,"balanced","85_15","severe",0.1,"independent","aggregate_hksj",5000,5000,0,0,0,0,0,0,0
94,40,"balanced","85_15","severe",0.1,"independent","che_rve",5000,5000,0,0,0,0,0,0,0
94,40,"balanced","85_15","severe",0.1,"independent","mlma",5000,5000,0,0,0,0,0,0,0
94,40,"balanced","85_15","severe",0.1,"independent","mlma_cr2",5000,5000,0,0,0,0,0,0,0
95,40,"balanced","85_15","extreme",0,"independent","aggregate_hksj",5000,5000,0,0,0,0,0,0,0
95,40,"balanced","85_15","extreme",0,"independent","che_rve",5000,5000,0,0,0,0,0.001,0,0
95,40,"balanced","85_15","extreme",0,"independent","mlma",5000,5000,0,0,0,0,0,0,0
95,40,"balanced","85_15","extreme",0,"independent","mlma_cr2",5000,5000,0,0,0,0,0,0,0
96,40,"balanced","85_15","extreme",0.1,"independent","aggregate_hksj",5000,5000,0,0,0,0,0,0,0
96,40,"balanced","85_15","extreme",0.1,"independent","che_rve",5000,5000,0,0,0,0,0.0012,0,0
96,40,"balanced","85_15","extreme",0.1,"independent","mlma",5000,5000,0,0,0,0,0,0,0
96,40,"balanced","85_15","extreme",0.1,"independent","mlma_cr2",5000,5000,0,0,0,0,0,0,0
97,40,"moderate","50_50","balanced",0,"independent","aggregate_hksj",5000,5000,0,0,0,0,0,0,0
97,40,"moderate","50_50","balanced",0,"independent","che_rve",5000,5000,0,0,0,0,0,0,0
97,40,"moderate","50_50","balanced",0,"independent","mlma",5000,5000,0,0,0,0,0,0,0
97,40,"moderate","50_50","balanced",0,"independent","mlma_cr2",5000,5000,0,0,0,0,0,0,0
98,40,"moderate","50_50","balanced",0.1,"independent","aggregate_hksj",5000,5000,0,0,0,0,0,0,0
98,40,"moderate","50_50","balanced",0.1,"independent","che_rve",5000,5000,0,0,0,0,2e-04,0,0
98,40,"moderate","50_50","balanced",0.1,"independent","mlma",5000,5000,0,0,0,0,0,0,0
98,40,"moderate","50_50","balanced",0.1,"independent","mlma_cr2",5000,5000,0,0,0,0,0,0,0
99,40,"moderate","50_50","moderate",0,"independent","aggregate_hksj",5000,5000,0,0,0,0,0,0,0
99,40,"moderate","50_50","moderate",0,"independent","che_rve",5000,5000,0,0,0,0,4e-04,0,0
99,40,"moderate","50_50","moderate",0,"independent","mlma",5000,5000,0,0,0,0,0,0,0
99,40,"moderate","50_50","moderate",0,"independent","mlma_cr2",5000,5000,0,0,0,0,0,0,0
100,40,"moderate","50_50","moderate",0.1,"independent","aggregate_hksj",5000,5000,0,0,0,0,0,0,0
100,40,"moderate","50_50","moderate",0.1,"independent","che_rve",5000,5000,0,0,0,0,0,0,0
100,40,"moderate","50_50","moderate",0.1,"independent","mlma",5000,5000,0,0,0,0,0,0,0
100,40,"moderate","50_50","moderate",0.1,"independent","mlma_cr2",5000,5000,0,0,0,0,0,0,0
101,40,"moderate","50_50","severe",0,"independent","aggregate_hksj",5000,5000,0,0,0,0,0,0,0
101,40,"moderate","50_50","severe",0,"independent","che_rve",5000,5000,0,0,0,0,4e-04,0,0
101,40,"moderate","50_50","severe",0,"independent","mlma",5000,5000,0,0,0,0,0,0,0
101,40,"moderate","50_50","severe",0,"independent","mlma_cr2",5000,5000,0,0,0,0,0,0,0
102,40,"moderate","50_50","severe",0.1,"independent","aggregate_hksj",5000,5000,0,0,0,0,0,0,0
102,40,"moderate","50_50","severe",0.1,"independent","che_rve",5000,5000,0,0,0,0,6e-04,0,0
102,40,"moderate","50_50","severe",0.1,"independent","mlma",5000,5000,0,0,0,0,0,0,0
102,40,"moderate","50_50","severe",0.1,"independent","mlma_cr2",5000,5000,0,0,0,0,0,0,0
103,40,"moderate","50_50","extreme",0,"independent","aggregate_hksj",5000,5000,0,0,0,0,0,0,0
103,40,"moderate","50_50","extreme",0,"independent","che_rve",5000,5000,0,0,0,0,8e-04,0,0
103,40,"moderate","50_50","extreme",0,"independent","mlma",5000,5000,0,0,0,0,0,0,0
103,40,"moderate","50_50","extreme",0,"independent","mlma_cr2",5000,5000,0,0,0,0,0,0,0
104,40,"moderate","50_50","extreme",0.1,"independent","aggregate_hksj",5000,5000,0,0,0,0,0,0,0
104,40,"moderate","50_50","extreme",0.1,"independent","che_rve",5000,5000,0,0,0,0,0.0026,0,0
104,40,"moderate","50_50","extreme",0.1,"independent","mlma",5000,5000,0,0,0,0,0,0,0
104,40,"moderate","50_50","extreme",0.1,"independent","mlma_cr2",5000,5000,0,0,0,0,0,0,0
105,40,"moderate","70_30","balanced",0,"independent","aggregate_hksj",5000,5000,0,0,0,0,0,0,0
105,40,"moderate","70_30","balanced",0,"independent","che_rve",5000,5000,0,0,0,0,0,0,0
105,40,"moderate","70_30","balanced",0,"independent","mlma",5000,5000,0,0,0,0,0,0,0
105,40,"moderate","70_30","balanced",0,"independent","mlma_cr2",5000,5000,0,0,0,0,0,0,0
106,40,"moderate","70_30","balanced",0.1,"independent","aggregate_hksj",5000,5000,0,0,0,0,0,0,0
106,40,"moderate","70_30","balanced",0.1,"independent","che_rve",5000,5000,0,0,0,0,0,0,0
106,40,"moderate","70_30","balanced",0.1,"independent","mlma",5000,5000,0,0,0,0,0,0,0
106,40,"moderate","70_30","balanced",0.1,"independent","mlma_cr2",5000,5000,0,0,0,0,0,0,0
107,40,"moderate","70_30","moderate",0,"independent","aggregate_hksj",5000,5000,0,0,0,0,0,0,0
107,40,"moderate","70_30","moderate",0,"independent","che_rve",5000,5000,0,0,0,0,2e-04,0,0
107,40,"moderate","70_30","moderate",0,"independent","mlma",5000,5000,0,0,0,0,0,0,0
107,40,"moderate","70_30","moderate",0,"independent","mlma_cr2",5000,5000,0,0,0,0,0,0,0
108,40,"moderate","70_30","moderate",0.1,"independent","aggregate_hksj",5000,5000,0,0,0,0,0,0,0
108,40,"moderate","70_30","moderate",0.1,"independent","che_rve",5000,5000,0,0,0,0,0,0,0
108,40,"moderate","70_30","moderate",0.1,"independent","mlma",5000,5000,0,0,0,0,0,0,0
108,40,"moderate","70_30","moderate",0.1,"independent","mlma_cr2",5000,5000,0,0,0,0,0,0,0
109,40,"moderate","70_30","severe",0,"independent","aggregate_hksj",5000,5000,0,0,0,0,0,0,0
109,40,"moderate","70_30","severe",0,"independent","che_rve",5000,5000,0,0,0,0,4e-04,0,0
109,40,"moderate","70_30","severe",0,"independent","mlma",5000,5000,0,0,0,0,0,0,0
109,40,"moderate","70_30","severe",0,"independent","mlma_cr2",5000,5000,0,0,0,0,0,0,0
110,40,"moderate","70_30","severe",0.1,"independent","aggregate_hksj",5000,5000,0,0,0,0,0,0,0
110,40,"moderate","70_30","severe",0.1,"independent","che_rve",5000,5000,0,0,0,0,4e-04,0,0
110,40,"moderate","70_30","severe",0.1,"independent","mlma",5000,5000,0,0,0,0,0,0,0
110,40,"moderate","70_30","severe",0.1,"independent","mlma_cr2",5000,5000,0,0,0,0,0,0,0
111,40,"moderate","70_30","extreme",0,"independent","aggregate_hksj",5000,5000,0,0,0,0,0,0,0
111,40,"moderate","70_30","extreme",0,"independent","che_rve",5000,5000,0,0,0,0,0.0026,0,0
111,40,"moderate","70_30","extreme",0,"independent","mlma",5000,5000,0,0,0,0,0,0,0
111,40,"moderate","70_30","extreme",0,"independent","mlma_cr2",5000,5000,0,0,0,0,0,0,0
112,40,"moderate","70_30","extreme",0.1,"independent","aggregate_hksj",5000,5000,0,0,0,0,0,0,0
112,40,"moderate","70_30","extreme",0.1,"independent","che_rve",5000,5000,0,0,0,0,0.0018,0,0
112,40,"moderate","70_30","extreme",0.1,"independent","mlma",5000,5000,0,0,0,0,0,0,0
112,40,"moderate","70_30","extreme",0.1,"independent","mlma_cr2",5000,5000,0,0,0,0,0,0,0
113,40,"moderate","85_15","balanced",0,"independent","aggregate_hksj",5000,5000,0,0,0,0,0,0,0
113,40,"moderate","85_15","balanced",0,"independent","che_rve",5000,5000,0,0,0,0,0,0,0
113,40,"moderate","85_15","balanced",0,"independent","mlma",5000,5000,0,0,0,0,0,0,0
113,40,"moderate","85_15","balanced",0,"independent","mlma_cr2",5000,5000,0,0,0,0,0,0,0
114,40,"moderate","85_15","balanced",0.1,"independent","aggregate_hksj",5000,5000,0,0,0,0,0,0,0
114,40,"moderate","85_15","balanced",0.1,"independent","che_rve",5000,5000,0,0,0,0,0,0,0
114,40,"moderate","85_15","balanced",0.1,"independent","mlma",5000,5000,0,0,0,0,0,0,0
114,40,"moderate","85_15","balanced",0.1,"independent","mlma_cr2",5000,5000,0,0,0,0,0,0,0
115,40,"moderate","85_15","moderate",0,"independent","aggregate_hksj",5000,5000,0,0,0,0,0,0,0
115,40,"moderate","85_15","moderate",0,"independent","che_rve",5000,5000,0,0,0,0,0,0,0
115,40,"moderate","85_15","moderate",0,"independent","mlma",5000,5000,0,0,0,0,0,0,0
115,40,"moderate","85_15","moderate",0,"independent","mlma_cr2",5000,5000,0,0,0,0,0,0,0
116,40,"moderate","85_15","moderate",0.1,"independent","aggregate_hksj",5000,5000,0,0,0,0,0,0,0
116,40,"moderate","85_15","moderate",0.1,"independent","che_rve",5000,5000,0,0,0,0,0,0,0
116,40,"moderate","85_15","moderate",0.1,"independent","mlma",5000,5000,0,0,0,0,0,0,0
116,40,"moderate","85_15","moderate",0.1,"independent","mlma_cr2",5000,5000,0,0,0,0,0,0,0
117,40,"moderate","85_15","severe",0,"independent","aggregate_hksj",5000,5000,0,0,0,0,0,0,0
117,40,"moderate","85_15","severe",0,"independent","che_rve",5000,5000,0,0,0,0,4e-04,0,0
117,40,"moderate","85_15","severe",0,"independent","mlma",5000,5000,0,0,0,0,0,0,0
117,40,"moderate","85_15","severe",0,"independent","mlma_cr2",5000,5000,0,0,0,0,0,0,0
118,40,"moderate","85_15","severe",0.1,"independent","aggregate_hksj",5000,5000,0,0,0,0,0,0,0
118,40,"moderate","85_15","severe",0.1,"independent","che_rve",5000,5000,0,0,0,0,4e-04,0,0
118,40,"moderate","85_15","severe",0.1,"independent","mlma",5000,5000,0,0,0,0,0,0,0
118,40,"moderate","85_15","severe",0.1,"independent","mlma_cr2",5000,5000,0,0,0,0,0,0,0
119,40,"moderate","85_15","extreme",0,"independent","aggregate_hksj",5000,5000,0,0,0,0,0,0,0
119,40,"moderate","85_15","extreme",0,"independent","che_rve",5000,5000,0,0,0,0,0.0024,0,0
119,40,"moderate","85_15","extreme",0,"independent","mlma",5000,5000,0,0,0,0,0,0,0
119,40,"moderate","85_15","extreme",0,"independent","mlma_cr2",5000,5000,0,0,0,0,0,0,0
120,40,"moderate","85_15","extreme",0.1,"independent","aggregate_hksj",5000,5000,0,0,0,0,0,0,0
120,40,"moderate","85_15","extreme",0.1,"independent","che_rve",5000,5000,0,0,0,0,0.0018,0,0
120,40,"moderate","85_15","extreme",0.1,"independent","mlma",5000,5000,0,0,0,0,0,0,0
120,40,"moderate","85_15","extreme",0.1,"independent","mlma_cr2",5000,5000,0,0,0,0,0,0,0
121,40,"severe","50_50","balanced",0,"independent","aggregate_hksj",5000,5000,0,0,0,0,0,0,0
121,40,"severe","50_50","balanced",0,"independent","che_rve",5000,5000,0,0,0,0,0.0018,0,0
121,40,"severe","50_50","balanced",0,"independent","mlma",5000,5000,0,0,0,0,6e-04,0,0
121,40,"severe","50_50","balanced",0,"independent","mlma_cr2",5000,5000,0,0,0,0,6e-04,0,0
122,40,"severe","50_50","balanced",0.1,"independent","aggregate_hksj",5000,5000,0,0,0,0,0,0,0
122,40,"severe","50_50","balanced",0.1,"independent","che_rve",5000,5000,0,0,0,0,6e-04,0,0
122,40,"severe","50_50","balanced",0.1,"independent","mlma",5000,5000,0,0,0,0,0,0,0
122,40,"severe","50_50","balanced",0.1,"independent","mlma_cr2",5000,5000,0,0,0,0,0,0,0
123,40,"severe","50_50","moderate",0,"independent","aggregate_hksj",5000,5000,0,0,0,0,0,0,0
123,40,"severe","50_50","moderate",0,"independent","che_rve",5000,5000,0,0,0,0,0.0018,0,0
123,40,"severe","50_50","moderate",0,"independent","mlma",5000,5000,0,0,0,0,0,0,0
123,40,"severe","50_50","moderate",0,"independent","mlma_cr2",5000,5000,0,0,0,0,0,0,0
124,40,"severe","50_50","moderate",0.1,"independent","aggregate_hksj",5000,5000,0,0,0,0,0,0,0
124,40,"severe","50_50","moderate",0.1,"independent","che_rve",5000,5000,0,0,0,0,0.0016,0,0
124,40,"severe","50_50","moderate",0.1,"independent","mlma",5000,5000,0,0,0,0,0,0,0
124,40,"severe","50_50","moderate",0.1,"independent","mlma_cr2",5000,5000,0,0,0,0,0,0,0
125,40,"severe","50_50","severe",0,"independent","aggregate_hksj",5000,5000,0,0,0,0,0,0,0
125,40,"severe","50_50","severe",0,"independent","che_rve",5000,5000,0,0,0,0,0.003,0,0
125,40,"severe","50_50","severe",0,"independent","mlma",5000,5000,0,0,0,0,2e-04,0,0
125,40,"severe","50_50","severe",0,"independent","mlma_cr2",5000,5000,0,0,0,0,2e-04,0,0
126,40,"severe","50_50","severe",0.1,"independent","aggregate_hksj",5000,5000,0,0,0,0,0,0,0
126,40,"severe","50_50","severe",0.1,"independent","che_rve",5000,5000,0,0,0,0,0.004,0,0
126,40,"severe","50_50","severe",0.1,"independent","mlma",5000,5000,0,0,0,0,0,0,0
126,40,"severe","50_50","severe",0.1,"independent","mlma_cr2",5000,5000,0,0,0,0,0,0,0
127,40,"severe","50_50","extreme",0,"independent","aggregate_hksj",5000,5000,0,0,0,0,0,0,0
127,40,"severe","50_50","extreme",0,"independent","che_rve",5000,5000,0,0,0,0,0.0098,0,0
127,40,"severe","50_50","extreme",0,"independent","mlma",5000,5000,0,0,0,0,2e-04,0,0
127,40,"severe","50_50","extreme",0,"independent","mlma_cr2",5000,5000,0,0,0,0,2e-04,0,0
128,40,"severe","50_50","extreme",0.1,"independent","aggregate_hksj",5000,5000,0,0,0,0,0,0,0
128,40,"severe","50_50","extreme",0.1,"independent","che_rve",5000,5000,0,0,0,0,0.0098,0,0
128,40,"severe","50_50","extreme",0.1,"independent","mlma",5000,5000,0,0,0,0,4e-04,0,0
128,40,"severe","50_50","extreme",0.1,"independent","mlma_cr2",5000,5000,0,0,0,0,4e-04,0,0
129,40,"severe","70_30","balanced",0,"independent","aggregate_hksj",5000,5000,0,0,0,0,0,0,0
129,40,"severe","70_30","balanced",0,"independent","che_rve",5000,5000,0,0,0,0,0.0016,0,0
129,40,"severe","70_30","balanced",0,"independent","mlma",5000,5000,0,0,0,0,4e-04,0,0
129,40,"severe","70_30","balanced",0,"independent","mlma_cr2",5000,5000,0,0,0,0,4e-04,0,0
130,40,"severe","70_30","balanced",0.1,"independent","aggregate_hksj",5000,5000,0,0,0,0,0,0,0
130,40,"severe","70_30","balanced",0.1,"independent","che_rve",5000,5000,0,0,0,0,6e-04,0,0
130,40,"severe","70_30","balanced",0.1,"independent","mlma",5000,5000,0,0,0,0,0,0,0
130,40,"severe","70_30","balanced",0.1,"independent","mlma_cr2",5000,5000,0,0,0,0,0,0,0
131,40,"severe","70_30","moderate",0,"independent","aggregate_hksj",5000,5000,0,0,0,0,0,0,0
131,40,"severe","70_30","moderate",0,"independent","che_rve",5000,5000,0,0,0,0,0.0022,0,0
131,40,"severe","70_30","moderate",0,"independent","mlma",5000,5000,0,0,0,0,2e-04,0,0
131,40,"severe","70_30","moderate",0,"independent","mlma_cr2",5000,5000,0,0,0,0,2e-04,0,0
132,40,"severe","70_30","moderate",0.1,"independent","aggregate_hksj",5000,5000,0,0,0,0,0,0,0
132,40,"severe","70_30","moderate",0.1,"independent","che_rve",5000,5000,0,0,0,0,0.0018,0,0
132,40,"severe","70_30","moderate",0.1,"independent","mlma",5000,5000,0,0,0,0,0,0,0
132,40,"severe","70_30","moderate",0.1,"independent","mlma_cr2",5000,5000,0,0,0,0,0,0,0
133,40,"severe","70_30","severe",0,"independent","aggregate_hksj",5000,5000,0,0,0,0,0,0,0
133,40,"severe","70_30","severe",0,"independent","che_rve",5000,5000,0,0,0,0,0.0048,0,0
133,40,"severe","70_30","severe",0,"independent","mlma",5000,5000,0,0,0,0,2e-04,0,0
133,40,"severe","70_30","severe",0,"independent","mlma_cr2",5000,5000,0,0,0,0,2e-04,0,0
134,40,"severe","70_30","severe",0.1,"independent","aggregate_hksj",5000,5000,0,0,0,0,0,0,0
134,40,"severe","70_30","severe",0.1,"independent","che_rve",5000,5000,0,0,0,0,0.004,0,0
134,40,"severe","70_30","severe",0.1,"independent","mlma",5000,5000,0,0,0,0,0,0,0
134,40,"severe","70_30","severe",0.1,"independent","mlma_cr2",5000,5000,0,0,0,0,0,0,0
135,40,"severe","70_30","extreme",0,"independent","aggregate_hksj",5000,5000,0,0,0,0,0,0,0
135,40,"severe","70_30","extreme",0,"independent","che_rve",5000,5000,0,0,0,0,0.011,0,0
135,40,"severe","70_30","extreme",0,"independent","mlma",5000,5000,0,0,0,0,0,0,0
135,40,"severe","70_30","extreme",0,"independent","mlma_cr2",5000,5000,0,0,0,0,0,0,0
136,40,"severe","70_30","extreme",0.1,"independent","aggregate_hksj",5000,5000,0,0,0,0,0,0,0
136,40,"severe","70_30","extreme",0.1,"independent","che_rve",5000,5000,0,0,0,0,0.0092,0,0
136,40,"severe","70_30","extreme",0.1,"independent","mlma",5000,5000,0,0,0,0,2e-04,0,0
136,40,"severe","70_30","extreme",0.1,"independent","mlma_cr2",5000,5000,0,0,0,0,2e-04,0,0
137,40,"severe","85_15","balanced",0,"independent","aggregate_hksj",5000,5000,0,0,0,0,0,0,0
137,40,"severe","85_15","balanced",0,"independent","che_rve",5000,5000,0,0,0,0,0.001,0,0
137,40,"severe","85_15","balanced",0,"independent","mlma",5000,5000,0,0,0,0,0,0,0
137,40,"severe","85_15","balanced",0,"independent","mlma_cr2",5000,5000,0,0,0,0,0,0,0
138,40,"severe","85_15","balanced",0.1,"independent","aggregate_hksj",5000,5000,0,0,0,0,0,0,0
138,40,"severe","85_15","balanced",0.1,"independent","che_rve",5000,5000,0,0,0,0,0.0014,0,0
138,40,"severe","85_15","balanced",0.1,"independent","mlma",5000,5000,0,0,0,0,0,0,0
138,40,"severe","85_15","balanced",0.1,"independent","mlma_cr2",5000,5000,0,0,0,0,0,0,0
139,40,"severe","85_15","moderate",0,"independent","aggregate_hksj",5000,5000,0,0,0,0,0,0,0
139,40,"severe","85_15","moderate",0,"independent","che_rve",5000,5000,0,0,0,0,0.0014,0,0
139,40,"severe","85_15","moderate",0,"independent","mlma",5000,5000,0,0,0,0,0,0,0
139,40,"severe","85_15","moderate",0,"independent","mlma_cr2",5000,5000,0,0,0,0,0,0,0
140,40,"severe","85_15","moderate",0.1,"independent","aggregate_hksj",5000,5000,0,0,0,0,0,0,0
140,40,"severe","85_15","moderate",0.1,"independent","che_rve",5000,5000,0,0,0,0,0.0018,0,0
140,40,"severe","85_15","moderate",0.1,"independent","mlma",5000,5000,0,0,0,0,0,0,0
140,40,"severe","85_15","moderate",0.1,"independent","mlma_cr2",5000,5000,0,0,0,0,0,0,0
141,40,"severe","85_15","severe",0,"independent","aggregate_hksj",5000,5000,0,0,0,0,0,0,0
141,40,"severe","85_15","severe",0,"independent","che_rve",5000,5000,0,0,0,0,0.005,0,0
141,40,"severe","85_15","severe",0,"independent","mlma",5000,5000,0,0,0,0,0,0,0
141,40,"severe","85_15","severe",0,"independent","mlma_cr2",5000,5000,0,0,0,0,0,0,0
142,40,"severe","85_15","severe",0.1,"independent","aggregate_hksj",5000,5000,0,0,0,0,0,0,0
142,40,"severe","85_15","severe",0.1,"independent","che_rve",5000,5000,0,0,0,0,0.0028,0,0
142,40,"severe","85_15","severe",0.1,"independent","mlma",5000,5000,0,0,0,0,2e-04,0,0
142,40,"severe","85_15","severe",0.1,"independent","mlma_cr2",5000,5000,0,0,0,0,2e-04,0,0
143,40,"severe","85_15","extreme",0,"independent","aggregate_hksj",5000,5000,0,0,0,0,0,0,0
143,40,"severe","85_15","extreme",0,"independent","che_rve",5000,5000,0,0,0,0,0.0096,0,0
143,40,"severe","85_15","extreme",0,"independent","mlma",5000,5000,0,0,0,0,2e-04,0,0
143,40,"severe","85_15","extreme",0,"independent","mlma_cr2",5000,5000,0,0,0,0,2e-04,0,0
144,40,"severe","85_15","extreme",0.1,"independent","aggregate_hksj",5000,5000,0,0,0,0,0,0,0
144,40,"severe","85_15","extreme",0.1,"independent","che_rve",5000,5000,0,0,0,0,0.0114,0,0
144,40,"severe","85_15","extreme",0.1,"independent","mlma",5000,5000,0,0,0,0,6e-04,0,0
144,40,"severe","85_15","extreme",0.1,"independent","mlma_cr2",5000,5000,0,0,0,0,6e-04,0,0
145,80,"balanced","50_50","balanced",0,"independent","aggregate_hksj",5000,5000,0,0,0,0,0,0,0
145,80,"balanced","50_50","balanced",0,"independent","che_rve",5000,5000,0,0,0,0,0,0,0
145,80,"balanced","50_50","balanced",0,"independent","mlma",5000,5000,0,0,0,0,0,0,0
145,80,"balanced","50_50","balanced",0,"independent","mlma_cr2",5000,5000,0,0,0,0,0,0,0
146,80,"balanced","50_50","balanced",0.1,"independent","aggregate_hksj",5000,5000,0,0,0,0,0,0,0
146,80,"balanced","50_50","balanced",0.1,"independent","che_rve",5000,5000,0,0,0,0,0,0,0
146,80,"balanced","50_50","balanced",0.1,"independent","mlma",5000,5000,0,0,0,0,0,0,0
146,80,"balanced","50_50","balanced",0.1,"independent","mlma_cr2",5000,5000,0,0,0,0,0,0,0
147,80,"balanced","50_50","moderate",0,"independent","aggregate_hksj",5000,5000,0,0,0,0,0,0,0
147,80,"balanced","50_50","moderate",0,"independent","che_rve",5000,5000,0,0,0,0,0,0,0
147,80,"balanced","50_50","moderate",0,"independent","mlma",5000,5000,0,0,0,0,0,0,0
147,80,"balanced","50_50","moderate",0,"independent","mlma_cr2",5000,5000,0,0,0,0,0,0,0
148,80,"balanced","50_50","moderate",0.1,"independent","aggregate_hksj",5000,5000,0,0,0,0,0,0,0
148,80,"balanced","50_50","moderate",0.1,"independent","che_rve",5000,5000,0,0,0,0,0,0,0
148,80,"balanced","50_50","moderate",0.1,"independent","mlma",5000,5000,0,0,0,0,0,0,0
148,80,"balanced","50_50","moderate",0.1,"independent","mlma_cr2",5000,5000,0,0,0,0,0,0,0
149,80,"balanced","50_50","severe",0,"independent","aggregate_hksj",5000,5000,0,0,0,0,0,0,0
149,80,"balanced","50_50","severe",0,"independent","che_rve",5000,5000,0,0,0,0,0,0,0
149,80,"balanced","50_50","severe",0,"independent","mlma",5000,5000,0,0,0,0,0,0,0
149,80,"balanced","50_50","severe",0,"independent","mlma_cr2",5000,5000,0,0,0,0,0,0,0
150,80,"balanced","50_50","severe",0.1,"independent","aggregate_hksj",5000,5000,0,0,0,0,0,0,0
150,80,"balanced","50_50","severe",0.1,"independent","che_rve",5000,5000,0,0,0,0,0,0,0
150,80,"balanced","50_50","severe",0.1,"independent","mlma",5000,5000,0,0,0,0,0,0,0
150,80,"balanced","50_50","severe",0.1,"independent","mlma_cr2",5000,5000,0,0,0,0,0,0,0
151,80,"balanced","50_50","extreme",0,"independent","aggregate_hksj",5000,5000,0,0,0,0,0,0,0
151,80,"balanced","50_50","extreme",0,"independent","che_rve",5000,5000,0,0,0,0,0,0,0
151,80,"balanced","50_50","extreme",0,"independent","mlma",5000,5000,0,0,0,0,0,0,0
151,80,"balanced","50_50","extreme",0,"independent","mlma_cr2",5000,5000,0,0,0,0,0,0,0
152,80,"balanced","50_50","extreme",0.1,"independent","aggregate_hksj",5000,5000,0,0,0,0,0,0,0
152,80,"balanced","50_50","extreme",0.1,"independent","che_rve",5000,5000,0,0,0,0,2e-04,0,0
152,80,"balanced","50_50","extreme",0.1,"independent","mlma",5000,5000,0,0,0,0,0,0,0
152,80,"balanced","50_50","extreme",0.1,"independent","mlma_cr2",5000,5000,0,0,0,0,0,0,0
153,80,"balanced","70_30","balanced",0,"independent","aggregate_hksj",5000,5000,0,0,0,0,0,0,0
153,80,"balanced","70_30","balanced",0,"independent","che_rve",5000,5000,0,0,0,0,0,0,0
153,80,"balanced","70_30","balanced",0,"independent","mlma",5000,5000,0,0,0,0,0,0,0
153,80,"balanced","70_30","balanced",0,"independent","mlma_cr2",5000,5000,0,0,0,0,0,0,0
154,80,"balanced","70_30","balanced",0.1,"independent","aggregate_hksj",5000,5000,0,0,0,0,0,0,0
154,80,"balanced","70_30","balanced",0.1,"independent","che_rve",5000,5000,0,0,0,0,0,0,0
154,80,"balanced","70_30","balanced",0.1,"independent","mlma",5000,5000,0,0,0,0,0,0,0
154,80,"balanced","70_30","balanced",0.1,"independent","mlma_cr2",5000,5000,0,0,0,0,0,0,0
155,80,"balanced","70_30","moderate",0,"independent","aggregate_hksj",5000,5000,0,0,0,0,0,0,0
155,80,"balanced","70_30","moderate",0,"independent","che_rve",5000,5000,0,0,0,0,0,0,0
155,80,"balanced","70_30","moderate",0,"independent","mlma",5000,5000,0,0,0,0,0,0,0
155,80,"balanced","70_30","moderate",0,"independent","mlma_cr2",5000,5000,0,0,0,0,0,0,0
156,80,"balanced","70_30","moderate",0.1,"independent","aggregate_hksj",5000,5000,0,0,0,0,0,0,0
156,80,"balanced","70_30","moderate",0.1,"independent","che_rve",5000,5000,0,0,0,0,0,0,0
156,80,"balanced","70_30","moderate",0.1,"independent","mlma",5000,5000,0,0,0,0,0,0,0
156,80,"balanced","70_30","moderate",0.1,"independent","mlma_cr2",5000,5000,0,0,0,0,0,0,0
157,80,"balanced","70_30","severe",0,"independent","aggregate_hksj",5000,5000,0,0,0,0,0,0,0
157,80,"balanced","70_30","severe",0,"independent","che_rve",5000,5000,0,0,0,0,0,0,0
157,80,"balanced","70_30","severe",0,"independent","mlma",5000,5000,0,0,0,0,0,0,0
157,80,"balanced","70_30","severe",0,"independent","mlma_cr2",5000,5000,0,0,0,0,0,0,0
158,80,"balanced","70_30","severe",0.1,"independent","aggregate_hksj",5000,5000,0,0,0,0,0,0,0
158,80,"balanced","70_30","severe",0.1,"independent","che_rve",5000,5000,0,0,0,0,0,0,0
158,80,"balanced","70_30","severe",0.1,"independent","mlma",5000,5000,0,0,0,0,0,0,0
158,80,"balanced","70_30","severe",0.1,"independent","mlma_cr2",5000,5000,0,0,0,0,0,0,0
159,80,"balanced","70_30","extreme",0,"independent","aggregate_hksj",5000,5000,0,0,0,0,0,0,0
159,80,"balanced","70_30","extreme",0,"independent","che_rve",5000,5000,0,0,0,0,0,0,0
159,80,"balanced","70_30","extreme",0,"independent","mlma",5000,5000,0,0,0,0,0,0,0
159,80,"balanced","70_30","extreme",0,"independent","mlma_cr2",5000,5000,0,0,0,0,0,0,0
160,80,"balanced","70_30","extreme",0.1,"independent","aggregate_hksj",5000,5000,0,0,0,0,0,0,0
160,80,"balanced","70_30","extreme",0.1,"independent","che_rve",5000,5000,0,0,0,0,0,0,0
160,80,"balanced","70_30","extreme",0.1,"independent","mlma",5000,5000,0,0,0,0,0,0,0
160,80,"balanced","70_30","extreme",0.1,"independent","mlma_cr2",5000,5000,0,0,0,0,0,0,0
161,80,"balanced","85_15","balanced",0,"independent","aggregate_hksj",5000,5000,0,0,0,0,0,0,0
161,80,"balanced","85_15","balanced",0,"independent","che_rve",5000,5000,0,0,0,0,0,0,0
161,80,"balanced","85_15","balanced",0,"independent","mlma",5000,5000,0,0,0,0,0,0,0
161,80,"balanced","85_15","balanced",0,"independent","mlma_cr2",5000,5000,0,0,0,0,0,0,0
162,80,"balanced","85_15","balanced",0.1,"independent","aggregate_hksj",5000,5000,0,0,0,0,0,0,0
162,80,"balanced","85_15","balanced",0.1,"independent","che_rve",5000,5000,0,0,0,0,0,0,0
162,80,"balanced","85_15","balanced",0.1,"independent","mlma",5000,5000,0,0,0,0,0,0,0
162,80,"balanced","85_15","balanced",0.1,"independent","mlma_cr2",5000,5000,0,0,0,0,0,0,0
163,80,"balanced","85_15","moderate",0,"independent","aggregate_hksj",5000,5000,0,0,0,0,0,0,0
163,80,"balanced","85_15","moderate",0,"independent","che_rve",5000,5000,0,0,0,0,0,0,0
163,80,"balanced","85_15","moderate",0,"independent","mlma",5000,5000,0,0,0,0,0,0,0
163,80,"balanced","85_15","moderate",0,"independent","mlma_cr2",5000,5000,0,0,0,0,0,0,0
164,80,"balanced","85_15","moderate",0.1,"independent","aggregate_hksj",5000,5000,0,0,0,0,0,0,0
164,80,"balanced","85_15","moderate",0.1,"independent","che_rve",5000,5000,0,0,0,0,0,0,0
164,80,"balanced","85_15","moderate",0.1,"independent","mlma",5000,5000,0,0,0,0,0,0,0
164,80,"balanced","85_15","moderate",0.1,"independent","mlma_cr2",5000,5000,0,0,0,0,0,0,0
165,80,"balanced","85_15","severe",0,"independent","aggregate_hksj",5000,5000,0,0,0,0,0,0,0
165,80,"balanced","85_15","severe",0,"independent","che_rve",5000,5000,0,0,0,0,0,0,0
165,80,"balanced","85_15","severe",0,"independent","mlma",5000,5000,0,0,0,0,0,0,0
165,80,"balanced","85_15","severe",0,"independent","mlma_cr2",5000,5000,0,0,0,0,0,0,0
166,80,"balanced","85_15","severe",0.1,"independent","aggregate_hksj",5000,5000,0,0,0,0,0,0,0
166,80,"balanced","85_15","severe",0.1,"independent","che_rve",5000,5000,0,0,0,0,0,0,0
166,80,"balanced","85_15","severe",0.1,"independent","mlma",5000,5000,0,0,0,0,0,0,0
166,80,"balanced","85_15","severe",0.1,"independent","mlma_cr2",5000,5000,0,0,0,0,0,0,0
167,80,"balanced","85_15","extreme",0,"independent","aggregate_hksj",5000,5000,0,0,0,0,0,0,0
167,80,"balanced","85_15","extreme",0,"independent","che_rve",5000,5000,0,0,0,0,0,0,0
167,80,"balanced","85_15","extreme",0,"independent","mlma",5000,5000,0,0,0,0,0,0,0
167,80,"balanced","85_15","extreme",0,"independent","mlma_cr2",5000,5000,0,0,0,0,0,0,0
168,80,"balanced","85_15","extreme",0.1,"independent","aggregate_hksj",5000,5000,0,0,0,0,0,0,0
168,80,"balanced","85_15","extreme",0.1,"independent","che_rve",5000,5000,0,0,0,0,0,0,0
168,80,"balanced","85_15","extreme",0.1,"independent","mlma",5000,5000,0,0,0,0,0,0,0
168,80,"balanced","85_15","extreme",0.1,"independent","mlma_cr2",5000,5000,0,0,0,0,0,0,0
169,80,"moderate","50_50","balanced",0,"independent","aggregate_hksj",5000,5000,0,0,0,0,0,0,0
169,80,"moderate","50_50","balanced",0,"independent","che_rve",5000,5000,0,0,0,0,0,0,0
169,80,"moderate","50_50","balanced",0,"independent","mlma",5000,5000,0,0,0,0,0,0,0
169,80,"moderate","50_50","balanced",0,"independent","mlma_cr2",5000,5000,0,0,0,0,0,0,0
170,80,"moderate","50_50","balanced",0.1,"independent","aggregate_hksj",5000,5000,0,0,0,0,0,0,0
170,80,"moderate","50_50","balanced",0.1,"independent","che_rve",5000,5000,0,0,0,0,0,0,0
170,80,"moderate","50_50","balanced",0.1,"independent","mlma",5000,5000,0,0,0,0,0,0,0
170,80,"moderate","50_50","balanced",0.1,"independent","mlma_cr2",5000,5000,0,0,0,0,0,0,0
171,80,"moderate","50_50","moderate",0,"independent","aggregate_hksj",5000,5000,0,0,0,0,0,0,0
171,80,"moderate","50_50","moderate",0,"independent","che_rve",5000,5000,0,0,0,0,0,0,0
171,80,"moderate","50_50","moderate",0,"independent","mlma",5000,5000,0,0,0,0,0,0,0
171,80,"moderate","50_50","moderate",0,"independent","mlma_cr2",5000,5000,0,0,0,0,0,0,0
172,80,"moderate","50_50","moderate",0.1,"independent","aggregate_hksj",5000,5000,0,0,0,0,0,0,0
172,80,"moderate","50_50","moderate",0.1,"independent","che_rve",5000,5000,0,0,0,0,0,0,0
172,80,"moderate","50_50","moderate",0.1,"independent","mlma",5000,5000,0,0,0,0,0,0,0
172,80,"moderate","50_50","moderate",0.1,"independent","mlma_cr2",5000,5000,0,0,0,0,0,0,0
173,80,"moderate","50_50","severe",0,"independent","aggregate_hksj",5000,5000,0,0,0,0,0,0,0
173,80,"moderate","50_50","severe",0,"independent","che_rve",5000,5000,0,0,0,0,0,0,0
173,80,"moderate","50_50","severe",0,"independent","mlma",5000,5000,0,0,0,0,0,0,0
173,80,"moderate","50_50","severe",0,"independent","mlma_cr2",5000,5000,0,0,0,0,0,0,0
174,80,"moderate","50_50","severe",0.1,"independent","aggregate_hksj",5000,5000,0,0,0,0,0,0,0
174,80,"moderate","50_50","severe",0.1,"independent","che_rve",5000,5000,0,0,0,0,0,0,0
174,80,"moderate","50_50","severe",0.1,"independent","mlma",5000,5000,0,0,0,0,0,0,0
174,80,"moderate","50_50","severe",0.1,"independent","mlma_cr2",5000,5000,0,0,0,0,0,0,0
175,80,"moderate","50_50","extreme",0,"independent","aggregate_hksj",5000,5000,0,0,0,0,0,0,0
175,80,"moderate","50_50","extreme",0,"independent","che_rve",5000,5000,0,0,0,0,0,0,0
175,80,"moderate","50_50","extreme",0,"independent","mlma",5000,5000,0,0,0,0,0,0,0
175,80,"moderate","50_50","extreme",0,"independent","mlma_cr2",5000,5000,0,0,0,0,0,0,0
176,80,"moderate","50_50","extreme",0.1,"independent","aggregate_hksj",5000,5000,0,0,0,0,0,0,0
176,80,"moderate","50_50","extreme",0.1,"independent","che_rve",5000,5000,0,0,0,0,0,0,0
176,80,"moderate","50_50","extreme",0.1,"independent","mlma",5000,5000,0,0,0,0,0,0,0
176,80,"moderate","50_50","extreme",0.1,"independent","mlma_cr2",5000,5000,0,0,0,0,0,0,0
177,80,"moderate","70_30","balanced",0,"independent","aggregate_hksj",5000,5000,0,0,0,0,0,0,0
177,80,"moderate","70_30","balanced",0,"independent","che_rve",5000,5000,0,0,0,0,0,0,0
177,80,"moderate","70_30","balanced",0,"independent","mlma",5000,5000,0,0,0,0,0,0,0
177,80,"moderate","70_30","balanced",0,"independent","mlma_cr2",5000,5000,0,0,0,0,0,0,0
178,80,"moderate","70_30","balanced",0.1,"independent","aggregate_hksj",5000,5000,0,0,0,0,0,0,0
178,80,"moderate","70_30","balanced",0.1,"independent","che_rve",5000,5000,0,0,0,0,0,0,0
178,80,"moderate","70_30","balanced",0.1,"independent","mlma",5000,5000,0,0,0,0,0,0,0
178,80,"moderate","70_30","balanced",0.1,"independent","mlma_cr2",5000,5000,0,0,0,0,0,0,0
179,80,"moderate","70_30","moderate",0,"independent","aggregate_hksj",5000,5000,0,0,0,0,0,0,0
179,80,"moderate","70_30","moderate",0,"independent","che_rve",5000,5000,0,0,0,0,0,0,0
179,80,"moderate","70_30","moderate",0,"independent","mlma",5000,5000,0,0,0,0,0,0,0
179,80,"moderate","70_30","moderate",0,"independent","mlma_cr2",5000,5000,0,0,0,0,0,0,0
180,80,"moderate","70_30","moderate",0.1,"independent","aggregate_hksj",5000,5000,0,0,0,0,0,0,0
180,80,"moderate","70_30","moderate",0.1,"independent","che_rve",5000,5000,0,0,0,0,0,0,0
180,80,"moderate","70_30","moderate",0.1,"independent","mlma",5000,5000,0,0,0,0,0,0,0
180,80,"moderate","70_30","moderate",0.1,"independent","mlma_cr2",5000,5000,0,0,0,0,0,0,0
181,80,"moderate","70_30","severe",0,"independent","aggregate_hksj",5000,5000,0,0,0,0,0,0,0
181,80,"moderate","70_30","severe",0,"independent","che_rve",5000,5000,0,0,0,0,0,0,0
181,80,"moderate","70_30","severe",0,"independent","mlma",5000,5000,0,0,0,0,0,0,0
181,80,"moderate","70_30","severe",0,"independent","mlma_cr2",5000,5000,0,0,0,0,0,0,0
182,80,"moderate","70_30","severe",0.1,"independent","aggregate_hksj",5000,5000,0,0,0,0,0,0,0
182,80,"moderate","70_30","severe",0.1,"independent","che_rve",5000,5000,0,0,0,0,0,0,0
182,80,"moderate","70_30","severe",0.1,"independent","mlma",5000,5000,0,0,0,0,0,0,0
182,80,"moderate","70_30","severe",0.1,"independent","mlma_cr2",5000,5000,0,0,0,0,0,0,0
183,80,"moderate","70_30","extreme",0,"independent","aggregate_hksj",5000,5000,0,0,0,0,0,0,0
183,80,"moderate","70_30","extreme",0,"independent","che_rve",5000,5000,0,0,0,0,0,0,0
183,80,"moderate","70_30","extreme",0,"independent","mlma",5000,5000,0,0,0,0,0,0,0
183,80,"moderate","70_30","extreme",0,"independent","mlma_cr2",5000,5000,0,0,0,0,0,0,0
184,80,"moderate","70_30","extreme",0.1,"independent","aggregate_hksj",5000,5000,0,0,0,0,0,0,0
184,80,"moderate","70_30","extreme",0.1,"independent","che_rve",5000,5000,0,0,0,0,0,0,0
184,80,"moderate","70_30","extreme",0.1,"independent","mlma",5000,5000,0,0,0,0,0,0,0
184,80,"moderate","70_30","extreme",0.1,"independent","mlma_cr2",5000,5000,0,0,0,0,0,0,0
185,80,"moderate","85_15","balanced",0,"independent","aggregate_hksj",5000,5000,0,0,0,0,0,0,0
185,80,"moderate","85_15","balanced",0,"independent","che_rve",5000,5000,0,0,0,0,0,0,0
185,80,"moderate","85_15","balanced",0,"independent","mlma",5000,5000,0,0,0,0,0,0,0
185,80,"moderate","85_15","balanced",0,"independent","mlma_cr2",5000,5000,0,0,0,0,0,0,0
186,80,"moderate","85_15","balanced",0.1,"independent","aggregate_hksj",5000,5000,0,0,0,0,0,0,0
186,80,"moderate","85_15","balanced",0.1,"independent","che_rve",5000,5000,0,0,0,0,0,0,0
186,80,"moderate","85_15","balanced",0.1,"independent","mlma",5000,5000,0,0,0,0,0,0,0
186,80,"moderate","85_15","balanced",0.1,"independent","mlma_cr2",5000,5000,0,0,0,0,0,0,0
187,80,"moderate","85_15","moderate",0,"independent","aggregate_hksj",5000,5000,0,0,0,0,0,0,0
187,80,"moderate","85_15","moderate",0,"independent","che_rve",5000,5000,0,0,0,0,0,0,0
187,80,"moderate","85_15","moderate",0,"independent","mlma",5000,5000,0,0,0,0,0,0,0
187,80,"moderate","85_15","moderate",0,"independent","mlma_cr2",5000,5000,0,0,0,0,0,0,0
188,80,"moderate","85_15","moderate",0.1,"independent","aggregate_hksj",5000,5000,0,0,0,0,0,0,0
188,80,"moderate","85_15","moderate",0.1,"independent","che_rve",5000,5000,0,0,0,0,0,0,0
188,80,"moderate","85_15","moderate",0.1,"independent","mlma",5000,5000,0,0,0,0,0,0,0
188,80,"moderate","85_15","moderate",0.1,"independent","mlma_cr2",5000,5000,0,0,0,0,0,0,0
189,80,"moderate","85_15","severe",0,"independent","aggregate_hksj",5000,5000,0,0,0,0,0,0,0
189,80,"moderate","85_15","severe",0,"independent","che_rve",5000,5000,0,0,0,0,0,0,0
189,80,"moderate","85_15","severe",0,"independent","mlma",5000,5000,0,0,0,0,0,0,0
189,80,"moderate","85_15","severe",0,"independent","mlma_cr2",5000,5000,0,0,0,0,0,0,0
190,80,"moderate","85_15","severe",0.1,"independent","aggregate_hksj",5000,5000,0,0,0,0,0,0,0
190,80,"moderate","85_15","severe",0.1,"independent","che_rve",5000,5000,0,0,0,0,0,0,0
190,80,"moderate","85_15","severe",0.1,"independent","mlma",5000,5000,0,0,0,0,0,0,0
190,80,"moderate","85_15","severe",0.1,"independent","mlma_cr2",5000,5000,0,0,0,0,0,0,0
191,80,"moderate","85_15","extreme",0,"independent","aggregate_hksj",5000,5000,0,0,0,0,0,0,0
191,80,"moderate","85_15","extreme",0,"independent","che_rve",5000,5000,0,0,0,0,0,0,0
191,80,"moderate","85_15","extreme",0,"independent","mlma",5000,5000,0,0,0,0,0,0,0
191,80,"moderate","85_15","extreme",0,"independent","mlma_cr2",5000,5000,0,0,0,0,0,0,0
192,80,"moderate","85_15","extreme",0.1,"independent","aggregate_hksj",5000,5000,0,0,0,0,0,0,0
192,80,"moderate","85_15","extreme",0.1,"independent","che_rve",5000,5000,0,0,0,0,0,0,0
192,80,"moderate","85_15","extreme",0.1,"independent","mlma",5000,5000,0,0,0,0,0,0,0
192,80,"moderate","85_15","extreme",0.1,"independent","mlma_cr2",5000,5000,0,0,0,0,0,0,0
193,80,"severe","50_50","balanced",0,"independent","aggregate_hksj",5000,5000,0,0,0,0,0,0,0
193,80,"severe","50_50","balanced",0,"independent","che_rve",5000,5000,0,0,0,0,0,0,0
193,80,"severe","50_50","balanced",0,"independent","mlma",5000,5000,0,0,0,0,0,0,0
193,80,"severe","50_50","balanced",0,"independent","mlma_cr2",5000,5000,0,0,0,0,0,0,0
194,80,"severe","50_50","balanced",0.1,"independent","aggregate_hksj",5000,5000,0,0,0,0,0,0,0
194,80,"severe","50_50","balanced",0.1,"independent","che_rve",5000,5000,0,0,0,0,0,0,0
194,80,"severe","50_50","balanced",0.1,"independent","mlma",5000,5000,0,0,0,0,0,0,0
194,80,"severe","50_50","balanced",0.1,"independent","mlma_cr2",5000,5000,0,0,0,0,0,0,0
195,80,"severe","50_50","moderate",0,"independent","aggregate_hksj",5000,5000,0,0,0,0,0,0,0
195,80,"severe","50_50","moderate",0,"independent","che_rve",5000,5000,0,0,0,0,0,0,0
195,80,"severe","50_50","moderate",0,"independent","mlma",5000,5000,0,0,0,0,0,0,0
195,80,"severe","50_50","moderate",0,"independent","mlma_cr2",5000,5000,0,0,0,0,0,0,0
196,80,"severe","50_50","moderate",0.1,"independent","aggregate_hksj",5000,5000,0,0,0,0,0,0,0
196,80,"severe","50_50","moderate",0.1,"independent","che_rve",5000,5000,0,0,0,0,0,0,0
196,80,"severe","50_50","moderate",0.1,"independent","mlma",5000,5000,0,0,0,0,0,0,0
196,80,"severe","50_50","moderate",0.1,"independent","mlma_cr2",5000,5000,0,0,0,0,0,0,0
197,80,"severe","50_50","severe",0,"independent","aggregate_hksj",5000,5000,0,0,0,0,0,0,0
197,80,"severe","50_50","severe",0,"independent","che_rve",5000,5000,0,0,0,0,2e-04,0,0
197,80,"severe","50_50","severe",0,"independent","mlma",5000,5000,0,0,0,0,0,0,0
197,80,"severe","50_50","severe",0,"independent","mlma_cr2",5000,5000,0,0,0,0,0,0,0
198,80,"severe","50_50","severe",0.1,"independent","aggregate_hksj",5000,5000,0,0,0,0,0,0,0
198,80,"severe","50_50","severe",0.1,"independent","che_rve",5000,5000,0,0,0,0,0,0,0
198,80,"severe","50_50","severe",0.1,"independent","mlma",5000,5000,0,0,0,0,0,0,0
198,80,"severe","50_50","severe",0.1,"independent","mlma_cr2",5000,5000,0,0,0,0,0,0,0
199,80,"severe","50_50","extreme",0,"independent","aggregate_hksj",5000,5000,0,0,0,0,0,0,0
199,80,"severe","50_50","extreme",0,"independent","che_rve",5000,5000,0,0,0,0,2e-04,0,0
199,80,"severe","50_50","extreme",0,"independent","mlma",5000,5000,0,0,0,0,0,0,0
199,80,"severe","50_50","extreme",0,"independent","mlma_cr2",5000,5000,0,0,0,0,0,0,0
200,80,"severe","50_50","extreme",0.1,"independent","aggregate_hksj",5000,5000,0,0,0,0,0,0,0
200,80,"severe","50_50","extreme",0.1,"independent","che_rve",5000,5000,0,0,0,0,2e-04,0,0
200,80,"severe","50_50","extreme",0.1,"independent","mlma",5000,5000,0,0,0,0,0,0,0
200,80,"severe","50_50","extreme",0.1,"independent","mlma_cr2",5000,5000,0,0,0,0,0,0,0
201,80,"severe","70_30","balanced",0,"independent","aggregate_hksj",5000,5000,0,0,0,0,0,0,0
201,80,"severe","70_30","balanced",0,"independent","che_rve",5000,5000,0,0,0,0,0,0,0
201,80,"severe","70_30","balanced",0,"independent","mlma",5000,5000,0,0,0,0,0,0,0
201,80,"severe","70_30","balanced",0,"independent","mlma_cr2",5000,5000,0,0,0,0,0,0,0
202,80,"severe","70_30","balanced",0.1,"independent","aggregate_hksj",5000,5000,0,0,0,0,0,0,0
202,80,"severe","70_30","balanced",0.1,"independent","che_rve",5000,5000,0,0,0,0,0,0,0
202,80,"severe","70_30","balanced",0.1,"independent","mlma",5000,5000,0,0,0,0,0,0,0
202,80,"severe","70_30","balanced",0.1,"independent","mlma_cr2",5000,5000,0,0,0,0,0,0,0
203,80,"severe","70_30","moderate",0,"independent","aggregate_hksj",5000,5000,0,0,0,0,0,0,0
203,80,"severe","70_30","moderate",0,"independent","che_rve",5000,5000,0,0,0,0,0,0,0
203,80,"severe","70_30","moderate",0,"independent","mlma",5000,5000,0,0,0,0,0,0,0
203,80,"severe","70_30","moderate",0,"independent","mlma_cr2",5000,5000,0,0,0,0,0,0,0
204,80,"severe","70_30","moderate",0.1,"independent","aggregate_hksj",5000,5000,0,0,0,0,0,0,0
204,80,"severe","70_30","moderate",0.1,"independent","che_rve",5000,5000,0,0,0,0,0,0,0
204,80,"severe","70_30","moderate",0.1,"independent","mlma",5000,5000,0,0,0,0,0,0,0
204,80,"severe","70_30","moderate",0.1,"independent","mlma_cr2",5000,5000,0,0,0,0,0,0,0
205,80,"severe","70_30","severe",0,"independent","aggregate_hksj",5000,5000,0,0,0,0,0,0,0
205,80,"severe","70_30","severe",0,"independent","che_rve",5000,5000,0,0,0,0,0,0,0
205,80,"severe","70_30","severe",0,"independent","mlma",5000,5000,0,0,0,0,0,0,0
205,80,"severe","70_30","severe",0,"independent","mlma_cr2",5000,5000,0,0,0,0,0,0,0
206,80,"severe","70_30","severe",0.1,"independent","aggregate_hksj",5000,5000,0,0,0,0,0,0,0
206,80,"severe","70_30","severe",0.1,"independent","che_rve",5000,5000,0,0,0,0,2e-04,0,0
206,80,"severe","70_30","severe",0.1,"independent","mlma",5000,5000,0,0,0,0,0,0,0
206,80,"severe","70_30","severe",0.1,"independent","mlma_cr2",5000,5000,0,0,0,0,0,0,0
207,80,"severe","70_30","extreme",0,"independent","aggregate_hksj",5000,5000,0,0,0,0,0,0,0
207,80,"severe","70_30","extreme",0,"independent","che_rve",5000,5000,0,0,0,0,0,0,0
207,80,"severe","70_30","extreme",0,"independent","mlma",5000,5000,0,0,0,0,0,0,0
207,80,"severe","70_30","extreme",0,"independent","mlma_cr2",5000,5000,0,0,0,0,0,0,0
208,80,"severe","70_30","extreme",0.1,"independent","aggregate_hksj",5000,5000,0,0,0,0,0,0,0
208,80,"severe","70_30","extreme",0.1,"independent","che_rve",5000,5000,0,0,0,0,6e-04,0,0
208,80,"severe","70_30","extreme",0.1,"independent","mlma",5000,5000,0,0,0,0,0,0,0
208,80,"severe","70_30","extreme",0.1,"independent","mlma_cr2",5000,5000,0,0,0,0,0,0,0
209,80,"severe","85_15","balanced",0,"independent","aggregate_hksj",5000,5000,0,0,0,0,0,0,0
209,80,"severe","85_15","balanced",0,"independent","che_rve",5000,5000,0,0,0,0,0,0,0
209,80,"severe","85_15","balanced",0,"independent","mlma",5000,5000,0,0,0,0,0,0,0
209,80,"severe","85_15","balanced",0,"independent","mlma_cr2",5000,5000,0,0,0,0,0,0,0
210,80,"severe","85_15","balanced",0.1,"independent","aggregate_hksj",5000,5000,0,0,0,0,0,0,0
210,80,"severe","85_15","balanced",0.1,"independent","che_rve",5000,5000,0,0,0,0,0,0,0
210,80,"severe","85_15","balanced",0.1,"independent","mlma",5000,5000,0,0,0,0,0,0,0
210,80,"severe","85_15","balanced",0.1,"independent","mlma_cr2",5000,5000,0,0,0,0,0,0,0
211,80,"severe","85_15","moderate",0,"independent","aggregate_hksj",5000,5000,0,0,0,0,0,0,0
211,80,"severe","85_15","moderate",0,"independent","che_rve",5000,5000,0,0,0,0,0,0,0
211,80,"severe","85_15","moderate",0,"independent","mlma",5000,5000,0,0,0,0,0,0,0
211,80,"severe","85_15","moderate",0,"independent","mlma_cr2",5000,5000,0,0,0,0,0,0,0
212,80,"severe","85_15","moderate",0.1,"independent","aggregate_hksj",5000,5000,0,0,0,0,0,0,0
212,80,"severe","85_15","moderate",0.1,"independent","che_rve",5000,5000,0,0,0,0,2e-04,0,0
212,80,"severe","85_15","moderate",0.1,"independent","mlma",5000,5000,0,0,0,0,0,0,0
212,80,"severe","85_15","moderate",0.1,"independent","mlma_cr2",5000,5000,0,0,0,0,0,0,0
213,80,"severe","85_15","severe",0,"independent","aggregate_hksj",5000,5000,0,0,0,0,0,0,0
213,80,"severe","85_15","severe",0,"independent","che_rve",5000,5000,0,0,0,0,0,0,0
213,80,"severe","85_15","severe",0,"independent","mlma",5000,5000,0,0,0,0,0,0,0
213,80,"severe","85_15","severe",0,"independent","mlma_cr2",5000,5000,0,0,0,0,0,0,0
214,80,"severe","85_15","severe",0.1,"independent","aggregate_hksj",5000,5000,0,0,0,0,0,0,0
214,80,"severe","85_15","severe",0.1,"independent","che_rve",5000,5000,0,0,0,0,0,0,0
214,80,"severe","85_15","severe",0.1,"independent","mlma",5000,5000,0,0,0,0,0,0,0
214,80,"severe","85_15","severe",0.1,"independent","mlma_cr2",5000,5000,0,0,0,0,0,0,0
215,80,"severe","85_15","extreme",0,"independent","aggregate_hksj",5000,5000,0,0,0,0,0,0,0
215,80,"severe","85_15","extreme",0,"independent","che_rve",5000,5000,0,0,0,0,4e-04,0,0
215,80,"severe","85_15","extreme",0,"independent","mlma",5000,5000,0,0,0,0,0,0,0
215,80,"severe","85_15","extreme",0,"independent","mlma_cr2",5000,5000,0,0,0,0,0,0,0
216,80,"severe","85_15","extreme",0.1,"independent","aggregate_hksj",5000,5000,0,0,0,0,0,0,0
216,80,"severe","85_15","extreme",0.1,"independent","che_rve",5000,5000,0,0,0,0,2e-04,0,0
216,80,"severe","85_15","extreme",0.1,"independent","mlma",5000,5000,0,0,0,0,0,0,0
216,80,"severe","85_15","extreme",0.1,"independent","mlma_cr2",5000,5000,0,0,0,0,0,0,0
217,20,"severe","85_15","extreme",0,"n_majority","aggregate_hksj",5000,5000,0,0,0,0,0,0,2e-04
217,20,"severe","85_15","extreme",0,"n_majority","che_rve",5000,5000,0,0,0,0,0.0572,0,0
217,20,"severe","85_15","extreme",0,"n_majority","mlma",5000,5000,0,0,0,0,0.0092,0.0012,0
217,20,"severe","85_15","extreme",0,"n_majority","mlma_cr2",5000,5000,0,0,0,0,0.0092,0.0012,0
218,20,"severe","85_15","extreme",0,"n_minority","aggregate_hksj",5000,5000,0,0,0,0,0,0,4e-04
218,20,"severe","85_15","extreme",0,"n_minority","che_rve",5000,5000,0,0,0,0,0.0788,0,0
218,20,"severe","85_15","extreme",0,"n_minority","mlma",5000,5000,0,0,0,0,0.01,0.0022,0
218,20,"severe","85_15","extreme",0,"n_minority","mlma_cr2",5000,5000,0,0,0,0,0.01,0.0022,0
219,20,"severe","85_15","extreme",0,"nk_majority","aggregate_hksj",5000,5000,0,0,0,2e-04,0,0,4e-04
219,20,"severe","85_15","extreme",0,"nk_majority","che_rve",5000,5000,0,0,0,0,0.0202,0,0
219,20,"severe","85_15","extreme",0,"nk_majority","mlma",5000,5000,0,0,0,0,0.0076,0,0
219,20,"severe","85_15","extreme",0,"nk_majority","mlma_cr2",5000,5000,0,0,0,0,0.0076,0,0
220,20,"severe","85_15","extreme",0,"nk_minority","aggregate_hksj",5000,5000,0,0,0,0,0,0,6e-04
220,20,"severe","85_15","extreme",0,"nk_minority","che_rve",5000,5000,0,0,0,0,0.0312,0,0
220,20,"severe","85_15","extreme",0,"nk_minority","mlma",5000,5000,0,0,0,0,0.0112,0,0
220,20,"severe","85_15","extreme",0,"nk_minority","mlma_cr2",5000,5000,0,0,0,0,0.0112,0,0
221,20,"severe","85_15","extreme",0.1,"n_majority","aggregate_hksj",5000,5000,0,0,0,0,0,0,4e-04
221,20,"severe","85_15","extreme",0.1,"n_majority","che_rve",5000,5000,0,0,0,0,0.0626,0,0
221,20,"severe","85_15","extreme",0.1,"n_majority","mlma",5000,5000,0,0,0,0,0.0074,0.0024,0
221,20,"severe","85_15","extreme",0.1,"n_majority","mlma_cr2",5000,5000,0,0,0,0,0.0074,0.0024,0
222,20,"severe","85_15","extreme",0.1,"n_minority","aggregate_hksj",5000,5000,0,0,0,0,0,0,6e-04
222,20,"severe","85_15","extreme",0.1,"n_minority","che_rve",5000,5000,0,0,0,0,0.0762,0,0
222,20,"severe","85_15","extreme",0.1,"n_minority","mlma",5000,5000,0,0,0,0,0.009,0.0032,0
222,20,"severe","85_15","extreme",0.1,"n_minority","mlma_cr2",5000,5000,0,0,0,0,0.009,0.0032,0
223,20,"severe","85_15","extreme",0.1,"nk_majority","aggregate_hksj",5000,5000,0,0,0,0,0,0,4e-04
223,20,"severe","85_15","extreme",0.1,"nk_majority","che_rve",5000,5000,0,0,0,0,0.0212,0,0
223,20,"severe","85_15","extreme",0.1,"nk_majority","mlma",5000,5000,0,0,0,0,0.0082,0,0
223,20,"severe","85_15","extreme",0.1,"nk_majority","mlma_cr2",5000,5000,0,0,0,0,0.0082,0,0
224,20,"severe","85_15","extreme",0.1,"nk_minority","aggregate_hksj",5000,5000,0,0,0,0,0,0,4e-04
224,20,"severe","85_15","extreme",0.1,"nk_minority","che_rve",5000,5000,0,0,0,0,0.033,0,0
224,20,"severe","85_15","extreme",0.1,"nk_minority","mlma",5000,5000,0,0,0,0,0.0134,0,0
224,20,"severe","85_15","extreme",0.1,"nk_minority","mlma_cr2",5000,5000,0,0,0,0,0.0134,0,0
225,40,"severe","85_15","extreme",0,"n_majority","aggregate_hksj",5000,5000,0,0,0,0,0,0,0
225,40,"severe","85_15","extreme",0,"n_majority","che_rve",5000,5000,0,0,0,0,0.0088,0,0
225,40,"severe","85_15","extreme",0,"n_majority","mlma",5000,5000,0,0,0,0,6e-04,0,0
225,40,"severe","85_15","extreme",0,"n_majority","mlma_cr2",5000,5000,0,0,0,0,6e-04,0,0
226,40,"severe","85_15","extreme",0,"n_minority","aggregate_hksj",5000,5000,0,0,0,0,0,0,0
226,40,"severe","85_15","extreme",0,"n_minority","che_rve",5000,5000,0,0,0,0,0.0104,0,0
226,40,"severe","85_15","extreme",0,"n_minority","mlma",5000,5000,0,0,0,0,2e-04,0,0
226,40,"severe","85_15","extreme",0,"n_minority","mlma_cr2",5000,5000,0,0,0,0,2e-04,0,0
227,40,"severe","85_15","extreme",0,"nk_majority","aggregate_hksj",5000,5000,0,0,0,0,0,0,0
227,40,"severe","85_15","extreme",0,"nk_majority","che_rve",5000,5000,0,0,0,0,0.001,0,0
227,40,"severe","85_15","extreme",0,"nk_majority","mlma",5000,5000,0,0,0,0,0,0,0
227,40,"severe","85_15","extreme",0,"nk_majority","mlma_cr2",5000,5000,0,0,0,0,0,0,0
228,40,"severe","85_15","extreme",0,"nk_minority","aggregate_hksj",5000,5000,0,0,0,0,0,0,0
228,40,"severe","85_15","extreme",0,"nk_minority","che_rve",5000,5000,0,0,0,0,0.0026,0,0
228,40,"severe","85_15","extreme",0,"nk_minority","mlma",5000,5000,0,0,0,0,2e-04,0,0
228,40,"severe","85_15","extreme",0,"nk_minority","mlma_cr2",5000,5000,0,0,0,0,2e-04,0,0
229,40,"severe","85_15","extreme",0.1,"n_majority","aggregate_hksj",5000,5000,0,0,0,0,0,0,0
229,40,"severe","85_15","extreme",0.1,"n_majority","che_rve",5000,5000,0,0,0,0,0.01,0,0
229,40,"severe","85_15","extreme",0.1,"n_majority","mlma",5000,5000,0,0,0,0,2e-04,0,0
229,40,"severe","85_15","extreme",0.1,"n_majority","mlma_cr2",5000,5000,0,0,0,0,2e-04,0,0
230,40,"severe","85_15","extreme",0.1,"n_minority","aggregate_hksj",5000,5000,0,0,0,0,0,0,0
230,40,"severe","85_15","extreme",0.1,"n_minority","che_rve",5000,5000,0,0,0,0,0.0136,0,0
230,40,"severe","85_15","extreme",0.1,"n_minority","mlma",5000,5000,0,0,0,0,0,0,0
230,40,"severe","85_15","extreme",0.1,"n_minority","mlma_cr2",5000,5000,0,0,0,0,0,0,0
231,40,"severe","85_15","extreme",0.1,"nk_majority","aggregate_hksj",5000,5000,0,0,0,0,0,0,0
231,40,"severe","85_15","extreme",0.1,"nk_majority","che_rve",5000,5000,0,0,0,0,0.0016,0,0
231,40,"severe","85_15","extreme",0.1,"nk_majority","mlma",5000,5000,0,0,0,0,0,0,0
231,40,"severe","85_15","extreme",0.1,"nk_majority","mlma_cr2",5000,5000,0,0,0,0,0,0,0
232,40,"severe","85_15","extreme",0.1,"nk_minority","aggregate_hksj",5000,5000,0,0,0,0,0,0,0
232,40,"severe","85_15","extreme",0.1,"nk_minority","che_rve",5000,5000,0,0,0,0,0.001,0,0
232,40,"severe","85_15","extreme",0.1,"nk_minority","mlma",5000,5000,0,0,0,0,2e-04,0,0
232,40,"severe","85_15","extreme",0.1,"nk_minority","mlma_cr2",5000,5000,0,0,0,0,2e-04,0,0
