"condition_id","J","k_imbalance","moderator_split","n_imbalance","beta1_true","allocation_pattern","method","stress_cell_id","reuses_core_condition","condition_set","coverage","type1_error","power","mean_ci_width","mean_df","se_ratio","bias","error_rate","warning_rate","boundary_study_rate","boundary_effect_rate","boundary_residual_rate","n_success"
71,20,"severe","85_15","extreme",0,"independent","aggregate_hksj",1,TRUE,"core",0.946,0.054,NA,0.406134724524972,18,0.979904507933411,0.000228049848436641,0,0,0,0,4e-04,5000
71,20,"severe","85_15","extreme",0,"independent","che_rve",1,TRUE,"core",0.9776,0.0224,NA,0.673971100355893,2.38766092436208,0.907137169626769,0.000390750084895705,0,0,0.0734,2e-04,0,5000
71,20,"severe","85_15","extreme",0,"independent","mlma",1,TRUE,"core",0.926,0.074,NA,0.38074522917519,NA,0.980119182480714,0.000616030170607709,0,0,0.009,0.0042,0,5000
71,20,"severe","85_15","extreme",0,"independent","mlma_cr2",1,TRUE,"core",0.9788,0.0212,NA,0.673557268460399,2.43210801429028,0.907558937271962,0.000616030170607709,0,0,0.009,0.0042,0,5000
217,20,"severe","85_15","extreme",0,"n_majority","aggregate_hksj",2,FALSE,"alignment",0.9632,0.0368,NA,0.607640425455074,18,1.00548969363591,-0.00114346356587649,0,0,0,0,2e-04,5000
217,20,"severe","85_15","extreme",0,"n_majority","che_rve",2,FALSE,"alignment",0.9716,0.0284,NA,1.04712639843632,2.13813852829515,0.900383702925926,-0.000965038902638691,0,0,0.0572,0,0,5000
217,20,"severe","85_15","extreme",0,"n_majority","mlma",2,FALSE,"alignment",0.89,0.11,NA,0.489266477255498,NA,0.842541900402575,-0.00132584074996357,0,0,0.0092,0.0012,0,5000
217,20,"severe","85_15","extreme",0,"n_majority","mlma_cr2",2,FALSE,"alignment",0.9736,0.0264,NA,1.07080281679138,2.00691521492798,0.837944029521908,-0.00132584074996357,0,0,0.0092,0.0012,0,5000
218,20,"severe","85_15","extreme",0,"n_minority","aggregate_hksj",3,FALSE,"alignment",0.9338,0.0662,NA,0.34696154754283,18,0.969107523950845,-0.00065753910643114,0,0,0,0,4e-04,5000
218,20,"severe","85_15","extreme",0,"n_minority","che_rve",3,FALSE,"alignment",0.9594,0.0406,NA,0.489566170287744,3.09228243929216,0.915208507639592,-0.000493276000491936,0,0,0.0788,0,0,5000
218,20,"severe","85_15","extreme",0,"n_minority","mlma",3,FALSE,"alignment",0.932,0.068,NA,0.341691997583969,NA,1.02868389427373,-0.000258615135508374,0,0,0.01,0.0022,0,5000
218,20,"severe","85_15","extreme",0,"n_minority","mlma_cr2",3,FALSE,"alignment",0.9674,0.0326,NA,0.508314928102599,2.92808451917745,0.926165103226735,-0.000258615135508374,0,0,0.01,0.0022,0,5000
219,20,"severe","85_15","extreme",0,"nk_majority","aggregate_hksj",4,FALSE,"alignment",0.9578,0.0422,NA,0.659909690397498,18,0.977619401096503,0.00112546716665566,0,2e-04,0,0,4e-04,5000
219,20,"severe","85_15","extreme",0,"nk_majority","che_rve",4,FALSE,"alignment",0.962,0.038,NA,1.1514711928005,2.16052356145103,0.894537345791637,0.00123373140747265,0,0,0.0202,0,0,5000
219,20,"severe","85_15","extreme",0,"nk_majority","mlma",4,FALSE,"alignment",0.9494,0.0506,NA,0.629674581711579,NA,1.00058661318551,0.00123475554365153,0,0,0.0076,0,0,5000
219,20,"severe","85_15","extreme",0,"nk_majority","mlma_cr2",4,FALSE,"alignment",0.9616,0.0384,NA,1.15164705418917,2.16075384005141,0.894708544488836,0.00123475554365153,0,0,0.0076,0,0,5000
220,20,"severe","85_15","extreme",0,"nk_minority","aggregate_hksj",5,FALSE,"alignment",0.9552,0.0448,NA,0.334092564917056,18,1.09797533481965,0.00018698300496983,0,0,0,0,6e-04,5000
220,20,"severe","85_15","extreme",0,"nk_minority","che_rve",5,FALSE,"alignment",0.9526,0.0474,NA,0.38649943451591,4.16237581250779,0.9484157316154,5.73367498516362e-05,0,0,0.0312,0,0,5000
220,20,"severe","85_15","extreme",0,"nk_minority","mlma",5,FALSE,"alignment",0.915,0.085,NA,0.278371284181502,NA,0.982033053656911,5.92025388926081e-05,0,0,0.0112,0,0,5000
220,20,"severe","85_15","extreme",0,"nk_minority","mlma_cr2",5,FALSE,"alignment",0.9556,0.0444,NA,0.391548556018912,3.9590636861602,0.948216319999332,5.92025388926081e-05,0,0,0.0112,0,0,5000
72,20,"severe","85_15","extreme",0.1,"independent","aggregate_hksj",6,TRUE,"core",0.9488,NA,0.1634,0.409604552494236,18,0.97031862244064,-0.00196878293062619,0,0,0,0,0,5000
72,20,"severe","85_15","extreme",0.1,"independent","che_rve",6,TRUE,"core",0.9776,NA,0.0722,0.677256643183878,2.38861528768983,0.891822861992457,-0.00160825726127529,0,0,0.0712,0,0,5000
72,20,"severe","85_15","extreme",0.1,"independent","mlma",6,TRUE,"core",0.928,NA,0.2004,0.382211844910965,NA,0.968032661740618,-0.00128060916955465,0,0,0.0076,0.0028,0,5000
72,20,"severe","85_15","extreme",0.1,"independent","mlma_cr2",6,TRUE,"core",0.9784,NA,0.0708,0.679104548885003,2.43916029571973,0.901747969130426,-0.00128060916955465,0,0,0.0076,0.0028,0,5000
221,20,"severe","85_15","extreme",0.1,"n_majority","aggregate_hksj",7,FALSE,"alignment",0.9608,NA,0.0876,0.610225259186536,18,0.993293441869659,-0.00022896770534768,0,0,0,0,4e-04,5000
221,20,"severe","85_15","extreme",0.1,"n_majority","che_rve",7,FALSE,"alignment",0.9686,NA,0.0562,1.05948136599552,2.13982195231473,0.894694940078881,-0.000106088342699123,0,0,0.0626,0,0,5000
221,20,"severe","85_15","extreme",0.1,"n_majority","mlma",7,FALSE,"alignment",0.879,NA,0.191,0.490743656115868,NA,0.831342791445049,0.000317898339758052,0,0,0.0074,0.0024,0,5000
221,20,"severe","85_15","extreme",0.1,"n_majority","mlma_cr2",7,FALSE,"alignment",0.9676,NA,0.0532,1.0762824655941,2.0124764453873,0.830548188207483,0.000317898339758052,0,0,0.0074,0.0024,0,5000
222,20,"severe","85_15","extreme",0.1,"n_minority","aggregate_hksj",8,FALSE,"alignment",0.9328,NA,0.2226,0.345101529656998,18,0.957536108750424,9.22546992210976e-05,0,0,0,0,6e-04,5000
222,20,"severe","85_15","extreme",0.1,"n_minority","che_rve",8,FALSE,"alignment",0.9606,NA,0.1306,0.486850016948007,3.09440009455868,0.908603606246301,0.000727112662254004,0,0,0.0762,0,0,5000
222,20,"severe","85_15","extreme",0.1,"n_minority","mlma",8,FALSE,"alignment",0.9348,NA,0.2266,0.341074231717518,NA,1.02729398327943,0.000453018474782504,0,0,0.009,0.0032,0,5000
222,20,"severe","85_15","extreme",0.1,"n_minority","mlma_cr2",8,FALSE,"alignment",0.971,NA,0.1114,0.506622942886836,2.92792827059776,0.923513271741509,0.000453018474782504,0,0,0.009,0.0032,0,5000
223,20,"severe","85_15","extreme",0.1,"nk_majority","aggregate_hksj",9,FALSE,"alignment",0.9558,NA,0.0864,0.658553490903587,18,0.965795380447039,-0.000914677562503949,0,0,0,0,4e-04,5000
223,20,"severe","85_15","extreme",0.1,"nk_majority","che_rve",9,FALSE,"alignment",0.9596,NA,0.0608,1.15490830532997,2.159316998944,0.887393573017163,-0.000981371231325787,0,0,0.0212,0,0,5000
223,20,"severe","85_15","extreme",0.1,"nk_majority","mlma",9,FALSE,"alignment",0.9486,NA,0.1014,0.628994404384089,NA,0.989129182756834,-0.000995926790364698,0,0,0.0082,0,0,5000
223,20,"severe","85_15","extreme",0.1,"nk_majority","mlma_cr2",9,FALSE,"alignment",0.96,NA,0.0608,1.15499360866679,2.15959589106627,0.887571970129398,-0.000995926790364698,0,0,0.0082,0,0,5000
224,20,"severe","85_15","extreme",0.1,"nk_minority","aggregate_hksj",10,FALSE,"alignment",0.9574,NA,0.216,0.334199413754384,18,1.0922998591913,-0.000418898241175081,0,0,0,0,4e-04,5000
224,20,"severe","85_15","extreme",0.1,"nk_minority","che_rve",10,FALSE,"alignment",0.9542,NA,0.184,0.38640166814141,4.15132121135752,0.942432953292141,-0.000376050097541214,0,0,0.033,0,0,5000
224,20,"severe","85_15","extreme",0.1,"nk_minority","mlma",10,FALSE,"alignment",0.915,NA,0.314,0.278841958696599,NA,0.978628576829702,-0.000343447605390429,0,0,0.0134,0,0,5000
224,20,"severe","85_15","extreme",0.1,"nk_minority","mlma_cr2",10,FALSE,"alignment",0.9568,NA,0.1776,0.391284483427951,3.95188045077827,0.942218989911044,-0.000343447605390429,0,0,0.0134,0,0,5000
143,40,"severe","85_15","extreme",0,"independent","aggregate_hksj",11,TRUE,"core",0.951,0.049,NA,0.276577065883663,38,0.984660892690861,-0.00123285099265721,0,0,0,0,0,5000
143,40,"severe","85_15","extreme",0,"independent","che_rve",11,TRUE,"core",0.9558,0.0442,NA,0.322206810886496,5.66475854627357,0.946080870478312,-0.000794834799437784,0,0,0.0096,0,0,5000
143,40,"severe","85_15","extreme",0,"independent","mlma",11,TRUE,"core",0.9416,0.0584,NA,0.267318767285073,NA,0.983549815354519,-0.00100683651793006,0,0,2e-04,0,0,5000
143,40,"severe","85_15","extreme",0,"independent","mlma_cr2",11,TRUE,"core",0.9574,0.0426,NA,0.324261516977735,5.93978676554752,0.948769488366732,-0.00100683651793006,0,0,2e-04,0,0,5000
225,40,"severe","85_15","extreme",0,"n_majority","aggregate_hksj",12,FALSE,"alignment",0.952,0.048,NA,0.410592973459555,38,0.990170295143889,-0.00172900950296118,0,0,0,0,0,5000
225,40,"severe","85_15","extreme",0,"n_majority","che_rve",12,FALSE,"alignment",0.95,0.05,NA,0.483857359688454,5.23040109042384,0.933412398010333,-0.0015857262331917,0,0,0.0088,0,0,5000
225,40,"severe","85_15","extreme",0,"n_majority","mlma",12,FALSE,"alignment",0.8828,0.1172,NA,0.337832227667616,NA,0.81176151186971,-0.000631253313805208,0,0,6e-04,0,0,5000
225,40,"severe","85_15","extreme",0,"n_majority","mlma_cr2",12,FALSE,"alignment",0.9488,0.0512,NA,0.507407984508553,4.43940300279957,0.887700721774707,-0.000631253313805208,0,0,6e-04,0,0,5000
226,40,"severe","85_15","extreme",0,"n_minority","aggregate_hksj",13,FALSE,"alignment",0.9416,0.0584,NA,0.240689597906238,38,0.978370486396881,0.000704839055689817,0,0,0,0,0,5000
226,40,"severe","85_15","extreme",0,"n_minority","che_rve",13,FALSE,"alignment",0.9468,0.0532,NA,0.266938123627283,7.38244621680657,0.950434883205013,0.000808053564798952,0,0,0.0104,0,0,5000
226,40,"severe","85_15","extreme",0,"n_minority","mlma",13,FALSE,"alignment",0.946,0.054,NA,0.245041871505446,NA,1.04153282200425,0.00080683502715344,0,0,2e-04,0,0,5000
226,40,"severe","85_15","extreme",0,"n_minority","mlma_cr2",13,FALSE,"alignment",0.953,0.047,NA,0.271428983606627,7.22891932555638,0.962027674686874,0.00080683502715344,0,0,2e-04,0,0,5000
227,40,"severe","85_15","extreme",0,"nk_majority","aggregate_hksj",14,FALSE,"alignment",0.9532,0.0468,NA,0.447028241986831,38,0.973499729384165,0.000667709439583932,0,0,0,0,0,5000
227,40,"severe","85_15","extreme",0,"nk_majority","che_rve",14,FALSE,"alignment",0.9574,0.0426,NA,0.544210984467214,5.37222280281694,0.953999770380059,0.000658688146068325,0,0,0.001,0,0,5000
227,40,"severe","85_15","extreme",0,"nk_majority","mlma",14,FALSE,"alignment",0.9516,0.0484,NA,0.441781244209458,NA,0.995007220561605,0.000670394301322323,0,0,0,0,0,5000
227,40,"severe","85_15","extreme",0,"nk_majority","mlma_cr2",14,FALSE,"alignment",0.9572,0.0428,NA,0.544249882389531,5.3725828301213,0.954244171485797,0.000670394301322323,0,0,0,0,0,5000
228,40,"severe","85_15","extreme",0,"nk_minority","aggregate_hksj",15,FALSE,"alignment",0.9618,0.0382,NA,0.230246625632701,38,1.08898520173603,-1.84854261730773e-05,0,0,0,0,0,5000
228,40,"severe","85_15","extreme",0,"nk_minority","che_rve",15,FALSE,"alignment",0.9446,0.0554,NA,0.224425109598678,9.79080284406501,0.961507832834331,-0.000125427209682232,0,0,0.0026,0,0,5000
228,40,"severe","85_15","extreme",0,"nk_minority","mlma",15,FALSE,"alignment",0.9276,0.0724,NA,0.200372211165452,NA,0.9825840785987,-0.000137780592752468,0,0,2e-04,0,0,5000
228,40,"severe","85_15","extreme",0,"nk_minority","mlma_cr2",15,FALSE,"alignment",0.9444,0.0556,NA,0.225361498219123,9.46621136210614,0.961553176508788,-0.000137780592752468,0,0,2e-04,0,0,5000
144,40,"severe","85_15","extreme",0.1,"independent","aggregate_hksj",16,TRUE,"core",0.9494,NA,0.3008,0.277268392654453,38,1.00155030231011,0.000744657396159948,0,0,0,0,0,5000
144,40,"severe","85_15","extreme",0.1,"independent","che_rve",16,TRUE,"core",0.9568,NA,0.239,0.323631650851235,5.68526564080042,0.958540568598478,0.000859592851464433,0,0,0.0114,0,0,5000
144,40,"severe","85_15","extreme",0.1,"independent","mlma",16,TRUE,"core",0.9426,NA,0.3302,0.268582666920268,NA,0.998571747525208,0.000816845993511714,0,0,6e-04,0,0,5000
144,40,"severe","85_15","extreme",0.1,"independent","mlma_cr2",16,TRUE,"core",0.9602,NA,0.2398,0.326212096552691,5.939357628008,0.964748310717775,0.000816845993511714,0,0,6e-04,0,0,5000
229,40,"severe","85_15","extreme",0.1,"n_majority","aggregate_hksj",17,FALSE,"alignment",0.9566,NA,0.1558,0.410019478787513,38,1.00222531711267,0.00123484513015369,0,0,0,0,0,5000
229,40,"severe","85_15","extreme",0.1,"n_majority","che_rve",17,FALSE,"alignment",0.9532,NA,0.1282,0.484846713289676,5.21618590208382,0.948698087861003,0.00129956945957906,0,0,0.01,0,0,5000
229,40,"severe","85_15","extreme",0.1,"n_majority","mlma",17,FALSE,"alignment",0.8862,NA,0.2782,0.337660382647947,NA,0.82380478564935,0.00165935013245568,0,0,2e-04,0,0,5000
229,40,"severe","85_15","extreme",0.1,"n_majority","mlma_cr2",17,FALSE,"alignment",0.9522,NA,0.131,0.510401958811904,4.42504520682715,0.905623913105401,0.00165935013245568,0,0,2e-04,0,0,5000
230,40,"severe","85_15","extreme",0.1,"n_minority","aggregate_hksj",18,FALSE,"alignment",0.9448,NA,0.3716,0.240109935484374,38,0.996868041331063,-0.000596554848145678,0,0,0,0,0,5000
230,40,"severe","85_15","extreme",0.1,"n_minority","che_rve",18,FALSE,"alignment",0.9528,NA,0.3236,0.264481030974212,7.37674778382642,0.971416774454834,-0.000527531096155692,0,0,0.0136,0,0,5000
230,40,"severe","85_15","extreme",0.1,"n_minority","mlma",18,FALSE,"alignment",0.955,NA,0.3594,0.244561723995026,NA,1.06740687057012,-0.00047560591722666,0,0,0,0,0,5000
230,40,"severe","85_15","extreme",0.1,"n_minority","mlma_cr2",18,FALSE,"alignment",0.9552,NA,0.3084,0.269322289842437,7.22320537831085,0.980068098165873,-0.00047560591722666,0,0,0,0,0,5000
231,40,"severe","85_15","extreme",0.1,"nk_majority","aggregate_hksj",19,FALSE,"alignment",0.955,NA,0.1458,0.446111888619049,38,0.981712625705958,0.00152772690635077,0,0,0,0,0,5000
231,40,"severe","85_15","extreme",0.1,"nk_majority","che_rve",19,FALSE,"alignment",0.9548,NA,0.114,0.542373959309961,5.3714748754357,0.959637738502443,0.00159853574121083,0,0,0.0016,0,0,5000
231,40,"severe","85_15","extreme",0.1,"nk_majority","mlma",19,FALSE,"alignment",0.9528,NA,0.1504,0.441707953147325,NA,1.00417270871504,0.00159681277475601,0,0,0,0,0,5000
231,40,"severe","85_15","extreme",0.1,"nk_majority","mlma_cr2",19,FALSE,"alignment",0.9546,NA,0.1138,0.542413540311571,5.37179291350534,0.959892233144254,0.00159681277475601,0,0,0,0,0,5000
232,40,"severe","85_15","extreme",0.1,"nk_minority","aggregate_hksj",20,FALSE,"alignment",0.9612,NA,0.3924,0.23042509995018,38,1.10317326429148,-0.000749046664274194,0,0,0,0,0,5000
232,40,"severe","85_15","extreme",0.1,"nk_minority","che_rve",20,FALSE,"alignment",0.9486,NA,0.4092,0.224766515535694,9.75997318861516,0.973662092575158,-0.000681045497252078,0,0,0.001,0,0,5000
232,40,"severe","85_15","extreme",0.1,"nk_minority","mlma",20,FALSE,"alignment",0.9344,NA,0.4904,0.200660510735205,NA,0.994732779835879,-0.000663523210193723,0,0,2e-04,0,0,5000
232,40,"severe","85_15","extreme",0.1,"nk_minority","mlma_cr2",20,FALSE,"alignment",0.9498,NA,0.4072,0.225753987473835,9.44227759420356,0.973648417994212,-0.000663523210193723,0,0,2e-04,0,0,5000
